id,title,genre_ids,release_date,original_language,popularity,vote_average,vote_count,genres,content_type
1169516,Welcome to the Jungle,"28, 35, 12, 80",25-06-2026,hi,597.0277,5.3,12,Action|Comedy|Adventure|Crime,Movie
1275779,Disclosure Day,"878, 53",10-06-2026,en,592.339,6.69,730,Science Fiction|Thriller,Movie
1084244,Toy Story 5,"16, 10751, 35, 12",17-06-2026,en,555.254,7.473,374,Animation|Family|Comedy|Adventure,Movie
1083381,Backrooms,"27, 9648, 878",27-05-2026,en,457.4145,6.85,791,Horror|Mystery|Science Fiction,Movie
1339713,Obsession,"27, 53",13-05-2026,en,419.6163,7.924,1084,Horror|Thriller,Movie
1273221,Scary Movie,"35, 27",03-06-2026,en,411.8607,5.499,380,Comedy|Horror,Movie
1127384,Deep Water,"53, 27",30-04-2026,en,344.3098,6.2,70,Thriller|Horror,Movie
936075,Michael,"10402, 18",22-04-2026,en,321.784,8.708,3166,Music|Drama,Movie
1081003,Supergirl,"28, 12, 878",24-06-2026,en,312.2982,6.19,237,Action|Adventure|Science Fiction,Movie
1301421,The Sheep Detectives,"35, 9648, 10751",30-04-2026,en,280.7778,7.796,536,Comedy|Mystery|Family,Movie
1392469,Cocktail 2,"10749, 35",19-06-2026,hi,253.7558,5.8,18,Romance|Comedy,Movie
931285,Mortal Kombat II,"28, 14, 12",06-05-2026,en,245.3861,7.983,1750,Action|Fantasy|Adventure,Movie
1523145,Your Heart Will Be Broken,10749,26-03-2026,ru,227.0988,7.024,106,Romance,Movie
1226293,Salitan,"18, 10749",16-02-2024,tl,205.5975,4.727,11,Drama|Romance,Movie
11012,Damage,"18, 10749",02-12-1992,en,185.0784,6.582,699,Drama|Romance,Movie
1226863,The Super Mario Galaxy Movie,"10751, 35, 12, 14, 16",01-04-2026,en,183.071,8.237,2889,Family|Comedy|Adventure|Fantasy|Animation,Movie
1228710,The Mandalorian and Grogu,"28, 12, 878",20-05-2026,en,164.1759,6.688,537,Action|Adventure|Science Fiction,Movie
614945,Voicemails for Isabelle,"10749, 35",20-06-2026,en,154.2945,8.35,337,Romance|Comedy,Movie
1239134,Bhooth Bangla,"27, 35",16-04-2026,hi,150.6479,5.512,43,Horror|Comedy,Movie
83533,Avatar: Fire and Ash,"878, 12, 14",17-12-2025,en,146.1621,7.607,3616,Science Fiction|Adventure|Fantasy,Movie
301528,Toy Story 4,"10751, 35, 16, 12",19-06-2019,en,142.2068,7.461,10654,Family|Comedy|Animation|Adventure,Movie
1397385,Little Brother,35,18-06-2026,en,142.1124,6.3,119,Comedy,Movie
1515729,Blast,"18, 28, 10751, 53",28-05-2026,ta,141.0984,7,23,Drama|Action|Family|Thriller,Movie
976912,Graphic Desires,"53, 80",31-08-2023,en,138.0224,7.093,108,Thriller|Crime,Movie
1280738,The Furious,"28, 80",10-06-2026,zh,135.5685,7.7,68,Action|Crime,Movie
1304313,Lee Cronin's The Mummy,"27, 9648",15-04-2026,en,134.7373,8.026,2015,Horror|Mystery,Movie
687163,Project Hail Mary,"878, 12",15-03-2026,en,129.8917,8.692,5495,Science Fiction|Adventure,Movie
1007757,Swapped,"12, 16, 10751, 14",01-05-2026,en,126.5761,8.956,1826,Adventure|Animation|Family|Fantasy,Movie
1477317,Your Fault: London,"10749, 18",17-06-2026,en,126.4997,7.547,139,Romance|Drama,Movie
980431,Avatar Aang: The Last Airbender,"28, 12, 16, 14",09-10-2026,en,125.9215,0,0,Action|Adventure|Animation|Fantasy,Movie
1413976,Citizen Vigilante,"53, 28, 80",19-06-2026,en,120.5499,6.9,130,Thriller|Action|Crime,Movie
1439930,The Punisher: One Last Kill,"28, 18, 80",12-05-2026,en,118.237,8.348,1744,Action|Drama|Crime,Movie
862,Toy Story,"10751, 35, 16, 12",22-11-1995,en,116.3111,7.979,20052,Family|Comedy|Animation|Adventure,Movie
28322,Madness,"53, 28, 80",20-03-1980,it,116.3093,5.265,34,Thriller|Action|Crime,Movie
278,The Shawshank Redemption,"18, 80",23-09-1994,en,110.5352,8.723,30650,Drama|Crime,Movie
949536,Kill Code,"28, 53, 878",16-04-2026,en,109.7727,5.5,12,Action|Thriller|Science Fiction,Movie
1288341,Seven Snipers,"28, 53",30-04-2026,en,108.6223,5.788,40,Action|Thriller,Movie
1315772,Minions & Monsters,"12, 16, 35, 10751, 14",24-06-2026,en,105.2736,6.891,32,Adventure|Animation|Comedy|Family|Fantasy,Movie
1122573,In the Grey,"28, 53",13-05-2026,en,103.4169,6.649,281,Action|Thriller,Movie
1359685,El mal,"53, 27",16-01-2026,es,103.3011,6,2,Thriller|Horror,Movie
1311031,Demon Slayer: Kimetsu no Yaiba Infinity Castle,"16, 28, 14",18-07-2025,ja,103.0406,7.729,876,Animation|Action|Fantasy,Movie
454639,Masters of the Universe,"28, 14, 878",03-06-2026,en,101.7056,7.1,340,Action|Fantasy|Science Fiction,Movie
140638,"Pussycat, Pussycat, I Love You",35,25-03-1970,en,100.389,4.5,23,Comedy,Movie
1327819,Hoppers,"12, 16, 35, 10751, 878",04-03-2026,en,100.0456,8.195,1762,Adventure|Animation|Comedy|Family|Science Fiction,Movie
1367220,Karuppu,"28, 14",14-05-2026,ta,88.6273,6.75,20,Action|Fantasy,Movie
1057265,Peddi,"28, 18",03-06-2026,te,86.422,6.104,53,Action|Drama,Movie
1380291,Tom Clancy's Jack Ryan: Ghost War,"28, 53",20-05-2026,en,85.5078,7.027,621,Action|Thriller,Movie
1694978,Chum,27,27-05-2026,en,82.9879,4.8,19,Horror,Movie
1419406,The Shadow's Edge,"28, 80, 18, 53",16-08-2025,zh,82.8785,7.837,919,Action|Crime|Drama|Thriller,Movie
1430077,Hokum,27,29-04-2026,en,80.447,6.884,437,Horror,Movie
1241752,Rita,18,22-03-2024,tl,79.8988,6,24,Drama,Movie
1103473,KD – The Devil,"36, 80, 28, 14",30-04-2026,kn,78.4214,7.5,2,History|Crime|Action|Fantasy,Movie
47612,Au Bonheur des Dames,"18, 10749",03-07-1930,fr,75.2405,6.426,34,Drama|Romance,Movie
969681,Spider-Man: Brand New Day,"878, 28, 12",29-07-2026,en,74.8606,0,0,Science Fiction|Action|Adventure,Movie
1084242,Zootopia 2,"16, 12, 35, 9648, 10751",26-11-2025,en,74.6653,7.669,3008,Animation|Adventure|Comedy|Mystery|Family,Movie
1582770,Dhurandhar: The Revenge,"28, 80, 53",18-03-2026,hi,71.5316,7.4,125,Action|Crime|Thriller,Movie
1318447,Apex,"53, 28, 27",24-04-2026,en,69.7996,6.823,1548,Thriller|Action|Horror,Movie
479787,Lost Youth,10749,24-09-1982,ko,69.0412,0,0,Romance,Movie
1314481,The Devil Wears Prada 2,"35, 18",29-04-2026,en,67.9473,6.688,926,Comedy|Drama,Movie
1340206,Tuner,"80, 18, 10402, 53",21-05-2026,en,67.6641,7.2,114,Crime|Drama|Music|Thriller,Movie
157336,Interstellar,"12, 18, 878",05-11-2014,en,66.8713,8.479,40143,Adventure|Drama|Science Fiction,Movie
424711,Poppea's Hot Nights,35,01-01-1969,it,64.7959,4.7,5,Comedy,Movie
137051,Midnight Matinee,"27, 9648, 53, 10770",12-10-1988,en,64.735,5.4,7,Horror|Mystery|Thriller|TV Movie,Movie
1217584,Torrente for President,35,13-03-2026,es,64.0669,6.013,75,Comedy,Movie
1462591,Hot Line,27,28-10-2025,es,63.6008,10,1,Horror,Movie
39688,Like a Brother,"18, 10749",17-04-2005,fr,61.8681,4.2,24,Drama|Romance,Movie
755898,War of the Worlds,"878, 53",29-07-2025,en,61.3682,4.1,1018,Science Fiction|Thriller,Movie
920728,We Want Now,10749,20-04-2016,ko,60.8867,0,0,Romance,Movie
1297842,GOAT,"16, 35, 10751",11-02-2026,en,60.7793,8.114,854,Animation|Comedy|Family,Movie
1084187,Pretty Lethal,"10402, 53, 28, 27",13-03-2026,en,59.0423,6.752,425,Music|Thriller|Action|Horror,Movie
10193,Toy Story 3,"16, 10751, 35",16-06-2010,en,58.1492,7.811,15854,Animation|Family|Comedy,Movie
1543151,King Kaew,"27, 80, 18",29-01-2026,th,57.1985,2.5,2,Horror|Crime|Drama,Movie
405871,On the Beach,18,24-08-1985,ja,56.9144,5.6,21,Drama,Movie
350,The Devil Wears Prada,"18, 35",29-06-2006,en,56.8805,7.4,13807,Drama|Comedy,Movie
840464,Greenland 2: Migration,"12, 53, 878",07-01-2026,en,56.8732,6.427,1263,Adventure|Thriller|Science Fiction,Movie
1227241,Maa Inti Bangaram,"28, 53, 18",18-06-2026,te,55.4633,6.3,3,Action|Thriller|Drama,Movie
1219739,Heresy,"18, 27, 9648",25-01-2024,nl,55.3356,6.056,27,Drama|Horror|Mystery,Movie
687259,Ghost Stories,27,01-01-1982,zh,54.945,6.2,2,Horror,Movie
1398050,Driver's Ed,35,13-09-2025,en,54.8936,6.919,31,Comedy,Movie
299536,Avengers: Infinity War,"12, 28, 878",25-04-2018,en,54.7009,8.237,32180,Adventure|Action|Science Fiction,Movie
1431068,Main Vaapas Aaunga,"10749, 18",10-06-2026,hi,54.0493,6.5,8,Romance|Drama,Movie
863,Toy Story 2,"16, 35, 10751",30-10-1999,en,52.9155,7.613,15013,Animation|Comedy|Family,Movie
1290821,Shelter,"28, 80, 53",28-01-2026,en,52.7771,7.691,1346,Action|Crime|Thriller,Movie
1368166,The Housemaid,"9648, 53",18-12-2025,en,52.6043,7.262,2523,Mystery|Thriller,Movie
634649,Spider-Man: No Way Home,"28, 12, 878",15-12-2021,en,51.9908,7.933,22133,Action|Adventure|Science Fiction,Movie
39254,Real Steel,"28, 878, 18",28-09-2011,en,51.9815,7.114,9268,Action|Science Fiction|Drama,Movie
1308553,Hai Jawani Toh Ishq Hona Hai,"10749, 35",04-06-2026,hi,51.8308,5.636,22,Romance|Comedy,Movie
1245398,True Fear,27,06-09-2024,sv,50.8296,6.6,9,Horror,Movie
603,The Matrix,"28, 878",31-03-1999,en,50.779,8.25,28093,Action|Science Fiction,Movie
1451344,Husbands in Action,"35, 28",15-06-2026,ko,50.6053,7.443,61,Comedy|Action,Movie
1242898,Predator: Badlands,"28, 878, 12",05-11-2025,en,49.3225,7.809,3187,Action|Science Fiction|Adventure,Movie
1522126,1000 Men and Me: The Bonnie Blue Story,"99, 10770",29-07-2025,en,49.2597,5.2,22,Documentary|TV Movie,Movie
1522333,Carry On Jatta 4,35,26-06-2026,pa,49.0706,8,1,Comedy,Movie
264980,Loves of a French Pussycat,35,09-03-1972,de,48.8943,4.2,9,Comedy,Movie
1010581,My Fault,"18, 10749, 53",08-06-2023,es,48.701,7.733,4110,Drama|Romance|Thriller,Movie
5082,The Traveling Companion,35,03-01-1981,it,47.6866,4.682,11,Comedy,Movie
1358005,Office Romance,"10749, 35",04-06-2026,en,46.5469,6.483,270,Romance|Comedy,Movie
1480387,undertone,"27, 9648",12-03-2026,en,46.3286,6.2,291,Horror|Mystery,Movie
1463681,Southern Scares,"27, 9648",10-01-2026,en,45.6763,4,1,Horror|Mystery,Movie
155,The Dark Knight,"28, 80, 53",16-07-2008,en,45.4795,8.531,35985,Action|Crime|Thriller,Movie
1292415,Beast,"28, 18",10-04-2026,en,45.2783,6.3,62,Action|Drama,Movie
1318413,Pressure,"53, 36, 10752",25-05-2026,en,45.2675,7.613,106,Thriller|History|War,Movie
1472951,Infiltrate,"28, 53",10-04-2026,en,44.9629,5.7,20,Action|Thriller,Movie
208469,XX: Beautiful Weapon,"28, 18, 80, 53",22-12-1993,ja,44.6769,8.938,8,Action|Drama|Crime|Thriller,Movie
1613798,Vengeance,"28, 53",26-02-2026,es,44.2996,7.502,265,Action|Thriller,Movie
1061474,Superman,"878, 12, 28",09-07-2025,en,44.2986,7.337,4953,Science Fiction|Adventure|Action,Movie
1159559,Scream 7,"27, 9648, 80",25-02-2026,en,44.1779,6.192,1094,Horror|Mystery|Crime,Movie
1002398,Virgin,"18, 10749",29-10-2024,tl,44.1712,6.7,23,Drama|Romance,Movie
1368337,The Odyssey,"12, 28, 14",15-07-2026,en,42.8829,0,0,Adventure|Action|Fantasy,Movie
1658216,Stepdaddy,18,04-04-2026,tl,42.8596,5.3,3,Drama,Movie
1083884,Signal One,"9648, 878",05-06-2026,en,42.8273,6.7,27,Mystery|Science Fiction,Movie
1246049,Dracula,"27, 14, 10749",30-07-2025,fr,42.6095,7.175,1302,Horror|Fantasy|Romance,Movie
1171145,Crime 101,"80, 53",11-02-2026,en,42.2128,7,1117,Crime|Thriller,Movie
122,The Lord of the Rings: The Return of the King,"12, 14, 28",17-12-2003,en,42.0564,8.5,26722,Adventure|Fantasy|Action,Movie
24428,The Avengers,"878, 28, 12",25-04-2012,en,41.9839,8.049,38549,Science Fiction|Action|Adventure,Movie
238,The Godfather,"18, 80",14-03-1972,en,40.9483,8.687,23089,Drama|Crime,Movie
27205,Inception,"28, 878, 12",15-07-2010,en,40.6083,8.372,39440,Action|Science Fiction|Adventure,Movie
48650,Room in Rome,"18, 10749",07-05-2010,es,40.4575,6.409,835,Drama|Romance,Movie
671,Harry Potter and the Philosopher's Stone,"12, 14",16-11-2001,en,40.3903,7.899,29711,Adventure|Fantasy,Movie
235271,Addicted,"18, 53",10-10-2014,en,40.2482,5.91,451,Drama|Thriller,Movie
803796,KPop Demon Hunters,"14, 10402, 35, 16",20-06-2025,en,39.9859,8.021,2935,Fantasy|Music|Comedy|Animation,Movie
755679,Fast Forever,"28, 80, 53",16-03-2028,en,39.5822,0,0,Action|Crime|Thriller,Movie
1699820,Vibeland Chronicles,53,02-01-2026,en,39.4515,4,1,Thriller,Movie
1265609,War Machine,"28, 878, 53",12-02-2026,en,39.4259,7.409,1991,Action|Science Fiction|Thriller,Movie
1390300,Over Your Dead Body,"28, 35, 53",14-03-2026,en,39.3388,6.521,362,Action|Comedy|Thriller,Movie
680,Pulp Fiction,"53, 80, 35",10-09-1994,en,39.3278,8.482,30347,Thriller|Crime|Comedy,Movie
1325734,The Drama,"10749, 35, 18",01-04-2026,en,39.272,6.9,1106,Romance|Comedy|Drama,Movie
120,The Lord of the Rings: The Fellowship of the Ring,"12, 14, 28",18-12-2001,en,38.7837,8.436,27744,Adventure|Fantasy|Action,Movie
1110034,Kraken,"27, 28, 53",06-02-2026,no,38.7602,6.399,183,Horror|Action|Thriller,Movie
129,Spirited Away,"16, 10751, 14",20-07-2001,ja,38.6223,8.5,18461,Animation|Family|Fantasy,Movie
1375646,Colony,"28, 53, 27",21-05-2026,ko,38.0751,6.98,75,Action|Thriller|Horror,Movie
808,Shrek,"16, 35, 14, 12, 10751",18-05-2001,en,37.3571,7.767,18861,Animation|Comedy|Fantasy|Adventure|Family,Movie
17073,American Swing,99,17-10-2009,en,37.3364,5.1,18,Documentary,Movie
1486860,Haunted 3D: Echoes of the Past,"27, 10749, 53",12-06-2026,hi,37.1133,10,1,Horror|Romance|Thriller,Movie
1064028,Subservience,"27, 878, 53",15-08-2024,en,36.9743,6.609,1027,Horror|Science Fiction|Thriller,Movie
1184918,The Wild Robot,"10751, 16, 878, 12",12-09-2024,en,36.8017,8.3,6196,Family|Animation|Science Fiction|Adventure,Movie
1198994,Send Help,"27, 53, 35",22-01-2026,en,36.3453,7.041,1857,Horror|Thriller|Comedy,Movie
1291608,Dhurandhar,"28, 80, 53",05-12-2025,hi,36.2946,7.278,315,Action|Crime|Thriller,Movie
44980,Zero Woman 2,"28, 53",05-09-1995,ja,36.1424,5,8,Action|Thriller,Movie
1630423,My Dearest Assassin,"28, 18, 10749",06-05-2026,th,35.9831,8.645,256,Action|Drama|Romance,Movie
226674,The Adolescent,18,24-01-1979,fr,35.9168,4.5,15,Drama,Movie
496243,Parasite,"35, 53, 18",30-05-2019,ko,35.8259,8.492,20796,Comedy|Thriller|Drama,Movie
927611,Dangerous Relationship: Professor and Female College Student,"18, 10749",01-04-2021,ko,35.4005,6,2,Drama|Romance,Movie
979,Irreversible,"18, 53, 80",22-05-2002,fr,34.8485,7.181,3328,Drama|Thriller|Crime,Movie
1418657,The Yeti,"27, 53",04-04-2026,en,34.6192,6.282,62,Horror|Thriller,Movie
1294203,My Fault: London,"18, 10749",12-02-2025,en,34.3169,7.382,591,Drama|Romance,Movie
1020047,In the Hand of Dante,"18, 80",12-06-2026,en,34.1846,5.367,30,Drama|Crime,Movie
1202285,Porn,99,16-05-2023,fr,34.1645,7.4,7,Documentary,Movie
1125257,Freakier Friday,"35, 14, 10751",06-08-2025,en,34.1053,6.778,725,Comedy|Fantasy|Family,Movie
911430,F1,"28, 18",25-06-2025,en,34.0834,7.807,4160,Action|Drama,Movie
19995,Avatar,"878, 28, 12",16-12-2009,en,34.0338,7.607,34120,Science Fiction|Action|Adventure,Movie
585,"Monsters, Inc.","16, 35, 10751, 14",01-11-2001,en,33.9896,7.852,19873,Animation|Comedy|Family|Fantasy,Movie
1156594,Our Fault,"10749, 18",15-10-2025,es,33.9138,7.377,698,Romance|Drama,Movie
1699155,Maternal Instinct,"99, 80",11-06-2026,en,33.7208,7.172,87,Documentary|Crime,Movie
1234821,Jurassic World Rebirth,"878, 12, 28",23-06-2025,en,33.7195,6.273,3461,Science Fiction|Adventure|Action,Movie
76600,Avatar: The Way of Water,"28, 12, 878",14-12-2022,en,33.3126,7.594,14245,Action|Adventure|Science Fiction,Movie
1438392,Euphoria,18,06-02-2026,te,33.2812,3.8,2,Drama,Movie
569094,Spider-Man: Across the Spider-Verse,"16, 28, 12, 878",31-05-2023,en,33.1938,8.3,8714,Animation|Action|Adventure|Science Fiction,Movie
1305781,Blades of the Guardians,"28, 12",17-02-2026,zh,33.1237,7,75,Action|Adventure,Movie
533535,Deadpool & Wolverine,"28, 35, 878",24-07-2024,en,33.0425,7.6,8833,Action|Comedy|Science Fiction,Movie
550,Fight Club,"18, 53",15-10-1999,en,33.0277,8.438,32241,Drama|Thriller,Movie
1167307,David,"16, 18, 10751, 36",14-12-2025,en,32.9609,8.074,156,Animation|Drama|Family|History,Movie
597,Titanic,"18, 10749",18-12-1997,en,32.8529,7.902,27272,Drama|Romance,Movie
1671548,Dear You,"18, 10751, 35",30-04-2026,zh,32.6093,9.136,33,Drama|Family|Comedy,Movie
980477,Ne Zha 2,"16, 28, 14, 12",29-01-2025,zh,32.3747,8.156,733,Animation|Action|Fantasy|Adventure,Movie
4247,Scary Movie,35,07-07-2000,en,32.3733,6.418,7897,Comedy,Movie
1227877,I Love Boosters,"35, 878, 80",21-05-2026,en,32.1546,5.932,59,Comedy|Science Fiction|Crime,Movie
950387,A Minecraft Movie,"10751, 14, 35, 12",31-03-2025,en,32.1158,6.3,3060,Family|Fantasy|Comedy|Adventure,Movie
1591834,Familia a la deriva,"10751, 35",22-01-2026,es,31.7727,8.442,104,Family|Comedy,Movie
1292695,They Will Kill You,"27, 35, 28",25-03-2026,en,31.6578,7.006,846,Horror|Comedy|Action,Movie
557,Spider-Man,"28, 878",01-05-2002,en,31.4266,7.333,20775,Action|Science Fiction,Movie
1284465,The Death of Robin Hood,"12, 18, 53, 28",18-06-2026,en,31.37,6.8,34,Adventure|Drama|Thriller|Action,Movie
10681,WALL·E,"16, 10751, 878",26-06-2008,en,31.3397,8.114,20403,Animation|Family|Science Fiction,Movie
384527,Sweet Hot Lisa,18,28-03-1980,it,31.3269,4.9,13,Drama,Movie
299534,Avengers: Endgame,"12, 878, 28",24-04-2019,en,31.2626,8.2,27924,Adventure|Science Fiction|Action,Movie
335984,Blade Runner 2049,"878, 18",04-10-2017,en,31.1987,7.596,15241,Science Fiction|Drama,Movie
1038392,The Conjuring: Last Rites,27,03-09-2025,en,31.0683,6.937,1924,Horror,Movie
337167,Fifty Shades Freed,"18, 10749",17-01-2018,en,30.989,6.67,8374,Drama|Romance,Movie
519182,Despicable Me 4,"28, 16, 35, 10751, 878",20-06-2024,en,30.9552,7,3231,Action|Animation|Comedy|Family|Science Fiction,Movie
372058,Your Name.,"16, 10749, 18",01-07-2016,ja,30.533,8.481,12652,Animation|Romance|Drama,Movie
1168190,The Wrecking Crew,"28, 35, 80, 9648",28-01-2026,en,30.4309,7.037,1102,Action|Comedy|Crime|Mystery,Movie
1022789,Inside Out 2,"16, 12, 35, 10751",11-06-2024,en,30.3662,7.542,6746,Animation|Adventure|Comedy|Family,Movie
1272837,28 Years Later: The Bone Temple,"27, 53, 878",14-01-2026,en,30.3279,7.12,1344,Horror|Thriller|Science Fiction,Movie
14836,Coraline,"16, 10751, 14",05-02-2009,en,30.2852,7.916,9075,Animation|Family|Fantasy,Movie
1284016,Power Ballad,"35, 10402, 18",18-05-2026,en,29.8295,7.1,43,Comedy|Music|Drama,Movie
1156593,Your Fault,"18, 10749",26-12-2024,es,29.7854,7.084,1573,Drama|Romance,Movie
744275,After We Fell,"18, 10749",01-09-2021,en,29.6247,7.003,2749,Drama|Romance,Movie
1579,Apocalypto,"28, 18, 36",07-12-2006,en,29.6163,7.645,6455,Action|Drama|History,Movie
121,The Lord of the Rings: The Two Towers,"12, 14, 28",18-12-2002,en,29.4986,8.421,24043,Adventure|Fantasy|Action,Movie
872585,Oppenheimer,"18, 36",19-07-2023,en,29.4344,8.025,11907,Drama|History,Movie
324857,Spider-Man: Into the Spider-Verse,"16, 28, 12, 878",06-12-2018,en,29.1211,8.392,17343,Animation|Action|Adventure|Science Fiction,Movie
1564614,Leviticus,"27, 10749",17-06-2026,en,29.081,7,23,Horror|Romance,Movie
77338,The Intouchables,"18, 35",02-11-2011,fr,28.9529,8.272,18501,Drama|Comedy,Movie
497,The Green Mile,"14, 18, 80",10-12-1999,en,28.7295,8.5,19375,Fantasy|Drama|Crime,Movie
240,The Godfather Part II,"18, 80",20-12-1974,en,28.6729,8.571,14004,Drama|Crime,Movie
1715978,RedLine,"28, 35, 18",16-06-2026,su,28.4634,10,2,Action|Comedy|Drama,Movie
1599189,剑来院线剧场版 十三之争,"16, 28, 12",01-05-2026,zh,28.4424,0,0,Animation|Action|Adventure,Movie
1241982,Moana 2,"12, 16, 35, 10751, 14",21-11-2024,en,28.4338,7.006,3113,Adventure|Animation|Comedy|Family|Fantasy,Movie
27,9 Songs,"18, 10402, 10749",16-07-2004,en,28.3996,5.537,582,Drama|Music|Romance,Movie
361743,Top Gun: Maverick,"28, 18",21-05-2022,en,28.3899,8.159,11095,Action|Drama,Movie
1266127,Ready or Not: Here I Come,"53, 27, 35",19-03-2026,en,28.2636,7.7,1125,Thriller|Horror|Comedy,Movie
1218925,Chainsaw Man - The Movie: Reze Arc,"16, 28, 10749, 14",19-09-2025,ja,28.136,8.4,972,Animation|Action|Romance|Fantasy,Movie
1536233,The Summoning of Baby Blue,27,15-10-2025,en,28.1027,4.741,27,Horror,Movie
1330021,Remarkably Bright Creatures,"18, 9648, 14",07-05-2026,en,27.9563,8.574,680,Drama|Mystery|Fantasy,Movie
438631,Dune,"878, 12",15-09-2021,en,27.953,7.8,15010,Science Fiction|Adventure,Movie
315635,Spider-Man: Homecoming,"28, 12, 878",05-07-2017,en,27.8756,7.3,23260,Action|Adventure|Science Fiction,Movie
933260,The Substance,"27, 878, 53",07-09-2024,en,27.7002,7.133,6108,Horror|Science Fiction|Thriller,Movie
1530510,Mexico 86,"35, 36, 18",21-05-2026,es,27.6684,7.7,90,Comedy|History|Drama,Movie
1146058,The Pout-Pout Fish,"16, 10751, 12, 35",01-01-2026,en,27.6219,5.5,11,Animation|Family|Adventure|Comedy,Movie
1233413,Sinners,"27, 28, 53",16-04-2025,en,27.478,7.493,4695,Horror|Action|Thriller,Movie
1117898,The Cat in the Hat,"16, 35, 14, 12, 10751",05-11-2026,en,27.4744,0,0,Animation|Comedy|Fantasy|Adventure|Family,Movie
8587,The Lion King,"16, 10751, 18",15-06-1994,en,27.4584,8.3,19775,Animation|Family|Drama,Movie
150540,Inside Out,"16, 10751, 12, 18, 35",17-06-2015,en,27.3744,7.908,23546,Animation|Family|Adventure|Drama|Comedy,Movie
424,Schindler's List,"18, 36, 10752",15-12-1993,en,27.3547,8.57,17556,Drama|History|War,Movie
324786,Hacksaw Ridge,"18, 36, 10752",07-10-2016,en,27.0963,8.19,14931,Drama|History|War,Movie
693134,Dune: Part Two,"878, 12",27-02-2024,en,27.0182,8.125,8078,Science Fiction|Adventure,Movie
1038918,Magistrate Woman Prison Collection II,"18, 36",21-09-1995,ja,26.859,6,1,Drama|History,Movie
1108427,Moana,"10751, 14, 35, 12",08-07-2026,en,26.8108,0,0,Family|Fantasy|Comedy|Adventure,Movie
22,Pirates of the Caribbean: The Curse of the Black Pearl,"12, 14, 28",09-07-2003,en,26.7712,7.827,22351,Adventure|Fantasy|Action,Movie
13,Forrest Gump,"35, 18, 10749",23-06-1994,en,26.7405,8.464,29893,Comedy|Drama|Romance,Movie
254128,San Andreas,"28, 18, 53",27-05-2015,en,26.6473,6.246,9053,Action|Drama|Thriller,Movie
575265,Mission: Impossible - The Final Reckoning,"28, 53, 12",17-05-2025,en,26.5771,7.172,2893,Action|Thriller|Adventure,Movie
414906,The Batman,"80, 9648, 53",01-03-2022,en,26.5672,7.662,12061,Crime|Mystery|Thriller,Movie
1207162,Rise of the Conqueror,"36, 28, 12, 10752",09-04-2026,en,26.539,6.176,17,History|Action|Adventure|War,Movie
1351908,Bharat Bhhagya Viddhaata,"18, 53",12-06-2026,hi,26.4952,0,0,Drama|Thriller,Movie
672,Harry Potter and the Chamber of Secrets,"12, 14",13-11-2002,en,26.4078,7.705,23679,Adventure|Fantasy,Movie
244786,Whiplash,"18, 10402, 53",10-10-2014,en,26.2939,8.375,16715,Drama|Music|Thriller,Movie
1662317,The Crash,"99, 80",14-05-2026,en,26.2031,6.922,128,Documentary|Crime,Movie
460465,Mortal Kombat,"28, 14, 12",07-04-2021,en,26.0014,7.049,6834,Action|Fantasy|Adventure,Movie
1641319,Sniper: No Nation,"28, 53",07-04-2026,en,25.9626,6.7,62,Action|Thriller,Movie
16869,Inglourious Basterds,"18, 53, 10752",02-08-2009,en,25.8471,8.216,24300,Drama|Thriller|War,Movie
1087192,How to Train Your Dragon,"14, 10751, 28, 12",06-06-2025,en,25.7699,7.9,2901,Fantasy|Family|Action|Adventure,Movie
1084577,Balls Up,"35, 28, 12",15-04-2026,en,25.7022,5.869,272,Comedy|Action|Adventure,Movie
1556616,Summer House,"10749, 10751, 18, 9648",06-06-2026,tr,25.604,7.6,14,Romance|Family|Drama|Mystery,Movie
502356,The Super Mario Bros. Movie,"10751, 35, 12, 14, 16",05-04-2023,en,25.5728,7.603,10837,Family|Comedy|Adventure|Fantasy|Animation,Movie
807,Se7en,"80, 9648, 53",22-09-1995,en,25.5554,8.381,23231,Crime|Mystery|Thriller,Movie
769,GoodFellas,"18, 80",12-09-1990,en,25.5186,8.454,14453,Drama|Crime,Movie
269149,Zootopia,"16, 12, 10751, 35",11-02-2016,en,25.4115,7.764,18198,Animation|Adventure|Family|Comedy,Movie
857,Saving Private Ryan,"10752, 18, 36",24-07-1998,en,25.4002,8.228,17356,War|Drama|History,Movie
99861,Avengers: Age of Ultron,"28, 12, 878",22-04-2015,en,25.3924,7.274,24539,Action|Adventure|Science Fiction,Movie
1554631,La Familia Del Barrio: La Maldición del Quinto Partido,"35, 16",23-04-2026,es,25.3095,9.294,34,Comedy|Animation,Movie
216015,Fifty Shades of Grey,"18, 10749, 53",11-02-2015,en,25.2564,5.9,12426,Drama|Romance|Thriller,Movie
12,Finding Nemo,"16, 10751, 12",30-05-2003,en,25.2476,7.819,20634,Animation|Family|Adventure,Movie
2062,Ratatouille,"16, 35, 10751, 14",28-06-2007,en,25.0865,7.8,18573,Animation|Comedy|Family|Fantasy,Movie
425274,Now You See Me: Now You Don't,"80, 53",12-11-2025,en,25.078,6.491,1598,Crime|Thriller,Movie
1197306,A Working Man,"28, 80, 53",26-03-2025,en,25.0628,6.695,1963,Action|Crime|Thriller,Movie
1584215,The Internship,28,13-01-2026,en,25.0419,6.74,105,Action,Movie
249397,Nymphomaniac: Vol. II,"18, 9648",25-12-2013,en,25.0394,6.714,3203,Drama|Mystery,Movie
1470130,The Mortuary Assistant,"27, 9648",13-02-2026,en,24.9028,5.433,119,Horror|Mystery,Movie
104226,Bikini Time Machine,35,15-03-2011,en,24.8472,5.3,19,Comedy,Movie
354912,Coco,"10751, 16, 10402, 12",27-10-2017,en,24.8467,8.198,21065,Family|Animation|Music|Adventure,Movie
432123,Savior,18,01-12-2015,en,24.7769,0,0,Drama,Movie
673,Harry Potter and the Prisoner of Azkaban,"12, 14",31-05-2004,en,24.7521,8.008,23255,Adventure|Fantasy,Movie
1712447,Fight Dirty,"28, 10749, 35, 18",15-05-2026,en,24.741,10,1,Action|Romance|Comedy|Drama,Movie
1285366,Shape of My Heart,10749,06-07-2024,ja,24.7164,5,3,Romance,Movie
1428990,This Is Not a Test,"53, 27",20-02-2026,en,24.6675,5.391,64,Thriller|Horror,Movie
269955,Obsessed,"18, 10749",14-05-2014,ko,24.6233,6.7,82,Drama|Romance,Movie
1383731,Protector,"28, 53",20-02-2026,en,24.5341,8.545,380,Action|Thriller,Movie
1266990,Kulong,18,24-05-2024,tl,24.4802,6.417,18,Drama,Movie
939243,Sonic the Hedgehog 3,"28, 878, 35, 10751",19-12-2024,en,24.437,7.613,3321,Action|Science Fiction|Comedy|Family,Movie
106646,The Wolf of Wall Street,"80, 18, 35",25-12-2013,en,24.3881,8.028,26034,Crime|Drama|Comedy,Movie
1539104,JUJUTSU KAISEN: Execution,"16, 28, 14",07-11-2025,ja,24.2502,6,100,Animation|Action|Fantasy,Movie
912378,Dridam,"80, 53",08-05-2026,ml,24.2114,4.833,6,Crime|Thriller,Movie
12445,Harry Potter and the Deathly Hallows: Part 2,"12, 14",12-07-2011,en,24.1913,8.079,22066,Adventure|Fantasy,Movie
418577,Quest of the Sex: Rumble in the Women's Empire,35,12-09-2003,cn,24.1313,5.5,2,Comedy,Movie
389,12 Angry Men,18,10-04-1957,en,24.0207,8.6,10075,Drama,Movie
1290417,Thrash,"27, 53",10-04-2026,en,24.0154,6.054,664,Horror|Thriller,Movie
4935,Howl's Moving Castle,"14, 16, 12",09-09-2004,ja,23.9607,8.388,11160,Fantasy|Animation|Adventure,Movie
526024,Boy Undone,18,31-05-2017,es,23.9285,4.8,20,Drama,Movie
991494,The SpongeBob Movie: Search for SquarePants,"12, 16, 35, 10751, 14",16-12-2025,en,23.8579,6.8,309,Adventure|Animation|Comedy|Family|Fantasy,Movie
98,Gladiator,"28, 18, 12",04-05-2000,en,23.7182,8.226,21008,Action|Drama|Adventure,Movie
20352,Despicable Me,"16, 35, 80, 10751, 878",08-07-2010,en,23.3607,7.3,16103,Animation|Comedy|Crime|Family|Science Fiction,Movie
177572,Big Hero 6,"12, 10751, 16, 28, 35",24-10-2014,en,23.2716,7.725,16645,Adventure|Family|Animation|Action|Comedy,Movie
1417285,The Stain,"27, 53, 10749",26-02-2026,th,23.157,4,2,Horror|Thriller|Romance,Movie
674,Harry Potter and the Goblet of Fire,"12, 14",16-11-2005,en,23.1529,7.803,22262,Adventure|Fantasy,Movie
11216,Cinema Paradiso,"18, 10749",17-11-1988,it,23.1313,8.4,4862,Drama|Romance,Movie
346698,Barbie,"35, 12, 14",19-07-2023,en,23.102,6.918,11179,Comedy|Adventure|Fantasy,Movie
1293550,Bandar,53,05-06-2026,hi,23.0959,6.5,2,Thriller,Movie
617126,The Fantastic 4: First Steps,"878, 12, 28",23-07-2025,en,23.0568,7,3444,Science Fiction|Adventure|Action,Movie
405746,Door,"27, 9648, 53",14-05-1988,ja,23.0468,6.161,28,Horror|Mystery|Thriller,Movie
429,"The Good, the Bad and the Ugly",37,23-12-1966,it,22.9502,8.467,9715,Western,Movie
10895,Pinocchio,"16, 10751, 14",23-02-1940,en,22.9134,7.111,6270,Animation|Family|Fantasy,Movie
1930,The Amazing Spider-Man,"28, 12, 878",23-06-2012,en,22.8694,6.74,18601,Action|Adventure|Science Fiction,Movie
1679791,M4M: Motive for Murder,"80, 9648, 53",07-05-2026,te,22.8021,0,0,Crime|Mystery|Thriller,Movie
1306368,The Rip,"28, 53, 80",13-01-2026,en,22.724,7.086,1701,Action|Thriller|Crime,Movie
396535,Train to Busan,"28, 27, 53",20-07-2016,ko,22.6865,7.8,8441,Action|Horror|Thriller,Movie
12444,Harry Potter and the Deathly Hallows: Part 1,"12, 14",17-11-2010,en,22.5026,7.734,20457,Adventure|Fantasy,Movie
1414413,Brothers Under Fire,"28, 53, 9648, 18",15-04-2026,en,22.321,5.766,32,Action|Thriller|Mystery|Drama,Movie
73861,A Serbian Film,"80, 27, 53",06-01-2010,sr,22.2297,5.4,2222,Crime|Horror|Thriller,Movie
950396,The Gorge,"10749, 878, 53",13-02-2025,en,22.2139,7.661,3850,Romance|Science Fiction|Thriller,Movie
11,Star Wars,"12, 28, 878",25-05-1977,en,22.2035,8.205,22439,Adventure|Action|Science Fiction,Movie
1601243,Oscar Shaw,"28, 80, 53, 37",09-01-2026,en,22.1884,6.8,33,Action|Crime|Thriller|Western,Movie
11036,The Notebook,"10749, 18",25-06-2004,en,22.1489,7.889,12620,Romance|Drama,Movie
1646787,Sundutan,18,06-03-2026,tl,22.0737,4,1,Drama,Movie
290764,Tracers,28,15-01-2015,en,22.0405,6.017,1121,Action,Movie
429617,Spider-Man: Far From Home,"28, 12, 878",28-06-2019,en,22.0243,7.4,17040,Action|Adventure|Science Fiction,Movie
21937,Alive 2007,"18, 28, 53, 878",01-01-1900,en,22.0237,0,0,Drama|Action|Thriller|Science Fiction,Movie
12153,White Chicks,"35, 80",23-06-2004,en,22.0019,6.948,4580,Comedy|Crime,Movie
1363387,Saccharine,27,22-05-2026,en,21.9986,6.147,34,Horror,Movie
7451,xXx,"28, 12, 53, 80, 18",09-08-2002,en,21.909,5.989,4940,Action|Adventure|Thriller|Crime|Drama,Movie
4258,Scary Movie 5,35,11-04-2013,en,21.9081,4.796,3076,Comedy,Movie
1628448,Maa Behen,"35, 53, 18",04-06-2026,hi,21.8589,6.75,12,Comedy|Thriller|Drama,Movie
1119449,"Good Luck, Have Fun, Don't Die","878, 28, 35",13-02-2026,en,21.8244,7.039,640,Science Fiction|Action|Comedy,Movie
541671,Ballerina,"28, 53, 80",04-06-2025,en,21.8013,7.257,2701,Action|Thriller|Crime,Movie
912649,Venom: The Last Dance,"878, 28, 12",22-10-2024,en,21.7745,6.675,4278,Science Fiction|Action|Adventure,Movie
1598785,Milky☆Subway: The Galactic Limited Express - the Movie,"16, 28, 12, 35, 878",06-02-2026,ja,21.739,9.214,28,Animation|Action|Adventure|Comedy|Science Fiction,Movie
880067,Strung,"9648, 53",18-06-2026,en,21.7281,7.808,26,Mystery|Thriller,Movie
1670080,Buds,"16, 35, 10751, 14",22-12-2027,en,21.724,0,0,Animation|Comedy|Family|Fantasy,Movie
1684156,Fingertips: Reborn,"27, 53, 18",07-07-2028,en,21.6877,0,0,Horror|Thriller|Drama,Movie
1669051,Kesong Puti,18,24-04-2026,tl,21.6666,3.75,4,Drama,Movie
37165,The Truman Show,"35, 18",04-06-1998,en,21.6526,8.155,20356,Comedy|Drama,Movie
847742,Drishyam 3,"80, 18, 53",21-05-2026,ml,21.6331,7.25,10,Crime|Drama|Thriller,Movie
675,Harry Potter and the Order of the Phoenix,"12, 14",08-07-2007,en,21.6119,7.672,20884,Adventure|Fantasy,Movie
1706197,Scandal Queen,18,05-06-2026,tl,21.5004,7.5,2,Drama,Movie
425,Ice Age,"16, 35, 10751, 12",14-03-2002,en,21.4945,7.379,14360,Animation|Comedy|Family|Adventure,Movie
210577,Gone Girl,"9648, 53, 18",01-10-2014,en,21.491,7.9,20045,Mystery|Thriller|Drama,Movie
385687,Fast X,"28, 80, 53",17-05-2023,en,21.4874,6.993,6361,Action|Crime|Thriller,Movie
1682648,The Current,"27, 80, 53, 9648",01-01-2028,en,21.3915,0,0,Horror|Crime|Thriller|Mystery,Movie
855,Black Hawk Down,"28, 10752, 36",28-12-2001,en,21.3799,7.394,6401,Action|War|History,Movie
1372,Blood Diamond,"18, 53, 28",08-12-2006,en,21.3779,7.6,8367,Drama|Thriller|Action,Movie
76341,Mad Max: Fury Road,"28, 12, 878",13-05-2015,en,21.3743,7.634,24177,Action|Adventure|Science Fiction,Movie
1726,Iron Man,"28, 878, 12",30-04-2008,en,21.3503,7.662,28248,Action|Science Fiction|Adventure,Movie
1608457,누나 친구 4,10749,16-12-2024,ko,21.314,0,0,Romance,Movie
489,Good Will Hunting,18,05-12-1997,en,21.3127,8.2,13927,Drama,Movie
1010755,The Strangers: Chapter 3,"27, 53",05-02-2026,en,21.3019,5.842,224,Horror|Thriller,Movie
47971,xXx: Return of Xander Cage,"28, 12, 80",13-01-2017,en,21.298,6.132,9258,Action|Adventure|Crime,Movie
499546,We,"80, 18, 36",12-07-2018,nl,21.282,5.4,118,Crime|Drama|History,Movie
1380126,Pin/Ya,18,06-12-2024,tl,21.278,5.7,10,Drama,Movie
829557,365 Days: This Day,"10749, 18",26-04-2022,pl,21.2302,5.9,1853,Romance|Drama,Movie
105,Back to the Future,"12, 35, 878",03-07-1985,en,21.1778,8.3,21919,Adventure|Comedy|Science Fiction,Movie
1092936,The Holy Boy,"27, 53, 18",17-09-2025,it,21.1771,6.915,142,Horror|Thriller|Drama,Movie
1157008,Dime lo que quieres (de verdad),"10749, 18, 35",27-07-2023,es,21.1014,7.773,33,Romance|Drama|Comedy,Movie
441168,From Straight A's to XXX,"18, 10770",11-02-2017,en,21.0411,5.8,162,Drama|TV Movie,Movie
1011985,Kung Fu Panda 4,"28, 12, 16, 35, 10751, 14",02-03-2024,en,21.0199,7,3555,Action|Adventure|Animation|Comedy|Family|Fantasy,Movie
4248,Scary Movie 2,35,04-07-2001,en,20.9674,5.84,5238,Comedy,Movie
1329471,Carolina Caroline,"80, 18, 10749",05-06-2026,en,20.9624,6.938,16,Crime|Drama|Romance,Movie
559,Spider-Man 3,"28, 12, 878",01-05-2007,en,20.9193,6.462,15298,Action|Adventure|Science Fiction,Movie
1212763,Evil Dead Burn,"27, 53",08-07-2026,en,20.9127,0,0,Horror|Thriller,Movie
72190,World War Z,"28, 27, 878",19-06-2013,en,20.8047,6.839,16666,Action|Horror|Science Fiction,Movie
222517,Snow White and 7 Wise Men,35,03-04-1982,it,14.4067,4.7,17,Comedy,Movie
411088,The Invisible Guest,"18, 9648, 53",06-01-2017,es,20.3035,8.081,5012,Drama|Mystery|Thriller,Movie
1560681,Colors of Evil: Black,"53, 9648, 80",10-06-2026,pl,20.4955,7.031,97,Thriller|Mystery|Crime,Movie
102382,The Amazing Spider-Man 2,"28, 12, 878",16-04-2014,en,20.4733,6.5,14312,Action|Adventure|Science Fiction,Movie
9502,Kung Fu Panda,"28, 16, 35, 10751",04-06-2008,en,20.4221,7.327,12710,Action|Animation|Comedy|Family,Movie
746131,"Paris, 13th District","18, 10749",03-11-2021,fr,19.5097,6.874,394,Drama|Romance,Movie
939099,swingers ZwingerZ,"99, 10749, 18",20-03-2022,es,19.6321,7.2,4,Documentary|Romance|Drama,Movie
315162,Puss in Boots: The Last Wish,"16, 12, 14, 35, 10751",07-12-2022,en,20.3415,8.2,8929,Animation|Adventure|Fantasy|Comedy|Family,Movie
1382832,HUNGRY,"53, 27",03-06-2026,en,20.2656,7,40,Thriller|Horror,Movie
1411773,The Last Stand of Ellen Cole,"28, 12",18-10-2024,en,20.2034,7.891,46,Action|Adventure,Movie
1116201,Iron Lung,"27, 9648, 878",30-01-2026,en,19.4655,6.957,303,Horror|Mystery|Science Fiction,Movie
1364953,Mārama,"27, 18, 9648",17-04-2026,en,20.1308,6.6,19,Horror|Drama|Mystery,Movie
207,Dead Poets Society,18,02-06-1989,en,20.1123,8.3,12669,Drama,Movie
9806,The Incredibles,"28, 12, 16, 10751",27-10-2004,en,20.0934,7.7,18975,Action|Adventure|Animation|Family,Movie
1236153,Mercy,"878, 28, 53",19-01-2026,en,20.049,7.066,1430,Science Fiction|Action|Thriller,Movie
185664,Nun in Rope Hell,"18, 27",25-05-1984,ja,19.193,6.3,37,Drama|Horror,Movie
14160,Up,"16, 35, 10751, 12",28-05-2009,en,19.8778,7.961,21749,Animation|Comedy|Family|Adventure,Movie
1316427,7 Dogs,"28, 35",27-05-2026,ar,18.6011,5.5,6,Action|Comedy,Movie
1669057,Check-In,18,01-05-2026,tl,20.1475,6.25,4,Drama,Movie
1624626,Nightlord,"28, 35, 53, 80, 14",10-12-2027,es,19.7918,0,0,Action|Comedy|Thriller|Crime|Fantasy,Movie
138843,The Conjuring,"27, 53",18-07-2013,en,19.7858,7.54,12784,Horror|Thriller,Movie
1612018,Jackass: Best and Last,"28, 35, 99",25-06-2026,en,19.7725,6.5,11,Action|Comedy|Documentary,Movie
1402,The Pursuit of Happyness,18,14-12-2006,en,19.7646,7.887,10643,Drama,Movie
106,Predator,"878, 28, 12, 53",12-06-1987,en,19.7471,7.566,9209,Science Fiction|Action|Adventure|Thriller,Movie
694,The Shining,"27, 53",23-05-1980,en,19.7422,8.203,19011,Horror|Thriller,Movie
588228,The Tomorrow War,"28, 878, 12",03-09-2021,en,19.705,7.51,4233,Action|Science Fiction|Adventure,Movie
411,"The Chronicles of Narnia: The Lion, the Witch and the Wardrobe","12, 10751, 14",07-12-2005,en,19.6192,7.139,11548,Adventure|Family|Fantasy,Movie
564,The Mummy,"12, 28, 14",16-04-1999,en,19.578,7,10100,Adventure|Action|Fantasy,Movie
539,Psycho,"27, 53, 9648",22-06-1960,en,19.5595,8.413,11042,Horror|Thriller|Mystery,Movie
10138,Iron Man 2,"12, 28, 878",28-04-2010,en,19.5394,6.854,22470,Adventure|Action|Science Fiction,Movie
1003596,Avengers: Doomsday,"878, 28, 12",16-12-2026,en,19.487,0,0,Science Fiction|Action|Adventure,Movie
809,Shrek 2,"16, 35, 10751, 14, 10749",19-05-2004,en,19.4472,7.3,13494,Animation|Comedy|Family|Fantasy|Romance,Movie
652,Troy,"10752, 28, 36",13-05-2004,en,19.4436,7.176,11112,War|Action|History,Movie
1712076,Peccatum,"9648, 10749, 27",10-06-2026,en,19.4304,10,2,Mystery|Romance|Horror,Movie
574475,Final Destination Bloodlines,"27, 9648",14-05-2025,en,19.3988,7.038,2903,Horror|Mystery,Movie
111,Scarface,"28, 80, 18",09-12-1983,en,19.3651,8.2,13120,Action|Crime|Drama,Movie
2251,Unfaithful,"53, 18, 10749",10-05-2002,en,19.3279,6.706,1740,Thriller|Drama|Romance,Movie
181808,Star Wars: The Last Jedi,"12, 28, 878",13-12-2017,en,19.3085,6.749,16392,Adventure|Action|Science Fiction,Movie
533533,TRON: Ares,"878, 12, 28",08-10-2025,en,19.227,6.5,1464,Science Fiction|Adventure|Action,Movie
603692,John Wick: Chapter 4,"28, 53, 80",21-03-2023,en,19.2255,7.7,8008,Action|Thriller|Crime,Movie
438148,Minions: The Rise of Gru,"16, 35, 878, 80, 10751",29-06-2022,en,19.1664,7.265,4034,Animation|Comedy|Science Fiction|Crime|Family,Movie
109445,Frozen,"16, 10751, 12, 14",20-11-2013,en,19.1307,7.249,17625,Animation|Family|Adventure|Fantasy,Movie
2105,American Pie,"35, 10749",09-07-1999,en,19.1269,6.609,8352,Comedy|Romance,Movie
330457,Frozen II,"10751, 16, 12, 35, 14",20-11-2019,en,19.1058,7.229,10322,Family|Animation|Adventure|Comedy|Fantasy,Movie
672515,Female Bank Teller: Rape Office,18,12-10-1985,ja,19.0879,3.6,5,Drama,Movie
280,Terminator 2: Judgment Day,"28, 53, 878",03-07-1991,en,19.0875,8.153,14398,Action|Thriller|Science Fiction,Movie
578,Jaws,"27, 53, 12",20-06-1975,en,19.0492,7.7,11596,Horror|Thriller|Adventure,Movie
1408208,Exit 8,"27, 9648",28-08-2025,ja,19.0446,6.873,531,Horror|Mystery,Movie
467905,How to Make a Killing,"35, 53",16-02-2026,en,19.0269,6.975,510,Comedy|Thriller,Movie
1357633,Solo Leveling -ReAwakening-,"28, 12, 14, 16",26-11-2024,ja,19.0094,7.16,272,Action|Adventure|Fantasy|Animation,Movie
348,Alien,"27, 878",25-05-1979,en,18.994,8.171,16469,Horror|Science Fiction,Movie
1304168,Love Kills,"18, 10749",04-06-2024,en,18.9772,5,4,Drama|Romance,Movie
1718699,Not Alone,"16, 878, 10751, 35, 10749",16-04-2027,en,18.9386,0,0,Animation|Science Fiction|Family|Comedy|Romance,Movie
128,Princess Mononoke,"12, 14, 16",12-07-1997,ja,18.8578,8.32,9057,Adventure|Fantasy|Animation,Movie
210203,The Favourite Game,18,28-02-2003,en,18.8575,4.375,8,Drama,Movie
680493,Return to Silent Hill,"9648, 18, 27",21-01-2026,en,18.8497,5.4,672,Mystery|Drama|Horror,Movie
1159831,The Bride!,"878, 27, 14",04-03-2026,en,18.8427,6.136,552,Science Fiction|Horror|Fantasy,Movie
214756,Ted 2,"35, 14",25-06-2015,en,18.835,6.326,8030,Comedy|Fantasy,Movie
218,The Terminator,"28, 53, 878",26-10-1984,en,18.835,7.685,14701,Action|Thriller|Science Fiction,Movie
11649,Masters of the Universe,"28, 14, 878",07-08-1987,en,18.8321,5.82,1061,Action|Fantasy|Science Fiction,Movie
1711165,La Trace,"53, 18, 9648",17-07-2025,id,18.8044,10,1,Thriller|Drama|Mystery,Movie
1447947,Young & Fine,"18, 10749",27-06-2025,ja,18.7667,6.5,2,Drama|Romance,Movie
1316092,"""Wuthering Heights""","10749, 18",11-02-2026,en,18.7526,6.656,1139,Romance|Drama,Movie
285,Pirates of the Caribbean: At World's End,"12, 14, 28",19-05-2007,en,18.6715,7.275,15537,Adventure|Fantasy|Action,Movie
608812,Handjob Cabin,"27, 35",06-10-2015,en,18.6664,7.1,12,Horror|Comedy,Movie
980571,Fractured Justice,"80, 53",20-10-2028,en,18.555,0,0,Crime|Thriller,Movie
1231940,Nice Sister-in-law 6,10749,19-12-2023,ko,18.5462,4,1,Romance,Movie
278154,Ice Age: Collision Course,"12, 16, 10751, 35, 878",23-06-2016,en,18.5067,6.116,4893,Adventure|Animation|Family|Comedy|Science Fiction,Movie
122917,The Hobbit: The Battle of the Five Armies,"28, 12, 14",10-12-2014,en,18.5029,7.336,15434,Action|Adventure|Fantasy,Movie
1716394,Дублер,"18, 35, 53",05-06-2026,uk,18.4954,10,1,Drama|Comedy|Thriller,Movie
625119,The Spring Outside the Fence,18,10-08-1985,zh,18.4886,6,1,Drama,Movie
1717914,Other People's Things,"80, 18, 35, 10749, 53",10-07-2026,hr,18.4843,0,0,Crime|Drama|Comedy|Romance|Thriller,Movie
801335,Girl in the Basement,"53, 80, 10770",27-02-2021,en,18.4241,7.568,872,Thriller|Crime|TV Movie,Movie
10867,Malena,18,27-10-2000,it,18.353,7.515,2686,Drama,Movie
1708193,Dead Air,"18, 53, 9648, 80",04-03-2026,en,18.3494,10,1,Drama|Thriller|Mystery|Crime,Movie
1718298,Tissue,"35, 9648, 80, 53, 10770",29-10-2022,en,18.3395,0,0,Comedy|Mystery|Crime|Thriller|TV Movie,Movie
1062722,Frankenstein,"18, 14, 27",17-10-2025,en,18.336,7.635,3538,Drama|Fantasy|Horror,Movie
1163974,The Karma of Sex,10749,25-09-1999,zh,18.3349,7,3,Romance,Movie
1659924,PAYNEKILLER,"80, 28",12-07-2028,en,18.2943,0,0,Crime|Action,Movie
1621,Trading Places,35,07-06-1983,en,18.2659,7.23,3684,Comedy,Movie
18785,The Hangover,35,02-06-2009,en,18.2213,7.333,18164,Comedy,Movie
38,Eternal Sunshine of the Spotless Mind,"878, 18, 10749",19-03-2004,en,18.1912,8.091,16411,Science Fiction|Drama|Romance,Movie
986056,Thunderbolts*,"28, 878, 12",30-04-2025,en,18.1537,7.292,3611,Action|Science Fiction|Adventure,Movie
290098,The Handmaiden,"53, 18, 10749",01-06-2016,ko,18.1271,8.183,4359,Thriller|Drama|Romance,Movie
58,Pirates of the Caribbean: Dead Man's Chest,"12, 14, 28",06-07-2006,en,18.1212,7.384,17253,Adventure|Fantasy|Action,Movie
1716258,Strong-Thing,"28, 878",25-07-2014,en,18.0934,10,1,Action|Science Fiction,Movie
1054867,One Battle After Another,"53, 80, 35",23-09-2025,en,18.0925,7.347,3840,Thriller|Crime|Comedy,Movie
1220522,Dacoit,"28, 10749, 53",10-04-2026,te,18.0597,6.6,5,Action|Romance|Thriller,Movie
38757,Tangled,"16, 10751, 12",24-11-2010,en,18.0032,7.613,12446,Animation|Family|Adventure,Movie
1175942,The Bad Guys 2,"10751, 35, 80, 12, 16",24-07-2025,en,17.9447,7.646,806,Family|Comedy|Crime|Adventure|Animation,Movie
123338,Sex and Zen III,"35, 10749, 18",23-04-1998,cn,17.911,6.183,30,Comedy|Romance|Drama,Movie
271110,Captain America: Civil War,"12, 28, 878",27-04-2016,en,17.8893,7.449,24108,Adventure|Action|Science Fiction,Movie
581528,"The Gangster, the Cop, the Devil","28, 80, 53",15-05-2019,ko,17.8395,7.877,1498,Action|Crime|Thriller,Movie
8966,Twilight,"14, 18, 10749",20-11-2008,en,17.8321,6.281,14450,Fantasy|Drama|Romance,Movie
945961,Alien: Romulus,"27, 878",13-08-2024,en,17.8198,7.162,4605,Horror|Science Fiction,Movie
652854,Sports Day,27,10-03-2019,zh,17.7923,4,5,Horror,Movie
1242332,Normal,"28, 80, 53",16-04-2026,en,17.7833,6.443,184,Action|Crime|Thriller,Movie
1274706,The Marked Woman,"53, 80",05-06-2026,es,17.7787,5.482,83,Thriller|Crime,Movie
101,Léon: The Professional,"80, 18, 28",14-09-1994,fr,17.7569,8.294,16180,Crime|Drama|Action,Movie
985939,Fall,53,11-08-2022,en,17.7449,7.143,4659,Thriller,Movie
296096,Me Before You,"18, 10749",01-06-2016,en,17.7445,7.924,13309,Drama|Romance,Movie
572802,Aquaman and the Lost Kingdom,"28, 12, 14",20-12-2023,en,17.7293,6.525,3519,Action|Adventure|Fantasy,Movie
18240,The Proposal,"35, 10749, 18",02-06-2009,en,17.7292,7.171,7582,Comedy|Romance|Drama,Movie
3933,Corpse Bride,"10749, 14, 16",12-09-2005,en,17.6881,7.592,10239,Romance|Fantasy|Animation,Movie
57800,Ice Age: Continental Drift,"16, 35, 12, 10751",27-06-2012,en,17.6794,6.388,8137,Animation|Comedy|Adventure|Family,Movie
1196067,Worldbreaker,"28, 27, 878",30-10-2025,en,17.6532,6.015,230,Action|Horror|Science Fiction,Movie
49013,Cars 2,"16, 10751, 12, 35",11-06-2011,en,17.5306,6.182,8513,Animation|Family|Adventure|Comedy,Movie
843527,The Idea of You,"10402, 35, 10749, 18",02-05-2024,en,17.5233,7.278,1967,Music|Comedy|Romance|Drama,Movie
153104,Wicked Minds,"9648, 18, 10749, 53, 10770",01-03-2003,en,17.4957,6.34,53,Mystery|Drama|Romance|Thriller|TV Movie,Movie
953,Madagascar,"12, 16, 35, 10751",25-05-2005,en,17.4847,6.923,11775,Adventure|Animation|Comedy|Family,Movie
1495,Kingdom of Heaven,"18, 28, 12, 36, 10752",03-05-2005,en,17.463,7.058,5021,Drama|Action|Adventure|History|War,Movie
10674,Mulan,"16, 10751, 12",18-06-1998,en,17.4407,7.904,10484,Animation|Family|Adventure,Movie
637,Life Is Beautiful,"35, 18",20-12-1997,it,17.431,8.438,14049,Comedy|Drama,Movie
37169,The Human Centipede (First Sequence),27,31-10-2009,en,17.4258,5.185,2409,Horror,Movie
796,Cruel Intentions,"18, 10749",05-03-1999,en,17.4179,6.817,3608,Drama|Romance,Movie
11324,Shutter Island,"18, 53, 9648",14-02-2010,en,17.2874,8.198,25960,Drama|Thriller|Mystery,Movie
181886,Enemy,"53, 9648",14-03-2014,en,17.2823,6.845,6467,Thriller|Mystery,Movie
49026,The Dark Knight Rises,"28, 80, 18, 53",17-07-2012,en,17.2676,7.795,24472,Action|Crime|Drama|Thriller,Movie
1510767,Athiradi,"35, 18",14-05-2026,ml,17.2613,6.65,10,Comedy|Drama,Movie
209112,Batman v Superman: Dawn of Justice,"28, 12, 14",23-03-2016,en,17.2596,6.004,19071,Action|Adventure|Fantasy,Movie
1714672,Vulvitis,"18, 80, 10749",09-03-2026,fr,17.243,10,1,Drama|Crime|Romance,Movie
402431,Wicked,"18, 10749, 14",16-10-2024,en,17.2213,6.908,3077,Drama|Romance|Fantasy,Movie
475557,Joker,"80, 53, 18",01-10-2019,en,17.1904,8.123,27832,Crime|Thriller|Drama,Movie
49051,The Hobbit: An Unexpected Journey,"12, 14, 28",12-12-2012,en,17.186,7.377,19712,Adventure|Fantasy|Action,Movie
284054,Black Panther,"28, 12, 878",13-02-2018,en,17.1478,7.364,23560,Action|Adventure|Science Fiction,Movie
949,Heat,"80, 18, 28",15-12-1995,en,17.1036,7.937,8412,Crime|Drama|Action,Movie
1115544,Mike & Nick & Nick & Alice,"35, 878, 80",14-03-2026,en,17.0728,6.681,376,Comedy|Science Fiction|Crime,Movie
1414788,Tunes,"16, 10402, 10749",24-12-2027,en,17.0596,0,0,Animation|Music|Romance,Movie
447365,Guardians of the Galaxy Vol. 3,"878, 12, 28",03-05-2023,en,17.0479,7.931,8415,Science Fiction|Adventure|Action,Movie
1545621,Detective Conan: Fallen Angel of the Highway,"16, 28, 9648, 80",10-04-2026,ja,17.0421,8,11,Animation|Action|Mystery|Crime,Movie
1213898,Border 2,"28, 18, 10752",23-01-2026,hi,17.0308,7.111,27,Action|Drama|War,Movie
372559,A Fresh Girl,18,25-09-2014,ko,16.9947,5,2,Drama,Movie
298618,The Flash,"28, 878, 12",13-06-2023,en,16.9805,6.619,5038,Action|Science Fiction|Adventure,Movie
950028,The Invite,"18, 35",25-06-2026,en,16.9466,8,1,Drama|Comedy,Movie
561,Constantine,"14, 28, 27",08-02-2005,en,16.9465,7.178,8234,Fantasy|Action|Horror,Movie
1715095,Tomate Sanguine,"27, 10751",09-06-2026,fr,16.9291,10,1,Horror|Family,Movie
878452,The Telephone,"18, 53",29-10-1910,en,16.9262,0,0,Drama|Thriller,Movie
284053,Thor: Ragnarok,"28, 878, 35",02-10-2017,en,16.919,7.6,22085,Action|Science Fiction|Comedy,Movie
1711691,BLUMIA,"27, 53",,tr,16.891,10,1,Horror|Thriller,Movie
1514125,Saigon Sunset,"10749, 18",30-04-2025,ko,16.8869,6,1,Romance|Drama,Movie
10997,Farewell My Concubine,18,01-01-1993,zh,16.8663,7.904,685,Drama,Movie
1724,The Incredible Hulk,"878, 28, 12",12-06-2008,en,16.8648,6.244,12753,Science Fiction|Action|Adventure,Movie
38365,Grown Ups,35,24-06-2010,en,16.8475,6.424,6731,Comedy,Movie
293660,Deadpool,"28, 12, 35",09-02-2016,en,16.8206,7.624,32843,Action|Adventure|Comedy,Movie
321612,Beauty and the Beast,"10751, 14, 10749",16-03-2017,en,16.8041,6.967,16031,Family|Fantasy|Romance,Movie
1317672,Love Me Love Me,"10749, 18",12-02-2026,en,16.7628,5.993,275,Romance|Drama,Movie
490132,Green Book,"18, 35, 36",16-11-2018,en,16.7403,8.226,12945,Drama|Comedy|History,Movie
205596,The Imitation Game,"36, 18, 53, 10752",14-11-2014,en,16.7253,7.983,18140,History|Drama|Thriller|War,Movie
286217,The Martian,"878, 18, 12",30-09-2015,en,16.72,7.701,21335,Science Fiction|Drama|Adventure,Movie
545611,Everything Everywhere All at Once,"28, 12, 878",24-03-2022,en,16.7099,7.717,8050,Action|Adventure|Science Fiction,Movie
156022,The Equalizer,"53, 28, 80",24-09-2014,en,16.7088,7.29,9991,Thriller|Action|Crime,Movie
105825,Erotic Ghost Story III,"14, 27",05-03-1992,cn,16.7038,5.6,31,Fantasy|Horror,Movie
168259,Furious 7,"28, 80, 53",01-04-2015,en,16.6968,7.217,11327,Action|Crime|Thriller,Movie
1078605,Weapons,"27, 9648",04-08-2025,en,16.6809,7.3,3528,Horror|Mystery,Movie
1191876,From the Ashes,"18, 80, 9648",01-06-2027,en,16.6711,0,0,Drama|Crime|Mystery,Movie
1711405,GINETTE,"28, 35, 10751",28-01-2026,fr,16.6382,10,1,Action|Comedy|Family,Movie
365045,Heidi,"12, 10751, 18",10-12-2015,de,16.6366,7.246,437,Adventure|Family|Drama,Movie
103,Taxi Driver,"80, 18",09-02-1976,en,16.6137,8.124,13502,Crime|Drama,Movie
406997,Wonder,"10751, 18",13-11-2017,en,16.6101,8.105,8281,Family|Drama,Movie
1463621,Welts,"18, 53",16-11-2029,en,16.57,0,0,Drama|Thriller,Movie
615656,Meg 2: The Trench,"28, 878, 27",02-08-2023,en,16.5561,6.374,4006,Action|Science Fiction|Horror,Movie
1252037,The Tank,"10752, 28, 18",18-09-2025,de,16.5463,7.121,446,War|Action|Drama,Movie
1711207,Rewind,"53, 9648",09-06-2026,en,16.5148,10,1,Thriller|Mystery,Movie
50619,The Twilight Saga: Breaking Dawn - Part 1,"12, 14, 10749",16-11-2011,en,16.4934,6.2,9289,Adventure|Fantasy|Romance,Movie
1022787,Elio,"16, 12, 878, 10751",18-06-2025,en,16.452,6.906,1027,Animation|Adventure|Science Fiction|Family,Movie
829560,The Next 365 Days,"10749, 18",18-08-2022,pl,16.445,6.374,1324,Romance|Drama,Movie
4257,Scary Movie 4,35,12-04-2006,en,16.4296,5.494,3636,Comedy,Movie
54663,Starting Over,"35, 10749",05-10-1979,en,16.4165,6.399,69,Comedy|Romance,Movie
333339,Ready Player One,"12, 28, 878",28-03-2018,en,16.4143,7.588,17013,Adventure|Action|Science Fiction,Movie
4348,Pride & Prejudice,"18, 10749",16-09-2005,en,16.4131,8.1,8799,Drama|Romance,Movie
1712475,Runner,"35, 28",04-06-2026,en,16.4102,10,1,Comedy|Action,Movie
1718012,Sepulcro Caiado,"37, 80, 9648, 53",20-06-1998,pt,16.2987,0,0,Western|Crime|Mystery|Thriller,Movie
329865,Arrival,"18, 878, 9648",10-11-2016,en,16.2921,7.628,19460,Drama|Science Fiction|Mystery,Movie
1404791,Dollhouse,"27, 9648",13-06-2025,ja,16.2664,7.571,106,Horror|Mystery,Movie
1135873,GGS - Ganteng-Ganteng Sange,"18, 10749",28-05-2023,id,16.2605,6.1,7,Drama|Romance,Movie
447273,Snow White,"10751, 14",19-03-2025,en,16.2318,4.301,1661,Family|Fantasy,Movie
798645,The Running Man,"28, 53, 878",11-11-2025,en,16.2307,6.777,1668,Action|Thriller|Science Fiction,Movie
150689,Cinderella,"10749, 14, 10751, 18",06-03-2015,en,16.2049,6.826,7424,Romance|Fantasy|Family|Drama,Movie
68718,Django Unchained,"18, 37",25-12-2012,en,16.1993,8.192,28143,Drama|Western,Movie
617132,The Shortest Distance Is Round,"10749, 18",05-07-2019,ja,16.1844,5.5,12,Romance|Drama,Movie
762509,Mufasa: The Lion King,"12, 10751, 16",18-12-2024,en,16.1769,7.302,2690,Adventure|Family|Animation,Movie
482706,Oligosaccharide The Movie,18,15-06-2017,ko,16.1719,4.5,11,Drama,Movie
18,The Fifth Element,"878, 28, 12",02-05-1997,fr,16.1658,7.584,11824,Science Fiction|Action|Adventure,Movie
49521,Man of Steel,"28, 12, 878",12-06-2013,en,16.1631,6.651,16276,Action|Adventure|Science Fiction,Movie
1387382,Hunting Season,"28, 18, 53",05-12-2025,en,16.1469,6.951,256,Action|Drama|Thriller,Movie
602,Independence Day,"28, 12, 878",02-07-1996,en,16.1133,6.915,10490,Action|Adventure|Science Fiction,Movie
1397485,Girls Like Girls,"10749, 18",18-06-2026,en,16.113,7,11,Romance|Drama,Movie
1593390,The Nutcracker,"10402, 10751, 14",01-01-2028,ru,16.0819,0,0,Music|Family|Fantasy,Movie
1433117,Kara,"80, 18, 53, 28",30-04-2026,ta,16.0738,6.043,23,Crime|Drama|Thriller|Action,Movie
1317149,I Swear,"18, 36",22-09-2025,en,16.0431,8.232,368,Drama|History,Movie
4232,Scream,"80, 27, 9648",20-12-1996,en,16.0316,7.4,8025,Crime|Horror|Mystery,Movie
823219,Flow,"12, 16, 10751, 14",29-08-2024,lv,15.9969,8.076,2881,Adventure|Animation|Family|Fantasy,Movie
640,Catch Me If You Can,"18, 80",16-12-2002,en,15.9817,7.978,17189,Drama|Crime,Movie
1700139,Pulling Wool,"35, 80, 12",20-02-2020,en,15.98,10,2,Comedy|Crime|Adventure,Movie
20453,3 Idiots,"18, 35",23-12-2009,hi,15.9487,8.001,2733,Drama|Comedy,Movie
1317288,Marty Supreme,"18, 53",19-12-2025,en,15.9469,7.382,1889,Drama|Thriller,Movie
122906,About Time,"18, 10749, 14",04-09-2013,en,15.9312,7.906,9316,Drama|Romance|Fantasy,Movie
662707,Starbright,"12, 28",27-02-2026,en,15.9256,5.675,20,Adventure|Action,Movie
11770,Shaolin Soccer,"28, 35",05-07-2001,cn,15.8794,7.17,2550,Action|Comedy,Movie
1690070,We Can't Leave,27,19-09-2025,en,15.8666,0,0,Horror,Movie
62177,Brave,"12, 16, 10751, 14",21-06-2012,en,15.8458,7.031,14234,Adventure|Animation|Family|Fantasy,Movie
383498,Deadpool 2,"28, 35, 12",15-05-2018,en,15.835,7.491,19301,Action|Comedy|Adventure,Movie
537915,After,"18, 10749",11-04-2019,en,15.8336,7.106,8532,Drama|Romance,Movie
378064,A Silent Voice: The Movie,"16, 18, 10749",17-09-2016,ja,15.8327,8.39,4535,Animation|Drama|Romance,Movie
637649,Wrath of Man,"53, 80, 18",22-04-2021,en,15.8315,7.575,6136,Thriller|Crime|Drama,Movie
466272,Once Upon a Time... in Hollywood,"35, 18, 53",24-07-2019,en,15.8297,7.421,14913,Comedy|Drama|Thriller,Movie
453395,Doctor Strange in the Multiverse of Madness,"14, 28, 12",04-05-2022,en,15.8211,7.231,10410,Fantasy|Action|Adventure,Movie
1717740,Siszilla,"28, 16, 35, 10751",16-03-2013,en,15.8136,0,0,Action|Animation|Comedy|Family,Movie
77429,Chechu y familia,35,25-06-1992,es,15.7979,5.35,10,Comedy,Movie
259316,Fantastic Beasts and Where to Find Them,"14, 12",16-11-2016,en,15.7497,7.31,19751,Fantasy|Adventure,Movie
508947,Turning Red,"16, 10751, 35, 14",10-03-2022,en,15.7356,7.333,5904,Animation|Family|Comedy|Fantasy,Movie
436969,The Suicide Squad,"28, 35, 12",28-07-2021,en,15.6479,7.5,9641,Action|Comedy|Adventure,Movie
1232889,Malta,"18, 878",08-03-2024,es,15.6181,5.4,8,Drama|Science Fiction,Movie
6977,No Country for Old Men,"80, 53, 37",09-11-2007,en,15.6165,7.95,13400,Crime|Thriller|Western,Movie
858024,Hamnet,"18, 10749, 36",26-11-2025,en,15.5943,7.736,1411,Drama|Romance|History,Movie
1252309,Tell Me What You Want,"10749, 18",29-11-2024,es,15.5917,6.127,295,Romance|Drama,Movie
508442,Soul,"16, 10751, 18, 10402, 14",25-12-2020,en,15.581,8.091,11473,Animation|Family|Drama|Music|Fantasy,Movie
866398,The Beekeeper,"28, 80, 53",08-01-2024,en,15.5375,7.271,4305,Action|Crime|Thriller,Movie
337404,Cruella,"35, 80, 18",26-05-2021,en,15.528,7.972,10105,Comedy|Crime|Drama,Movie
68721,Iron Man 3,"28, 12, 878",18-04-2013,en,15.5139,6.933,23498,Action|Adventure|Science Fiction,Movie
1100988,28 Years Later,"27, 53, 878",18-06-2025,en,15.4984,6.611,2625,Horror|Thriller|Science Fiction,Movie
135397,Jurassic World,"12, 878, 53",06-06-2015,en,15.4951,6.7,21640,Adventure|Science Fiction|Thriller,Movie
1124,The Prestige,"18, 9648, 878",19-10-2006,en,15.4767,8.209,17677,Drama|Mystery|Science Fiction,Movie
9769,Lolita,18,27-09-1997,en,15.465,7.1,1984,Drama,Movie
140607,Star Wars: The Force Awakens,"12, 28, 878",15-12-2015,en,15.4642,7.2,20599,Adventure|Action|Science Fiction,Movie
1359,American Psycho,"53, 18, 80",13-04-2000,en,15.4307,7.403,12370,Thriller|Drama|Crime,Movie
1710590,Algal Doom,"53, 27",07-02-2026,en,15.3763,10,1,Thriller|Horror,Movie
62,2001: A Space Odyssey,"878, 9648, 12",02-04-1968,en,15.3698,8.049,12660,Science Fiction|Mystery|Adventure,Movie
12155,Alice in Wonderland,"10751, 14, 12",03-03-2010,en,15.3164,6.642,14856,Family|Fantasy|Adventure,Movie
9651,Supergirl,"12, 14, 28, 878",01-07-1984,en,15.2973,5.393,700,Adventure|Fantasy|Action|Science Fiction,Movie
791373,Zack Snyder's Justice League,"28, 12, 14",18-03-2021,en,15.2305,8.087,10892,Action|Adventure|Fantasy,Movie
9487,A Bug's Life,"12, 16, 35, 10751",25-11-1998,en,15.2135,6.98,9764,Adventure|Animation|Comedy|Family,Movie
1091,The Thing,"27, 9648, 878",25-06-1982,en,15.1601,8.1,7999,Horror|Mystery|Science Fiction,Movie
822119,Captain America: Brave New World,"28, 53, 878",12-02-2025,en,15.1203,6,3139,Action|Thriller|Science Fiction,Movie
256835,Toy Story That Time Forgot,"16, 10751, 12, 35",02-12-2014,en,15.1091,7.1,1100,Animation|Family|Adventure|Comedy,Movie
10191,How to Train Your Dragon,"14, 12, 16, 10751",18-03-2010,en,15.0797,7.9,14433,Fantasy|Adventure|Animation|Family,Movie
313369,La La Land,"35, 18, 10749",01-12-2016,en,15.0648,7.9,18177,Comedy|Drama|Romance,Movie
77,Memento,"9648, 53",11-10-2000,en,15.0603,8.176,16340,Mystery|Thriller,Movie
8392,My Neighbor Totoro,"14, 16, 10751",16-04-1988,ja,15.054,8.063,8867,Fantasy|Animation|Family,Movie
1865,Pirates of the Caribbean: On Stranger Tides,"12, 28, 14",15-05-2011,en,15.0472,6.57,15008,Adventure|Action|Fantasy,Movie
537971,Mia,"18, 99",17-12-2017,es,15.0427,6.156,32,Drama|Documentary,Movie
388202,Arsenal,"53, 80",13-01-2017,en,15.0372,4.313,152,Thriller|Crime,Movie
10198,The Princess and the Frog,"16, 10749, 14, 10751",08-12-2009,en,15.0145,7.227,6151,Animation|Romance|Fantasy|Family,Movie
1717367,Chainsaw Man Mobile Game - Opening Movie,"12, 16, 28, 14, 10402, 35",19-06-2026,ja,15.0028,8.7,3,Adventure|Animation|Action|Fantasy|Music|Comedy,Movie
93456,Despicable Me 2,"16, 35, 10751, 878",26-06-2013,en,14.9573,6.945,12029,Animation|Comedy|Family|Science Fiction,Movie
329505,Lola's Secret,"18, 35, 27",04-05-1984,it,14.9275,7,71,Drama|Comedy|Horror,Movie
1446056,Junior,"18, 10751",18-07-2025,te,14.9267,4.1,4,Drama|Family,Movie
44896,Rango,"16, 35, 10751, 37, 12",02-03-2011,en,14.9195,6.907,7153,Animation|Comedy|Family|Western|Adventure,Movie
78,Blade Runner,"878, 18, 53",25-06-1982,en,14.9082,7.936,15065,Science Fiction|Drama|Thriller,Movie
251778,Sexy Girls of Denmark,10749,16-03-1973,zh,14.8812,3.75,4,Romance,Movie
419430,Get Out,"9648, 53, 27",24-02-2017,en,14.8575,7.624,18973,Mystery|Thriller|Horror,Movie
19404,Dilwale Dulhania Le Jayenge,"35, 18, 10749",20-10-1995,hi,14.854,8.51,4599,Comedy|Drama|Romance,Movie
1632181,Accidental Partners,"35, 10749",12-03-2026,es,14.8489,9.038,288,Comedy|Romance,Movie
1247165,Raja Shivaji,"28, 36, 18",01-05-2026,mr,14.7753,6.125,4,Action|History|Drama,Movie
346,Seven Samurai,"28, 18",26-04-1954,ja,14.762,8.447,4264,Action|Drama,Movie
568124,Encanto,"16, 35, 10751, 14",13-10-2021,en,14.7544,7.567,10241,Animation|Comedy|Family|Fantasy,Movie
1223601,Sisu: Road to Revenge,"28, 10752, 53",21-10-2025,fi,14.749,7.315,816,Action|War|Thriller,Movie
530385,Midsommar,"27, 18, 9648",03-07-2019,en,14.7243,7.1,8139,Horror|Drama|Mystery,Movie
125157,"Eleven Days, Eleven Nights","18, 10749",27-03-1987,it,14.7177,5.106,47,Drama|Romance,Movie
786892,Furiosa: A Mad Max Saga,"28, 878, 12",22-05-2024,en,14.643,7.453,4934,Action|Science Fiction|Adventure,Movie
53064,Midori,"16, 18, 27",02-05-1992,ja,14.617,6.066,166,Animation|Drama|Horror,Movie
585032,Sa Bang-ji,"18, 10749, 36",29-10-1988,ko,14.6137,6.6,5,Drama|Romance|History,Movie
146233,Prisoners,"18, 53, 80",19-09-2013,en,14.5897,8.1,13158,Drama|Thriller|Crime,Movie
263115,Logan,"28, 18, 878",28-02-2017,en,14.5874,7.8,20469,Action|Drama|Science Fiction,Movie
1709890,Hanahaki,"10749, 14",12-05-2026,pt,14.5716,10,1,Romance|Fantasy,Movie
260514,Cars 3,"16, 18, 10751",15-06-2017,en,14.5467,6.862,6423,Animation|Drama|Family,Movie
664413,365 Days,"10749, 18, 80",07-02-2020,pl,14.5412,6.992,9535,Romance|Drama|Crime,Movie
646315,The Legendary Lighter,28,29-10-2019,ko,14.5043,5.8,5,Action,Movie
976573,Elemental,"16, 35, 10751, 10749",14-06-2023,en,14.4982,7.582,5363,Animation|Comedy|Family|Romance,Movie
823464,Godzilla x Kong: The New Empire,"28, 12, 878",27-03-2024,en,14.4729,7.05,4705,Action|Adventure|Science Fiction,Movie
4951,10 Things I Hate About You,"35, 10749, 18",30-03-1999,en,14.4454,7.6,8965,Comedy|Romance|Drama,Movie
510,One Flew Over the Cuckoo's Nest,18,19-11-1975,en,14.4412,8.411,11516,Drama,Movie
713704,Evil Dead Rise,"27, 53",12-04-2023,en,14.4169,6.9,3719,Horror|Thriller,Movie
85,Raiders of the Lost Ark,"12, 28",12-06-1981,en,14.4023,7.925,13702,Adventure|Action,Movie
744,Top Gun,"28, 18, 10749",16-05-1986,en,14.4007,7.1,9633,Action|Drama|Romance,Movie
10195,Thor,"12, 14, 28",21-04-2011,en,14.3974,6.771,22405,Adventure|Fantasy|Action,Movie
284052,Doctor Strange,"14, 12, 28",25-10-2016,en,14.394,7.422,23503,Fantasy|Adventure|Action,Movie
812,Aladdin,"16, 10751, 12, 14, 10749",25-11-1992,en,14.3822,7.655,12059,Animation|Family|Adventure|Fantasy|Romance,Movie
27098,All Things Fair,"18, 10749, 36",08-03-1995,sv,14.3741,6.425,174,Drama|Romance|History,Movie
118,Charlie and the Chocolate Factory,"12, 35, 10751, 14",13-07-2005,en,14.3738,7.039,16166,Adventure|Comedy|Family|Fantasy,Movie
175983,Finishing School,"18, 10749",04-05-1934,en,14.3533,6.2,18,Drama|Romance,Movie
604079,The Long Walk,"878, 53, 27",10-09-2025,en,14.3484,6.899,1596,Science Fiction|Thriller|Horror,Movie
77616,Permanent Residence,"10749, 18",23-04-2009,cn,14.3382,5.6,22,Romance|Drama,Movie
670,Oldboy,"53, 9648",21-11-2003,ko,14.3375,8.234,9925,Thriller|Mystery,Movie
1710219,Left Behind,"27, 53",15-12-2023,en,14.3225,10,1,Horror|Thriller,Movie
399579,Alita: Battle Angel,"28, 878, 12",31-01-2019,en,14.311,7.259,10084,Action|Science Fiction|Adventure,Movie
1064213,Anora,"18, 35, 10749",14-10-2024,en,14.2453,7.072,3201,Drama|Comedy|Romance,Movie
1242265,Fuze,"28, 80, 18, 53",23-03-2026,en,14.2281,6.4,136,Action|Crime|Drama|Thriller,Movie
1278859,Woodwalkers 3,"14, 10751, 12",27-01-2028,de,14.2252,0,0,Fantasy|Family|Adventure,Movie
1234731,Anaconda,"12, 35, 27",24-12-2025,en,14.1943,5.886,1241,Adventure|Comedy|Horror,Movie
615457,Nobody,"28, 53",18-03-2021,en,14.1851,7.876,8417,Action|Thriller,Movie
519465,Queen of Hearts,18,27-03-2019,da,14.1758,6.913,381,Drama,Movie
507086,Jurassic World Dominion,"12, 878, 53",01-06-2022,en,14.1571,6.6,7091,Adventure|Science Fiction|Thriller,Movie
46853,Playing with Love,18,06-05-1977,it,14.1468,5.3,87,Drama,Movie
4256,Scary Movie 3,35,24-10-2003,en,14.1415,5.976,4536,Comedy,Movie
1627824,Rocky's Cat-astrophe,"16, 10751",27-02-2026,en,14.1115,8.1,21,Animation|Family,Movie
348084,Beasts Cage,18,29-02-2008,ja,14.1006,3,2,Drama,Movie
950,Ice Age: The Meltdown,"16, 10751, 35, 12",29-03-2006,en,14.0946,6.722,10384,Animation|Family|Comedy|Adventure,Movie
28,Apocalypse Now,"18, 10752",19-05-1979,en,14.0797,8.268,9147,Drama|War,Movie
95,Armageddon,"28, 878, 12",01-07-1998,en,14.0706,6.835,8621,Action|Science Fiction|Adventure,Movie
1511057,Roommates,35,13-04-2026,en,14.0636,6.534,133,Comedy,Movie
492998,Puzzle,18,27-07-2018,en,14.0575,6.479,190,Drama,Movie
1197137,Black Phone 2,"27, 53",15-10-2025,en,14.048,6.7,1177,Horror|Thriller,Movie
10020,Beauty and the Beast,"10749, 10751, 16, 14",22-10-1991,en,14.0441,7.727,10715,Romance|Family|Animation|Fantasy,Movie
345940,The Meg,"28, 878, 27",09-08-2018,en,14.0319,6.249,8227,Action|Science Fiction|Horror,Movie
11224,Cinderella,"10751, 14, 16, 10749",22-02-1950,en,14.0287,7.048,7182,Family|Fantasy|Animation|Romance,Movie
13078,The Babysitters,18,09-05-2008,en,13.9936,6.004,547,Drama,Movie
311,Once Upon a Time in America,"18, 80",23-05-1984,en,13.9906,8.378,6076,Drama|Crime,Movie
1711126,Lucky Bastard,"53, 35",08-06-2026,en,13.9447,10,1,Thriller|Comedy,Movie
1716334,RECOIL,"80, 18",17-06-2026,fr,13.9274,10,1,Crime|Drama,Movie
13333,Game of Death,"18, 28, 53",23-03-1978,cn,13.9207,6.4,738,Drama|Action|Thriller,Movie
1516698,The Last Sunrise,"10749, 18",26-08-2026,en,13.9162,0,0,Romance|Drama,Movie
259693,The Conjuring 2,27,08-06-2016,en,13.9128,7.293,9229,Horror,Movie
558449,Gladiator II,"28, 12, 18",13-11-2024,en,13.8899,6.608,4499,Action|Adventure|Drama,Movie
934433,Scream VI,"27, 53, 80",08-03-2023,en,13.8788,6.943,3225,Horror|Thriller|Crime,Movie
260513,Incredibles 2,"28, 12, 16, 10751",14-06-2018,en,13.872,7.453,13733,Action|Adventure|Animation|Family,Movie
870270,My Wife's Sister 3,"18, 10749",08-08-2019,ko,13.8694,5,1,Drama|Romance,Movie
546554,Knives Out,"35, 80, 9648",27-11-2019,en,13.8534,7.8,14103,Comedy|Crime|Mystery,Movie
11688,The Emperor's New Groove,"12, 16, 35, 10751, 14",15-12-2000,en,13.8532,7.6,7333,Adventure|Animation|Comedy|Family|Fantasy,Movie
1352874,The Crucifix: Blood of the Exorcist,27,09-01-2025,en,13.8306,5.583,60,Horror,Movie
1495694,Beauty from Pain,"10749, 18",18-12-2025,en,13.8294,6.974,19,Romance|Drama,Movie
278986,Gangor,18,01-01-2011,bn,13.8292,5.5,2,Drama,Movie
920,Cars,"16, 12, 35, 10751",08-06-2006,en,13.8127,7.035,15188,Animation|Adventure|Comedy|Family,Movie
1659311,Calgary,"10402, 80, 18",28-10-2027,hu,13.8082,0,0,Music|Crime|Drama,Movie
567609,Ready or Not,"27, 35",21-08-2019,en,13.8023,7.075,5556,Horror|Comedy,Movie
32657,Percy Jackson & the Olympians: The Lightning Thief,"12, 14, 10751",01-02-2010,en,13.7804,6.213,7844,Adventure|Fantasy|Family,Movie
345,Eyes Wide Shut,"18, 53, 9648",16-07-1999,en,13.7675,7.5,7085,Drama|Thriller|Mystery,Movie
1716988,Helios,"18, 14",25-09-2025,kk,13.76,10,1,Drama|Fantasy,Movie
539972,Kraven the Hunter,"28, 12, 53",11-12-2024,en,13.7516,6.437,2368,Action|Adventure|Thriller,Movie
137113,Edge of Tomorrow,"28, 878",27-05-2014,en,13.7482,7.64,15149,Action|Science Fiction,Movie
94570,The Kiss,"18, 10749",1896-04-01,en,13.7284,5.237,150,Drama|Romance,Movie
573435,Bad Boys: Ride or Die,"28, 35, 80",05-06-2024,en,13.7281,7.324,3360,Action|Comedy|Crime,Movie
515916,Girl,18,18-09-2018,nl,13.7233,7.159,766,Drama,Movie
1717233,Married Alive,"53, 18",21-06-2026,en,13.7113,0,0,Thriller|Drama,Movie
1088434,Hellfire,"28, 53",14-05-2026,en,13.705,5.7,9,Action|Thriller,Movie
10144,The Little Mermaid,"16, 10751, 14",17-11-1989,en,13.6991,7.35,8434,Animation|Family|Fantasy,Movie
24,Kill Bill: Vol. 1,"28, 80",10-10-2003,en,13.6922,7.973,19035,Action|Crime,Movie
664035,Love Sarah,"35, 18, 10749",02-07-2020,en,13.6846,6.241,81,Comedy|Drama|Romance,Movie
436270,Black Adam,"28, 12, 878",19-10-2022,en,13.6846,6.798,7061,Action|Adventure|Science Fiction,Movie
359410,Road House,"28, 53, 18",08-03-2024,en,13.6833,6.944,3086,Action|Thriller|Drama,Movie
1709323,Deep Within,"18, 53, 9648",16-05-2026,tr,13.6734,10,1,Drama|Thriller|Mystery,Movie
408,Snow White and the Seven Dwarfs,"14, 16, 10751",22-01-1938,en,13.6651,7.1,8001,Fantasy|Animation|Family,Movie
418578,The Quest of the Sex: A Holly Hole,18,03-08-2005,zh,13.6555,4,1,Drama,Movie
1368314,Passenger,"27, 53",20-05-2026,en,13.6534,6.216,74,Horror|Thriller,Movie
1469164,Casa Grande,"18, 37",01-05-2026,en,13.6509,7.7,3,Drama|Western,Movie
57158,The Hobbit: The Desolation of Smaug,"14, 12, 28",11-12-2013,en,13.6479,7.58,14266,Fantasy|Adventure|Action,Movie
335983,Venom,"878, 28",28-09-2018,en,13.6432,6.826,17297,Science Fiction|Action,Movie
298031,Hope Lost,"18, 53",01-02-2015,it,13.6016,4,54,Drama|Thriller,Movie
1315303,Primate,27,01-01-2026,en,13.5629,6.528,706,Horror,Movie
2109,Rush Hour,"28, 35, 80",18-09-1998,en,13.5628,7.08,5717,Action|Comedy|Crime,Movie
423,The Pianist,"18, 10752",17-09-2002,en,13.5616,8.373,10185,Drama|War,Movie
746036,The Fall Guy,"28, 35, 10749",24-04-2024,en,13.5515,6.956,3822,Action|Comedy|Romance,Movie
11970,Hercules,"16, 10751, 14, 12, 35, 10749",13-06-1997,en,13.5461,7.5,7966,Animation|Family|Fantasy|Adventure|Comedy|Romance,Movie
1268127,Humint,"53, 28, 18",11-02-2026,ko,13.5274,7.48,153,Thriller|Action|Drama,Movie
420818,The Lion King,"12, 18, 10751, 16",12-07-2019,en,13.5268,7.096,10775,Adventure|Drama|Family|Animation,Movie
524047,Greenland,"53, 12, 28, 878",29-07-2020,en,13.5244,7.129,5364,Thriller|Adventure|Action|Science Fiction,Movie
33227,Tapas,"35, 18",06-07-2006,es,13.5147,5.8,37,Comedy|Drama,Movie
1529266,Gladys,"27, 9648",07-09-2028,en,13.5138,0,0,Horror|Mystery,Movie
415541,My Pussy is the Best,"35, 18",10-10-1982,es,13.5033,5,10,Comedy|Drama,Movie
764,The Evil Dead,27,15-10-1981,en,13.5009,7.278,4503,Horror,Movie
1493123,Killhouse,"10752, 28, 18",23-04-2026,uk,13.488,6.429,7,War|Action|Drama,Movie
1367642,Reminders of Him,"10749, 18",11-03-2026,en,13.479,7.728,335,Romance|Drama,Movie
59,A History of Violence,"18, 53, 80",23-09-2005,en,13.4551,7.166,3751,Drama|Thriller|Crime,Movie
1422,The Departed,"18, 53, 80",04-10-2006,en,13.437,8.16,16283,Drama|Thriller|Crime,Movie
598,City of God,"18, 80",30-08-2002,pt,13.4346,8.428,8235,Drama|Crime,Movie
26827,Who's That Girl,"35, 10749",07-08-1987,en,13.4244,5.504,250,Comedy|Romance,Movie
666277,Past Lives,"18, 10749",02-06-2023,en,13.4107,7.699,2345,Drama|Romance,Movie
1193501,Whistle,"27, 9648",20-01-2026,en,13.4086,6.333,497,Horror|Mystery,Movie
1417,Pan's Labyrinth,"14, 18, 10752",11-10-2006,es,13.4056,7.8,11515,Fantasy|Drama|War,Movie
10494,Perfect Blue,"16, 53",28-02-1998,ja,13.3868,8.306,3226,Animation|Thriller,Movie
1214931,Nuremberg,"36, 18",06-11-2025,en,13.3787,7.576,1157,History|Drama,Movie
575264,Mission: Impossible - Dead Reckoning Part One,"28, 12, 53",08-07-2023,en,13.3684,7.505,5165,Action|Adventure|Thriller,Movie
6479,I Am Legend,"18, 878, 53",12-12-2007,en,13.3485,7.218,16920,Drama|Science Fiction|Thriller,Movie
1144107,The Legend of Hei 2,"16, 14, 28, 12",18-07-2025,zh,13.342,8.5,60,Animation|Fantasy|Action|Adventure,Movie
270946,Penguins of Madagascar,"10751, 16, 12, 35",22-11-2014,en,13.3291,6.537,4495,Family|Animation|Adventure|Comedy,Movie
161,Ocean's Eleven,"53, 80",07-12-2001,en,13.3257,7.461,12623,Thriller|Crime,Movie
1368,First Blood,"28, 53, 18",22-10-1982,en,13.3219,7.5,6927,Action|Thriller|Drama,Movie
207703,Kingsman: The Secret Service,"80, 35, 28, 12",24-01-2015,en,13.3188,7.62,17881,Crime|Comedy|Action|Adventure,Movie
102651,Maleficent,"14, 12, 28, 10751, 10749",28-05-2014,en,13.3146,7.088,13774,Fantasy|Adventure|Action|Family|Romance,Movie
335,Once Upon a Time in the West,"18, 37",21-12-1968,it,13.3137,8.3,4928,Drama|Western,Movie
1493859,Pizza Movie,"35, 12, 14",13-03-2026,en,13.3006,6.41,122,Comedy|Adventure|Fantasy,Movie
629,The Usual Suspects,"18, 80, 53",19-07-1995,en,13.2778,8.168,11471,Drama|Crime|Thriller,Movie
210911,Rigor Mortis,"27, 28, 18",23-10-2013,cn,13.2495,6.065,201,Horror|Action|Drama,Movie
1707277,DRUMMER,"10749, 10402",28-05-2026,en,13.2446,10,1,Romance|Music,Movie
619979,Deep Water,"18, 9648, 53",17-03-2022,en,13.2104,5.83,1658,Drama|Mystery|Thriller,Movie
1477108,Maninilip,"18, 53",23-05-2025,tl,13.19,7.5,4,Drama|Thriller,Movie
1657157,Cuckoo,53,01-01-2028,en,13.1828,0,0,Thriller,Movie
773543,Fib the Truth,"18, 53",09-09-2021,ru,13.1461,5.8,91,Drama|Thriller,Movie
21058,Spring in a Small Town,"18, 10749",01-02-1948,zh,13.1354,7.2,108,Drama|Romance,Movie
405818,Door II: Tokyo Diary,"18, 53",25-04-1991,ja,13.1339,6.2,15,Drama|Thriller,Movie
843,In the Mood for Love,"18, 10749",29-09-2000,cn,13.1171,8.087,3278,Drama|Romance,Movie
257344,Pixels,"28, 35, 878",16-07-2015,en,13.1137,5.784,8078,Action|Comedy|Science Fiction,Movie
550988,Free Guy,"35, 12, 878",11-08-2021,en,13.1033,7.452,9885,Comedy|Adventure|Science Fiction,Movie
458083,Covet: Island of Desire,10749,04-05-2017,ko,13.0953,5.5,14,Romance,Movie
18334,Guinea Pig: Devil's Experiment,27,04-09-1985,ja,13.0803,4.784,160,Horror,Movie
196404,A Desperate Crime,"53, 18, 80",01-06-1906,fr,13.0799,6.441,17,Thriller|Drama|Crime,Movie
20526,TRON: Legacy,"12, 28, 878",14-12-2010,en,13.0744,6.5,7978,Adventure|Action|Science Fiction,Movie
1390382,Couture,18,18-02-2026,fr,13.0728,6.3,41,Drama,Movie
10591,The Girl Next Door,"35, 10749",09-04-2004,en,13.0716,6.749,4058,Comedy|Romance,Movie
1708701,Dégradant,"35, 28",10-06-2026,fr,13.0681,10,3,Comedy|Action,Movie
127585,X-Men: Days of Future Past,"28, 12, 878",15-05-2014,en,13.049,7.532,16322,Action|Adventure|Science Fiction,Movie
566525,Shang-Chi and the Legend of the Ten Rings,"28, 12, 14",01-09-2021,en,13.023,7.495,10447,Action|Adventure|Fantasy,Movie
11423,Memories of Murder,"80, 18, 53",25-04-2003,ko,13.0098,8.059,4640,Crime|Drama|Thriller,Movie
1410937,Balan - The Boy,18,19-06-2026,ml,12.9925,7.333,3,Drama,Movie
176,Saw,"27, 9648, 80",01-10-2004,en,12.9881,7.423,10115,Horror|Mystery|Crime,Movie
426063,Nosferatu,"27, 14",25-12-2024,en,12.9846,6.7,3709,Horror|Fantasy,Movie
246655,X-Men: Apocalypse,"878, 14, 28",18-05-2016,en,12.965,6.526,13827,Science Fiction|Fantasy|Action,Movie
338803,The Treacherous,"18, 36, 80",21-05-2015,ko,12.9647,6.1,91,Drama|History|Crime,Movie
1714770,『チェンソーマン』9 巻発売記念スペシャルPV,"16, 14",04-05-2020,ja,12.9604,10,1,Animation|Fantasy,Movie
1663082,The Last Supper,27,23-10-2025,en,12.9401,7,5,Horror,Movie
497698,Black Widow,"28, 12, 878",07-07-2021,en,12.9376,7.166,11290,Action|Adventure|Science Fiction,Movie
4588,"Lust, Caution","28, 18, 10749, 53",24-09-2007,zh,12.9339,7.28,813,Action|Drama|Romance|Thriller,Movie
770156,Lucy Shimmers and the Prince of Peace,"18, 10751",19-10-2020,en,12.9314,8.389,364,Drama|Family,Movie
792723,Why My Sister-in-law Comes Out of There,10749,24-11-2020,ko,12.9194,4,1,Romance,Movie
1715546,AGAIN,"9648, 27",,en,12.9169,10,1,Mystery|Horror,Movie
963261,"Son's Girlfriend, Daddy's Girlfriend 2",10749,01-04-2022,ko,12.9127,4.333,3,Romance,Movie
64641,Monika,"10749, 18",28-02-1974,it,12.9076,4.7,20,Romance|Drama,Movie
1628367,Kartavya,"80, 18, 53",15-05-2026,hi,12.9064,6.675,20,Crime|Drama|Thriller,Movie
242,The Godfather Part III,"80, 18, 53",25-12-1990,en,12.88,7.419,6900,Crime|Drama|Thriller,Movie
378236,The Emoji Movie,"16, 10751, 35",23-07-2017,en,12.8599,5.385,3330,Animation|Family|Comedy,Movie
1575337,Cosmic Princess Kaguya!,"16, 14, 10402, 878",22-01-2026,ja,12.8541,8.4,89,Animation|Fantasy|Music|Science Fiction,Movie
438695,Sing 2,"16, 35, 10751, 10402",01-12-2021,en,12.854,7.834,4799,Animation|Comedy|Family|Music,Movie
49444,Kung Fu Panda 2,"16, 10751, 35, 28",25-05-2011,en,12.7955,7.07,7940,Animation|Family|Comedy|Action,Movie
926393,The Equalizer 3,"28, 53, 80",30-08-2023,en,12.189,7.3,3760,Action|Thriller|Crime,Movie
1129104,Flavia,"10751, 12, 9648, 35",12-04-2026,en,11.3768,6.2,6,Family|Adventure|Mystery|Comedy,Movie
297090,The Torture Club,"18, 35",19-07-2014,ja,11.2249,5.2,51,Drama|Comedy,Movie
351286,Jurassic World: Fallen Kingdom,"12, 878, 53",06-06-2018,en,12.1245,6.5,12813,Adventure|Science Fiction|Thriller,Movie
217,Indiana Jones and the Kingdom of the Crystal Skull,"12, 28",21-05-2008,en,12.0902,6.026,9057,Adventure|Action,Movie
254,King Kong,"12, 18, 28",12-12-2005,en,12.1149,6.9,8541,Adventure|Drama|Action,Movie
373571,Godzilla: King of the Monsters,"878, 28",29-05-2019,en,12.6563,6.691,6752,Science Fiction|Action,Movie
1083637,Kantara - A Legend: Chapter 1,"28, 18, 14",01-10-2025,kn,10.8573,7.149,87,Action|Drama|Fantasy,Movie
6435,Practical Magic,"10749, 35, 14",16-10-1998,en,12.1249,6.8,1719,Romance|Comedy|Fantasy,Movie
653346,Kingdom of the Planet of the Apes,"878, 12, 28",08-05-2024,en,12.6708,7.054,4290,Science Fiction|Adventure|Action,Movie
615453,Ne Zha,"16, 14, 12",26-07-2019,zh,11.3173,7.908,885,Animation|Fantasy|Adventure,Movie
645710,The Voyeurs,53,25-08-2021,en,12.7186,6.514,1203,Thriller,Movie
1891,The Empire Strikes Back,"12, 28, 878",20-05-1980,en,12.7032,8.391,18496,Adventure|Action|Science Fiction,Movie
76,Before Sunrise,"18, 10749",27-01-1995,en,12.6944,7.972,4720,Drama|Romance,Movie
781732,Animal,"28, 80, 18",01-12-2023,hi,12.694,6.156,196,Action|Crime|Drama,Movie
1656677,Ordinary Heroes,"99, 10751, 18",01-01-2028,en,12.6812,0,0,Documentary|Family|Drama,Movie
115290,Blue Lagoon: The Awakening,"18, 12, 10749, 10770",16-06-2012,en,12.6728,6.457,1508,Drama|Adventure|Romance|TV Movie,Movie
9552,The Exorcist,"27, 18",26-12-1973,en,12.6589,7.745,8689,Horror|Drama,Movie
281957,The Revenant,"37, 18, 12",25-12-2015,en,12.6352,7.54,19387,Western|Drama|Adventure,Movie
604,The Matrix Reloaded,"12, 28, 53, 878",15-05-2003,en,12.6315,7.079,12034,Adventure|Action|Thriller|Science Fiction,Movie
110143,Craving Desire,"18, 53",09-06-1993,it,12.6208,4.8,35,Drama|Thriller,Movie
181812,Star Wars: The Rise of Skywalker,"12, 28, 878",18-12-2019,en,12.6177,6.265,10890,Adventure|Action|Science Fiction,Movie
72105,Ted,"35, 14",29-06-2012,en,12.6157,6.454,13233,Comedy|Fantasy,Movie
454626,Sonic the Hedgehog,"28, 878, 35, 10751",12-02-2020,en,12.6078,7.281,10424,Action|Science Fiction|Comedy|Family,Movie
493922,Hereditary,"27, 9648, 53",07-06-2018,en,12.6042,7.294,8653,Horror|Mystery|Thriller,Movie
810,Shrek the Third,"14, 12, 16, 35, 10751",17-05-2007,en,12.6014,6.311,9818,Fantasy|Adventure|Animation|Comedy|Family,Movie
204082,Homefront,"28, 53",12-11-2013,en,12.5957,6.944,3878,Action|Thriller,Movie
1708860,ARROCCO 2,28,,it,12.5336,10,1,Action,Movie
359724,Ford v Ferrari,"18, 36",13-11-2019,en,12.5256,8.007,9044,Drama|History,Movie
1034541,Terrifier 3,27,09-10-2024,en,12.515,6.785,1977,Horror,Movie
166426,Pirates of the Caribbean: Dead Men Tell No Tales,"12, 28, 14",23-05-2017,en,12.5031,6.661,12860,Adventure|Action|Fantasy,Movie
505642,Black Panther: Wakanda Forever,"28, 12, 878",09-11-2022,en,12.4872,7.005,7514,Action|Adventure|Science Fiction,Movie
607,Men in Black,"28, 12, 35, 878",02-07-1997,en,12.4776,7.225,14904,Action|Adventure|Comedy|Science Fiction,Movie
718930,Bullet Train,"28, 35, 53",03-08-2022,en,12.4774,7.412,7606,Action|Comedy|Thriller,Movie
283995,Guardians of the Galaxy Vol. 2,"878, 12, 28",25-04-2017,en,12.4746,7.6,23007,Science Fiction|Adventure|Action,Movie
37135,Tarzan,"16, 10751, 12",17-06-1999,en,12.4725,7.407,7369,Animation|Family|Adventure,Movie
1669050,Tayuan 2,18,17-04-2026,tl,12.4616,4.9,8,Drama,Movie
1659087,180,"53, 80, 18, 10770",16-04-2026,en,12.4492,5.803,122,Thriller|Crime|Drama|TV Movie,Movie
27154,Happy End,"18, 10749",11-12-1999,ko,12.4167,6.6,77,Drama|Romance,Movie
1327821,Incredibles 3,"28, 12, 16, 10751, 878",15-06-2028,en,12.4149,0,0,Action|Adventure|Animation|Family|Science Fiction,Movie
1710886,Sugar Mommy,18,09-06-2026,tl,12.3834,0,0,Drama,Movie
679,Aliens,"28, 53, 878",18-07-1986,en,12.3751,7.964,10916,Action|Thriller|Science Fiction,Movie
11544,Lilo & Stitch,"16, 10751, 35, 878",21-06-2002,en,12.35,7.6,7123,Animation|Family|Comedy|Science Fiction,Movie
76492,Hotel Transylvania,"16, 35, 10751, 14",20-09-2012,en,12.3406,6.965,9203,Animation|Comedy|Family|Fantasy,Movie
432279,Melancoly Baby,"10749, 18",29-08-1979,fr,12.3373,6.333,3,Romance|Drama,Movie
508943,Luca,"16, 10751, 14, 18, 35",17-06-2021,en,12.335,7.78,8982,Animation|Family|Fantasy|Drama|Comedy,Movie
630,The Wizard of Oz,"12, 14, 10751",15-08-1939,en,12.3297,7.6,6143,Adventure|Fantasy|Family,Movie
10607,Don't Be a Menace to South Central While Drinking Your Juice in the Hood,"35, 80",12-01-1996,en,12.3239,7,1526,Comedy|Crime,Movie
370172,No Time to Die,"28, 53, 12",29-09-2021,en,12.3064,7.338,7162,Action|Thriller|Adventure,Movie
88013,Poor Pierrot,"35, 16",1892-10-28,fr,12.2959,6.085,118,Comedy|Animation,Movie
1734,The Mummy Returns,"12, 28, 14",04-05-2001,en,12.2672,6.407,7726,Adventure|Action|Fantasy,Movie
1084736,The Count of Monte Cristo,"12, 28, 18",28-06-2024,fr,12.2585,7.903,2046,Adventure|Action|Drama,Movie
592695,Pleasure,18,08-10-2021,sv,12.2471,6.268,799,Drama,Movie
14161,2012,"28, 12, 878",10-10-2009,en,12.2337,5.883,12790,Action|Adventure|Science Fiction,Movie
701387,Bugonia,"878, 53, 35",23-10-2025,en,12.2314,7.311,2034,Science Fiction|Thriller|Comedy,Movie
2288,Closer,"18, 10749",03-12-2004,en,12.224,6.834,3752,Drama|Romance,Movie
10527,Madagascar: Escape 2 Africa,"12, 16, 35, 10751",30-10-2008,en,12.2086,6.527,7463,Adventure|Animation|Comedy|Family,Movie
1719155,Gato Encerrado,"53, 28, 80",22-06-2026,es,12.1995,0,0,Thriller|Action|Crime,Movie
1257009,Primitive War,"28, 27, 10752, 878",21-08-2025,en,12.1962,6.7,370,Action|Horror|War|Science Fiction,Movie
861,Total Recall,"28, 12, 878",01-06-1990,en,12.188,7.322,6509,Action|Adventure|Science Fiction,Movie
1278162,Panor,"27, 53",16-01-2025,th,12.178,6.889,9,Horror|Thriller,Movie
853376,Villa Maids,18,21-05-2021,ko,12.1595,2.5,2,Drama,Movie
36647,Blade,"27, 28",21-08-1998,en,12.1562,6.84,6749,Horror|Action,Movie
82702,How to Train Your Dragon 2,"14, 28, 12, 16, 10751",05-06-2014,en,12.1447,7.683,10483,Fantasy|Action|Adventure|Animation|Family,Movie
74,War of the Worlds,"12, 53, 878",28-06-2005,en,12.1411,6.55,9244,Adventure|Thriller|Science Fiction,Movie
1949,Zodiac,"80, 9648, 53",02-03-2007,en,12.1343,7.531,11611,Crime|Mystery|Thriller,Movie
140300,Kung Fu Panda 3,"16, 28, 12, 35, 10751",23-01-2016,en,12.1336,6.929,6626,Animation|Action|Adventure|Comedy|Family,Movie
447332,A Quiet Place,"27, 18, 878",03-04-2018,en,12.128,7.393,15409,Horror|Drama|Science Fiction,Movie
1368881,Ladies First,"35, 14",21-05-2026,en,12.109,6.007,371,Comedy|Fantasy,Movie
36557,Casino Royale,"12, 28, 53",14-11-2006,en,12.1087,7.572,11747,Adventure|Action|Thriller,Movie
402,Basic Instinct,"53, 9648",20-03-1992,en,12.1085,6.949,4402,Thriller|Mystery,Movie
73,American History X,18,01-07-1998,en,12.099,8.327,12643,Drama,Movie
1473332,No One Will Hear Your Scream,"27, 53",05-09-2025,es,12.0921,5.375,8,Horror|Thriller,Movie
1421903,Werwulf,27,25-12-2026,en,12.0715,0,0,Horror,Movie
420817,Aladdin,"12, 14, 10749, 10751",22-05-2019,en,12.0675,7.083,10651,Adventure|Fantasy|Romance|Family,Movie
879945,The Unknown Man,18,16-10-2021,nl,12.0627,7.8,9,Drama,Movie
454640,The Angry Birds Movie 2,"16, 12, 35, 10751",02-08-2019,en,12.0557,7.053,1898,Animation|Adventure|Comedy|Family,Movie
1717481,Confined,"28, 80, 18",18-06-2026,en,12.0535,0,0,Action|Crime|Drama,Movie
1300926,The Angry Birds Movie 3,"16, 35, 10751",23-12-2026,en,12.048,0,0,Animation|Comedy|Family,Movie
530442,"My Teacher, My Obsession","18, 53, 10770",12-06-2018,en,12.0238,4.94,110,Drama|Thriller|TV Movie,Movie
166428,How to Train Your Dragon: The Hidden World,"16, 10751, 12",03-01-2019,en,12.0229,7.753,7144,Animation|Family|Adventure,Movie
601,E.T. the Extra-Terrestrial,"12, 878, 10751",11-06-1982,en,12.0168,7.517,12042,Adventure|Science Fiction|Family,Movie
1704058,Semi-Detached,"10749, 18",29-05-2026,en,12.0137,10,1,Romance|Drama,Movie
162,Edward Scissorhands,"14, 18, 10749",07-12-1990,en,12.0136,7.72,13824,Fantasy|Drama|Romance,Movie
370663,Below Her Mouth,"18, 10749",10-02-2017,en,12.0086,6.806,1299,Drama|Romance,Movie
15512,Monsters vs Aliens,"16, 10751, 12, 878",19-03-2009,en,11.9941,6.255,4993,Animation|Family|Adventure|Science Fiction,Movie
9802,The Rock,"28, 12, 53",07-06-1996,en,11.9864,7.152,5223,Action|Adventure|Thriller,Movie
1035259,The Naked Gun,"35, 28, 80",30-07-2025,en,11.968,6.372,1780,Comedy|Action|Crime,Movie
792307,Poor Things,"878, 10749, 35",07-12-2023,en,11.9627,7.638,5533,Science Fiction|Romance|Comedy,Movie
500,Reservoir Dogs,"80, 53",02-09-1992,en,11.9572,8.114,15526,Crime|Thriller,Movie
1072790,Anyone But You,"10749, 35",21-12-2023,en,11.9559,6.766,3103,Romance|Comedy,Movie
1248226,Playdate,"28, 35, 10751",04-11-2025,en,11.947,6.111,615,Action|Comedy|Family,Movie
439079,The Nun,27,05-09-2018,en,11.9325,5.904,7191,Horror,Movie
1924,Superman,"878, 28, 12",14-12-1978,en,11.9181,7.166,4307,Science Fiction|Action|Adventure,Movie
1396,Mirror,"18, 36",07-03-1975,ru,11.9181,7.955,1094,Drama|History,Movie
812583,Wake Up Dead Man: A Knives Out Mystery,"53, 9648, 35",26-11-2025,en,11.9144,7.208,2583,Thriller|Mystery|Comedy,Movie
338953,Fantastic Beasts: The Secrets of Dumbledore,"14, 12",06-04-2022,en,11.8928,6.627,5128,Fantasy|Adventure,Movie
1130863,Belle,"18, 53",13-03-2025,fr,11.8852,5.956,34,Drama|Thriller,Movie
508883,The Boy and the Heron,"16, 14, 18",14-07-2023,ja,11.8807,7.397,2660,Animation|Fantasy|Drama,Movie
427641,Rampage,"28, 12, 878",11-04-2018,en,11.8774,6.463,7587,Action|Adventure|Science Fiction,Movie
242582,Nightcrawler,"80, 18, 53",23-10-2014,en,11.8664,7.709,11784,Crime|Drama|Thriller,Movie
185,A Clockwork Orange,"878, 80",28-10-1971,en,11.8511,8.176,13879,Science Fiction|Crime,Movie
204315,Sensual Pleasures,"18, 27, 14, 53",25-08-1978,zh,11.8418,4.8,9,Drama|Horror|Fantasy|Thriller,Movie
1421155,Ikatan Darah,"28, 80, 53",30-04-2026,id,11.8395,6.5,4,Action|Crime|Thriller,Movie
14001,Dead Silence,27,16-03-2007,en,11.8304,6.451,2461,Horror,Movie
635302,Demon Slayer -Kimetsu no Yaiba- The Movie: Mugen Train,"16, 28, 14",16-10-2020,ja,11.8301,8.218,4558,Animation|Action|Fantasy,Movie
102899,Ant-Man,"878, 12, 28",14-07-2015,en,11.8261,7.066,20921,Science Fiction|Adventure|Action,Movie
75656,Now You See Me,"53, 80",29-05-2013,en,11.8261,7.33,16856,Thriller|Crime,Movie
384018,Fast & Furious Presents: Hobbs & Shaw,"28, 12, 35",31-07-2019,en,11.8226,6.831,7795,Action|Adventure|Comedy,Movie
353081,Mission: Impossible - Fallout,"28, 12",25-07-2018,en,11.8196,7.451,9174,Action|Adventure,Movie
1476453,Kirot,18,30-09-2025,tl,11.7981,5.5,2,Drama,Movie
87101,Terminator Genisys,"878, 28, 53",23-06-2015,en,11.7741,6,9010,Science Fiction|Action|Thriller,Movie
1703429,Elevator Killings,"9648, 53, 80",28-05-2026,en,11.7666,10,1,Mystery|Thriller|Crime,Movie
1621114,Sleeping Beauty Next Door,"35, 18, 10749",16-01-2026,en,11.7544,9.667,3,Comedy|Drama|Romance,Movie
348893,Boyka: Undisputed IV,"28, 18, 53, 80",01-08-2016,en,11.7446,7.203,1468,Action|Drama|Thriller|Crime,Movie
81005,Jack the Giant Slayer,"14, 28, 12, 18",27-02-2013,en,11.744,5.893,5262,Fantasy|Action|Adventure|Drama,Movie
293167,Kong: Skull Island,"28, 12, 14",08-03-2017,en,11.7406,6.554,11179,Action|Adventure|Fantasy,Movie
22575,Go West,"35, 37",06-12-1940,en,11.7401,6.542,96,Comedy|Western,Movie
16859,Kiki's Delivery Service,"16, 10751, 14",29-07-1989,ja,11.7294,7.8,4608,Animation|Family|Fantasy,Movie
299537,Captain Marvel,"28, 12, 878",06-03-2019,en,11.7287,6.78,16804,Action|Adventure|Science Fiction,Movie
1231914,Female Workers: Romance at Work 3,10749,25-11-2023,ko,11.7189,4,1,Romance,Movie
15121,The Sound of Music,"18, 10751, 10402, 10749",29-03-1965,en,11.7138,7.7,3646,Drama|Family|Music|Romance,Movie
585511,Luck,"16, 12, 35, 14, 10751",05-08-2022,en,11.7044,7.723,1979,Animation|Adventure|Comedy|Fantasy|Family,Movie
141052,Justice League,"28, 12, 878",15-11-2017,en,11.6912,6.073,13710,Action|Adventure|Science Fiction,Movie
59967,Looper,"28, 53, 878",26-09-2012,en,11.6855,6.911,10955,Action|Thriller|Science Fiction,Movie
1097549,Babygirl,"10749, 53",25-12-2024,en,11.6754,5.707,1221,Romance|Thriller,Movie
38575,The Karate Kid,"28, 12, 18, 10751",10-06-2010,en,11.6734,6.569,6592,Action|Adventure|Drama|Family,Movie
335797,Sing,"16, 35, 10751, 10402",23-11-2016,en,11.6694,7.125,8451,Animation|Comedy|Family|Music,Movie
818647,Through My Window,"10749, 18, 35",04-02-2022,es,11.6655,7.352,3351,Romance|Drama|Comedy,Movie
381288,Split,"27, 53",19-01-2017,en,11.665,7.341,18381,Horror|Thriller,Movie
675353,Sonic the Hedgehog 2,"28, 12, 10751, 35",30-03-2022,en,11.6621,7.427,5897,Action|Adventure|Family|Comedy,Movie
11836,The SpongeBob SquarePants Movie,"12, 16, 35, 10751, 14",19-11-2004,en,11.6548,7.089,3220,Adventure|Animation|Comedy|Family|Fantasy,Movie
770,Gone with the Wind,"18, 10752, 10749",15-12-1939,en,11.645,7.9,4399,Drama|War|Romance,Movie
38055,Megamind,"16, 28, 35, 10751, 878",28-10-2010,en,11.6361,7.03,7510,Animation|Action|Comedy|Family|Science Fiction,Movie
10192,Shrek Forever After,"35, 12, 14, 16, 10751",20-05-2010,en,11.6286,6.404,7983,Comedy|Adventure|Fantasy|Animation|Family,Movie
46195,Rio,"16, 12, 35, 10751",03-04-2011,en,11.6187,6.766,7205,Animation|Adventure|Comedy|Family,Movie
18491,Neon Genesis Evangelion: The End of Evangelion,"16, 878, 18, 14",19-07-1997,ja,11.6103,8.3,1872,Animation|Science Fiction|Drama|Fantasy,Movie
793602,Favorite Concubine,18,24-12-2020,ko,11.6048,5,2,Drama,Movie
109418,Grown Ups 2,35,11-07-2013,en,11.5935,6.179,4724,Comedy,Movie
1717744,Escape Room,"27, 53, 9648, 10770",14-07-2022,en,11.593,0,0,Horror|Thriller|Mystery|TV Movie,Movie
114,Pretty Woman,"10749, 35",23-03-1990,en,11.5894,7.448,9022,Romance|Comedy,Movie
1327862,Regretting You,"10749, 18",22-10-2025,en,11.5891,7.008,439,Romance|Drama,Movie
104894,A Garden Without Birds,27,01-12-1992,ja,11.5833,4.9,9,Horror,Movie
1813,The Devil's Advocate,"27, 18, 9648",17-10-1997,en,11.5738,7.477,6842,Horror|Drama|Mystery,Movie
28178,Hachi: A Dog's Tale,"18, 10751",08-06-2009,en,11.5717,8.008,7211,Drama|Family,Movie
9820,The Parent Trap,"35, 10751, 10749",28-07-1998,en,11.5702,7.217,4554,Comedy|Family|Romance,Movie
430412,The Daytime Doorman,"10749, 35",30-11-2016,pt,11.569,6.3,13,Romance|Comedy,Movie
69007,The Honorary Consul,"28, 18, 10749",30-09-1983,en,11.5596,5.8,60,Action|Drama|Romance,Movie
458156,John Wick: Chapter 3 - Parabellum,"28, 53, 80",15-05-2019,en,11.5511,7.44,11804,Action|Thriller|Crime,Movie
9902,Wrong Turn,"27, 53",30-05-2003,en,11.5471,6.404,3027,Horror|Thriller,Movie
297802,Aquaman,"28, 12, 14",07-12-2018,en,11.5424,6.868,14958,Action|Adventure|Fantasy,Movie
37799,The Social Network,18,01-10-2010,en,11.5297,7.375,13221,Drama,Movie
1448560,Wildcat,"28, 53",19-11-2025,en,11.5069,6.193,179,Action|Thriller,Movie
17654,District 9,878,05-08-2009,en,11.5068,7.472,10397,Science Fiction,Movie
969492,Land of Bad,"28, 10752, 53",09-02-2024,en,11.5034,7.258,1509,Action|War|Thriller,Movie
616037,Thor: Love and Thunder,"14, 28, 35",06-07-2022,en,11.4739,6.367,8610,Fantasy|Action|Comedy,Movie
698779,Room Salon College Girls 3,"10749, 28",17-04-2020,ko,11.472,4.9,7,Romance|Action,Movie
1295400,The Last Viking,"35, 80, 18",09-10-2025,da,11.4686,7.291,148,Comedy|Crime|Drama,Movie
12104,Pink Floyd: The Wall,"10402, 18",14-07-1982,en,11.4685,7.93,1660,Music|Drama,Movie
474350,It Chapter Two,"27, 53, 18",04-09-2019,en,11.4605,6.838,9663,Horror|Thriller|Drama,Movie
287649,Scarlet Innocence,"53, 18, 10749",02-10-2014,ko,11.4493,6.113,71,Thriller|Drama|Romance,Movie
532794,Sex Plate 17,"35, 18, 10749",13-11-2017,ko,11.4413,6.2,13,Comedy|Drama|Romance,Movie
646385,Scream,"27, 9648",12-01-2022,en,11.4394,6.688,3908,Horror|Mystery,Movie
1245859,Savage House,"18, 35",05-06-2026,en,11.4353,6.864,11,Drama|Comedy,Movie
177677,Mission: Impossible - Rogue Nation,"28, 12",28-07-2015,en,11.4255,7.225,9752,Action|Adventure,Movie
194,Amélie,"35, 10749",25-04-2001,fr,11.415,7.919,12450,Comedy|Romance,Movie
64439,A Flame in My Heart,18,03-06-1987,fr,11.4117,6.071,14,Drama,Movie
1719203,Pont Ravaud,"27, 18, 53, 878, 9648",,fr,11.41,10,1,Horror|Drama|Thriller|Science Fiction|Mystery,Movie
76338,Thor: The Dark World,"28, 12, 14",30-10-2013,en,11.4099,6.512,18386,Action|Adventure|Fantasy,Movie
153518,The Angry Birds Movie,"16, 12, 35, 10751",11-05-2016,en,11.409,6.273,4023,Animation|Adventure|Comedy|Family,Movie
507089,Five Nights at Freddy's,"27, 53",25-10-2023,en,11.4025,7.3,5056,Horror|Thriller,Movie
1642859,Iron Maiden: Burning Ambition,"99, 10402",07-05-2026,en,11.4012,7.3,18,Documentary|Music,Movie
70981,Prometheus,"878, 9648, 27",30-05-2012,en,11.3779,6.598,13319,Science Fiction|Mystery|Horror,Movie
179038,Fire!,"28, 18",22-10-1901,en,11.3772,5.8,43,Action|Drama,Movie
1011477,Karate Kid: Legends,"28, 12, 18",08-05-2025,en,11.3731,7,1224,Action|Adventure|Drama,Movie
116745,The Secret Life of Walter Mitty,"35, 18, 14",18-12-2013,en,11.3729,7.225,8303,Comedy|Drama|Fantasy,Movie
252522,The Happy Life of Debbie,18,26-01-2012,zh,11.3687,6.5,1,Drama,Movie
4561,The Story of O,18,27-08-1975,fr,11.3659,5.5,184,Drama,Movie
381284,Hidden Figures,"18, 36",10-12-2016,en,11.3564,8.045,10491,Drama|History,Movie
1549519,Sex Trip,"18, 10749",20-02-2026,tl,11.354,6,4,Drama|Romance,Movie
131631,The Hunger Games: Mockingjay - Part 1,"878, 12, 53",19-11-2014,en,11.3454,6.817,16771,Science Fiction|Adventure|Thriller,Movie
124905,Godzilla,"28, 18, 878",14-05-2014,en,11.3396,6.362,9829,Action|Drama|Science Fiction,Movie
854,The Mask,"35, 14, 80, 10749",29-07-1994,en,11.3327,6.992,11323,Comedy|Fantasy|Crime|Romance,Movie
967941,Wicked: For Good,"14, 12, 10749",19-11-2025,en,11.3287,6.6,1044,Fantasy|Adventure|Romance,Movie
62211,Monsters University,"16, 10751, 35, 14",19-06-2013,en,11.3188,7.052,11365,Animation|Family|Comedy|Fantasy,Movie
508642,Gonjiam: Haunted Asylum,"27, 9648",28-03-2018,ko,11.3179,7.275,950,Horror|Mystery,Movie
1071585,M3GAN 2.0,"28, 878, 53",25-06-2025,en,11.3175,7.196,1377,Action|Science Fiction|Thriller,Movie
126889,Alien: Covenant,"27, 878",09-05-2017,en,11.3168,6.177,9472,Horror|Science Fiction,Movie
257444,The Boy,"18, 27, 53",14-08-2015,en,11.3068,5.729,199,Drama|Horror|Thriller,Movie
87827,Life of Pi,"12, 18",20-11-2012,en,11.2973,7.41,13817,Adventure|Drama,Movie
44214,Black Swan,"18, 53, 27",03-12-2010,en,11.2971,7.685,15613,Drama|Thriller|Horror,Movie
766507,Prey,"53, 28, 878",02-08-2022,en,11.2816,7.659,7774,Thriller|Action|Science Fiction,Movie
1893,Star Wars: Episode I - The Phantom Menace,"12, 28, 878",19-05-1999,en,11.2783,6.578,15908,Adventure|Action|Science Fiction,Movie
452832,Serenity,"53, 9648, 18",24-01-2019,en,11.2735,5.5,1637,Thriller|Mystery|Drama,Movie
324852,Despicable Me 3,"28, 16, 35, 10751, 12",15-06-2017,en,11.2529,6.469,7657,Action|Animation|Comedy|Family|Adventure,Movie
629542,The Bad Guys,"28, 16, 35, 80, 10751",17-03-2022,en,11.2419,7.526,2582,Action|Animation|Comedy|Crime|Family,Movie
255709,Hope,18,02-10-2013,ko,11.238,8.401,866,Drama,Movie
142,Brokeback Mountain,"18, 10749",22-10-2005,en,11.2356,7.8,7591,Drama|Romance,Movie
760104,X,27,17-03-2022,en,11.2211,6.7,3997,Horror,Movie
1241634,Saiyaara,"10749, 18, 10402",18-07-2025,hi,11.2059,6.402,143,Romance|Drama|Music,Movie
842675,The Wandering Earth II,"878, 28, 12",22-01-2023,zh,11.2037,7.289,726,Science Fiction|Action|Adventure,Movie
107,Snatch,"80, 35",01-09-2000,en,11.1958,7.825,10037,Crime|Comedy,Movie
1558796,Never Change!,35,09-06-2026,en,11.191,6.423,13,Comedy,Movie
10555,Shark Tale,"16, 28, 35, 10751",20-09-2004,en,11.1853,6.043,6735,Animation|Action|Comedy|Family,Movie
813,Airplane!,35,27-06-1980,en,11.1786,7.307,5103,Comedy,Movie
1403735,Laila,"35, 10749",14-02-2025,te,11.1611,5.25,8,Comedy|Romance,Movie
1588846,Ekis,18,19-12-2025,tl,11.1559,6.2,4,Drama,Movie
1235877,Jana Nayagan,"28, 18, 878",,ta,11.1554,0,0,Action|Drama|Science Fiction,Movie
1273739,The Catch,"35, 10749",21-05-2027,en,11.1519,0,0,Comedy|Romance,Movie
291805,Now You See Me 2,"80, 53",02-06-2016,en,11.1516,6.827,11625,Crime|Thriller,Movie
1287141,Pillion,"10749, 18, 35",28-11-2025,en,11.1493,6.392,245,Romance|Drama|Comedy,Movie
615,The Passion of the Christ,18,25-02-2004,en,11.144,7.544,5228,Drama,Movie
346364,It,"27, 53, 18",06-09-2017,en,11.1425,7.241,20388,Horror|Thriller|Drama,Movie
270303,It Follows,"27, 9648",04-02-2015,en,11.1398,6.584,6957,Horror|Mystery,Movie
353486,Jumanji: Welcome to the Jungle,"12, 35, 14, 28",09-12-2017,en,11.1388,6.82,14552,Adventure|Comedy|Fantasy|Action,Movie
377,A Nightmare on Elm Street,27,09-11-1984,en,11.1329,7.346,5771,Horror,Movie
170,28 Days Later,"27, 53, 878",31-10-2002,en,11.1147,7.244,8565,Horror|Thriller|Science Fiction,Movie
1119878,Ice Road: Vengeance,"28, 53, 18",27-06-2025,en,11.0947,6.243,637,Action|Thriller|Drama,Movie
615777,Babylon,"18, 35",22-12-2022,en,11.0938,7.3,3799,Drama|Comedy,Movie
368534,Naked Poison II,"80, 9648, 53",05-06-2002,cn,11.0799,5.2,8,Crime|Mystery|Thriller,Movie
86331,Desire,"18, 10749",06-10-2011,fr,11.0782,6.3,1370,Drama|Romance,Movie
1677610,Herencia,"18, 10749",01-07-2027,es,11.0693,0,0,Drama|Romance,Movie
7131,Van Helsing,"27, 12, 28",03-05-2004,en,11.0572,6.42,6703,Horror|Adventure|Action,Movie
966,The Magnificent Seven,37,12-10-1960,en,11.0442,7.505,2004,Western,Movie
91314,Transformers: Age of Extinction,"878, 28, 12",25-06-2014,en,11.0409,5.968,8799,Science Fiction|Action|Adventure,Movie
504056,Big Brother,"28, 18, 35",16-08-2018,zh,11.0407,7.544,284,Action|Drama|Comedy,Movie
50646,"Crazy, Stupid, Love.","35, 18, 10749",29-07-2011,en,11.0365,7.273,9330,Comedy|Drama|Romance,Movie
335787,Uncharted,"28, 12, 9648",10-02-2022,en,11.031,6.883,6924,Action|Adventure|Mystery,Movie
1467398,Котовасия,"35, 878",25-11-2027,ru,11.0308,0,0,Comedy|Science Fiction,Movie
9470,Kung Fu Hustle,"28, 35, 80, 14",10-02-2004,cn,11.0301,7.498,3218,Action|Comedy|Crime|Fantasy,Movie
1339876,Mardaani 3,"28, 80, 53",30-01-2026,hi,11.028,7.4,35,Action|Crime|Thriller,Movie
273477,Scouts Guide to the Zombie Apocalypse,"35, 27",23-10-2015,en,11.011,6.576,2141,Comedy|Horror,Movie
14,American Beauty,18,15-09-1999,en,11.0032,7.998,13109,Drama,Movie
7518,Over the Hedge,"12, 16, 35, 10751",17-05-2006,en,11,6.599,4879,Adventure|Animation|Comedy|Family,Movie
398818,Call Me by Your Name,"10749, 18",01-10-2017,en,10.9949,8.089,12775,Romance|Drama,Movie
2501,The Bourne Identity,"28, 9648, 53",14-06-2002,en,10.9911,7.48,10144,Action|Mystery|Thriller,Movie
1511417,Bāhubali: The Epic,"28, 18",29-10-2025,te,10.9895,6.2,39,Action|Drama,Movie
62029,Bingo Bongo,35,23-12-1982,it,10.9892,5.707,176,Comedy,Movie
799583,The Ministry of Ungentlemanly Warfare,"28, 35, 10752",18-04-2024,en,10.9868,7.014,1912,Action|Comedy|War,Movie
1358280,Taboo: Family Secrets,"10749, 18, 53",22-10-2024,en,10.9604,5.2,8,Romance|Drama|Thriller,Movie
6844,The Ten Commandments,"18, 36",05-10-1956,en,10.9533,7.785,1879,Drama|History,Movie
297762,Wonder Woman,"28, 12, 14",30-05-2017,en,10.9494,7.208,20951,Action|Adventure|Fantasy,Movie
11631,Mamma Mia!,"35, 10749",03-07-2008,en,10.9457,6.965,7027,Comedy|Romance,Movie
339403,Baby Driver,"28, 80",28-06-2017,en,10.9322,7.444,16893,Action|Crime,Movie
80321,Madagascar 3: Europe's Most Wanted,"16, 10751, 35, 12",06-06-2012,en,10.9321,6.639,6594,Animation|Family|Comedy|Adventure,Movie
1715203,La Traque,"878, 35",01-05-2026,fr,10.9152,10,1,Science Fiction|Comedy,Movie
1319522,Gohan,18,02-04-2026,th,10.912,8.4,7,Drama,Movie
10830,Matilda,"35, 10751, 14",02-08-1996,en,10.911,7.179,4831,Comedy|Family|Fantasy,Movie
7485,Shooter,"18, 28, 53",22-03-2007,en,10.9003,7.127,5490,Drama|Action|Thriller,Movie
1505183,Village of the Dead,"12, 27, 9648",31-12-2025,id,10.8932,5.333,3,Adventure|Horror|Mystery,Movie
14574,The Boy in the Striped Pyjamas,"18, 10752, 36",07-05-2008,en,10.8845,7.821,7694,Drama|War|History,Movie
1162240,Chinese Erotic Movies,99,09-03-1997,zh,10.8826,5,2,Documentary,Movie
1717448,Solución Audiovisual,"27, 53, 35",,es,10.8788,0,0,Horror|Thriller|Comedy,Movie
197,Braveheart,"28, 18, 36, 10752",24-05-1995,en,10.8686,7.944,11167,Action|Drama|History|War,Movie
577922,Tenet,"28, 53, 878",22-08-2020,en,10.8659,7.175,11163,Action|Thriller|Science Fiction,Movie
447277,The Little Mermaid,"12, 10751, 14, 10749",18-05-2023,en,10.8605,6.269,3335,Adventure|Family|Fantasy|Romance,Movie
6114,Bram Stoker's Dracula,"10749, 27",13-11-1992,en,10.8562,7.45,5796,Romance|Horror,Movie
1058424,Hope,"878, 9648, 28",15-07-2026,ko,10.8257,0,0,Science Fiction|Mystery|Action,Movie
2024,The Patriot,"18, 36, 10752, 28",28-06-2000,en,10.791,7.205,4358,Drama|History|War|Action,Movie
260346,Taken 3,"53, 28",16-12-2014,en,10.7891,6.267,6171,Thriller|Action,Movie
685092,My Friend's Sister 4,10749,26-02-2020,ko,10.7791,4.5,2,Romance,Movie
1771,Captain America: The First Avenger,"28, 12, 878",22-07-2011,en,10.7626,7,22804,Action|Adventure|Science Fiction,Movie
1101383,The End of Oak Street,"878, 9648, 53",12-08-2026,en,10.7581,0,0,Science Fiction|Mystery|Thriller,Movie
1501018,A Family of Bastards,"35, 80",12-06-2026,fr,10.7495,5.365,48,Comedy|Crime,Movie
11551,Small Soldiers,"35, 12, 14, 878, 28",10-07-1998,en,10.7473,6.558,2342,Comedy|Adventure|Fantasy|Science Fiction|Action,Movie
28468,The Key,"18, 10749",19-10-1983,it,10.7406,5.995,444,Drama|Romance,Movie
1542261,Doraemon the Movie: New Nobita and the Castle of the Undersea Devil,"16, 12, 14, 10751",27-02-2026,ja,10.6939,7.5,8,Animation|Adventure|Fantasy|Family,Movie
928358,Grand Jete,18,20-09-2022,de,10.6888,4.9,48,Drama,Movie
9023,Spirit: Stallion of the Cimarron,"16, 12, 10751, 18, 37",24-05-2002,en,10.6837,7.701,4939,Animation|Adventure|Family|Drama|Western,Movie
1241436,Warfare,"10752, 28",09-04-2025,en,10.6812,7.082,1483,War|Action,Movie
527774,Raya and the Last Dragon,"16, 28, 12, 14, 10751",03-03-2021,en,10.6767,7.801,7325,Animation|Action|Adventure|Fantasy|Family,Movie
493529,Dungeons & Dragons: Honor Among Thieves,"12, 14, 35",23-03-2023,en,10.6726,7.353,4698,Adventure|Fantasy|Comedy,Movie
137106,The Lego Movie,"16, 10751, 12, 35, 14",06-02-2014,en,10.6698,7.43,8527,Animation|Family|Adventure|Comedy|Fantasy,Movie
952079,Invited Delivery Man 2,10749,11-03-2022,ko,10.6649,7,1,Romance,Movie
1593,Night at the Museum,"14, 10751, 35",20-12-2006,en,10.6641,6.6,11003,Fantasy|Family|Comedy,Movie
386874,Bad Class,18,31-12-2015,ko,10.6632,4,3,Drama,Movie
127380,Finding Dory,"12, 16, 10751",16-06-2016,en,10.648,7.041,12686,Adventure|Animation|Family,Movie
755,From Dusk Till Dawn,"27, 28, 80",19-01-1996,en,10.6373,7.044,6527,Horror|Action|Crime,Movie
651045,Noraebang: Hot Women 2,"18, 10749",20-11-2019,ko,10.6361,0,0,Drama|Romance,Movie
246,Zatoichi,"12, 18, 28",06-09-2003,ja,10.6353,7.236,969,Adventure|Drama|Action,Movie
9072,Little Man,"35, 80",31-08-2006,en,10.6328,5.95,1917,Comedy|Crime,Movie
524434,Eternals,"878, 28, 12",03-11-2021,en,10.6323,6.77,9186,Science Fiction|Action|Adventure,Movie
424783,Bumblebee,"28, 12, 878",22-11-2018,en,10.6218,6.72,6657,Action|Adventure|Science Fiction,Movie
1446616,Tu Yaa Main,"53, 10749",11-02-2026,hi,10.6164,6.5,50,Thriller|Romance,Movie
512200,Jumanji: The Next Level,"12, 35, 14",04-12-2019,en,10.605,6.874,9415,Adventure|Comedy|Fantasy,Movie
318846,The Big Short,"35, 18",11-12-2015,en,10.6033,7.367,9885,Comedy|Drama,Movie
1018,Mulholland Drive,"53, 18, 9648",06-06-2001,en,10.6029,7.802,7085,Thriller|Drama|Mystery,Movie
1235192,Wormtown,"878, 27, 12",27-09-2025,en,10.5985,5.895,19,Science Fiction|Horror|Adventure,Movie
754,Face/Off,"28, 80, 878",27-06-1997,en,10.5965,7.057,5936,Action|Crime|Science Fiction,Movie
244998,Senario XX,"35, 12, 28",19-05-2005,ms,10.5921,0,0,Comedy|Adventure|Action,Movie
1717815,Black Waters,"18, 53",,ur,10.5818,0,0,Drama|Thriller,Movie
1366,Rocky,18,03-12-1976,en,10.5801,7.8,8681,Drama,Movie
8835,Legally Blonde,35,13-07-2001,en,10.5785,6.817,4583,Comedy,Movie
27578,The Expendables,"53, 12, 28",07-08-2010,en,10.5693,6.253,8326,Thriller|Adventure|Action,Movie
91612,Caged Fury,28,01-03-1990,en,10.5558,4.094,48,Action,Movie
397243,The Autopsy of Jane Doe,"27, 9648",21-12-2016,en,10.5548,6.836,4762,Horror|Mystery,Movie
1181678,¿Quieres ser mi hijo?,"35, 10749",21-09-2023,en,10.5495,8.5,355,Comedy|Romance,Movie
1712336,Flathead,"80, 18",09-06-2026,en,10.5337,10,1,Crime|Drama,Movie
1198984,We Bury the Dead,"27, 53",01-01-2026,en,10.5263,6,277,Horror|Thriller,Movie
9982,Chicken Little,"16, 10751, 35",04-11-2005,en,10.5231,5.916,4180,Animation|Family|Comedy,Movie
1701,Con Air,"28, 53, 80",05-06-1997,en,10.5168,6.779,4722,Action|Thriller|Crime,Movie
1100782,Smile 2,"27, 10402, 9648, 53",16-10-2024,en,10.5151,6.59,2201,Horror|Music|Mystery|Thriller,Movie
235,Stand by Me,"80, 18",08-08-1986,en,10.5086,7.836,6563,Crime|Drama,Movie
787,Mr. & Mrs. Smith,"28, 35, 18, 53",07-06-2005,en,10.5084,6.695,11277,Action|Comedy|Drama|Thriller,Movie
957119,Sidelined: The QB and Me,"35, 10749",06-02-2025,en,10.5036,6.263,236,Comedy|Romance,Movie
585083,Hotel Transylvania: Transformania,"16, 35, 10751, 12, 14",31-01-2022,en,10.5034,7.033,3030,Animation|Comedy|Family|Adventure|Fantasy,Movie
1718326,Anhedonia,"18, 10749, 27",,pt,10.4983,0,0,Drama|Romance|Horror,Movie
263472,Knock Knock,"27, 53, 80",26-06-2015,en,10.4983,5.393,3506,Horror|Thriller|Crime,Movie
2057,Original Sin,"53, 18, 9648, 10749, 36",08-05-2001,en,10.4979,6.14,909,Thriller|Drama|Mystery|Romance|History,Movie
748783,The Garfield Movie,"12, 16, 35, 10751",30-04-2024,en,10.4956,6.985,1446,Adventure|Animation|Comedy|Family,Movie
1124620,The Monkey,"27, 35",10-02-2025,en,10.4766,5.99,1362,Horror|Comedy,Movie
286687,Love Lesson,"10749, 18, 35",05-12-2013,ko,10.4764,6.8,42,Romance|Drama|Comedy,Movie
184315,Hercules,"28, 12",23-07-2014,en,10.4763,5.8,4366,Action|Adventure,Movie
1035048,Elevation,"28, 878, 53",07-11-2024,en,9.7159,6.4,1001,Action|Science Fiction|Thriller,Movie
1216191,Oddity,"27, 9648",19-07-2024,en,10.0629,6.687,811,Horror|Mystery,Movie
11104,Chungking Express,"18, 35, 10749",14-07-1994,cn,9.0905,7.971,2209,Drama|Comedy|Romance,Movie
676,Pearl Harbor,"10752, 10749, 36, 28",21-05-2001,en,9.8488,6.935,7029,War|Romance|History|Action,Movie
1029575,The Family Plan,"28, 35, 12",14-12-2023,en,9.795,7.213,1904,Action|Comedy|Adventure,Movie
10196,The Last Airbender,"28, 12, 14",30-06-2010,en,12.8159,4.648,4277,Action|Adventure|Fantasy,Movie
107257,A Perfect Ending,"18, 10749",01-06-2012,en,9.6739,6.239,138,Drama|Romance,Movie
74997,The Human Centipede 2 (Full Sequence),"18, 27, 80",06-10-2011,en,10.0433,4.767,1453,Drama|Horror|Crime,Movie
61791,Rise of the Planet of the Apes,"53, 28, 18, 878",03-08-2011,en,10.2066,7.345,12802,Thriller|Action|Drama|Science Fiction,Movie
1293162,Thieves Highway,"80, 53, 37, 28",10-05-2026,en,10.05,7.826,23,Crime|Thriller|Western|Action,Movie
414419,Kill Bill: The Whole Bloody Affair,"28, 80",27-03-2011,en,9.8995,8.099,1322,Action|Crime,Movie
56292,Mission: Impossible - Ghost Protocol,"28, 53, 12",07-12-2011,en,10.1709,7.114,10810,Action|Thriller|Adventure,Movie
360920,The Grinch,"16, 35, 10751, 14",08-11-2018,en,9.8861,6.865,4453,Animation|Comedy|Family|Fantasy,Movie
1250,Ghost Rider,"53, 28, 14",15-01-2007,en,10.3356,5.6,6504,Thriller|Action|Fantasy,Movie
1339588,Finding Emily,"10749, 35",21-05-2026,en,10.3301,6.6,15,Romance|Comedy,Movie
1388874,Boss Ma'am,18,26-11-2024,tl,10.3296,6.5,10,Drama,Movie
752,V for Vendetta,"28, 53, 878",23-02-2006,en,10.3288,7.901,15630,Action|Thriller|Science Fiction,Movie
73723,The Lorax,"16, 10751",01-03-2012,en,10.3242,6.532,3900,Animation|Family,Movie
8363,Superbad,35,17-08-2007,en,10.3189,7.27,8146,Comedy,Movie
567,Rear Window,"53, 9648, 18",01-08-1954,en,10.318,8.338,7203,Thriller|Mystery|Drama,Movie
614479,Insidious: The Red Door,"27, 53",05-07-2023,en,10.3142,6.509,1985,Horror|Thriller,Movie
8681,Taken,"28, 53",18-02-2008,en,10.3114,7.407,12148,Action|Thriller,Movie
579974,RRR,"28, 36, 18",24-03-2022,te,10.3049,7.714,1616,Action|History|Drama,Movie
55779,Final Destination 5,"27, 9648",12-08-2011,en,10.2986,6.155,4111,Horror|Mystery,Movie
1320660,Pati Patni Aur Woh Do,35,15-05-2026,hi,10.298,5.333,6,Comedy,Movie
1430,Bowling for Columbine,"99, 18",09-10-2002,en,10.2976,7.516,1698,Documentary|Drama,Movie
37724,Skyfall,"28, 12, 53",24-10-2012,en,10.2967,7.262,16168,Action|Adventure|Thriller,Movie
4327,Charlie's Angels,"28, 35, 12",02-11-2000,en,10.2936,5.854,4532,Action|Comedy|Adventure,Movie
1182057,Ten Count,"16, 10749, 18",,ja,10.2929,0,0,Animation|Romance|Drama,Movie
22803,Law Abiding Citizen,"18, 80, 53",15-10-2009,en,10.2924,7.395,5704,Drama|Crime|Thriller,Movie
2048,"I, Robot","28, 878",15-07-2004,en,10.2837,6.965,12720,Action|Science Fiction,Movie
1151031,Bring Her Back,27,19-05-2025,en,10.2764,7.349,1731,Horror,Movie
1536556,Grave Echos,"27, 9648",17-08-2028,en,10.276,0,0,Horror|Mystery,Movie
1007734,Nobody 2,"28, 53, 35",13-08-2025,en,10.2708,6.932,1633,Action|Thriller|Comedy,Movie
49519,The Croods,"16, 12, 10751, 35",15-03-2013,en,10.2706,6.942,7560,Animation|Adventure|Family|Comedy,Movie
39924,Exposé,"53, 27",01-03-1976,en,10.2626,4.93,43,Thriller|Horror,Movie
1265,Bridge to Terabithia,"12, 18, 10751",15-02-2007,en,10.2585,7.339,5308,Adventure|Drama|Family,Movie
268,Batman,"14, 28, 80",21-06-1989,en,10.2564,7.233,8612,Fantasy|Action|Crime,Movie
228161,Home,"14, 35, 16, 878, 10751",18-03-2015,en,10.2534,6.789,4245,Fantasy|Comedy|Animation|Science Fiction|Family,Movie
1278,The Dreamers,"18, 10749",10-10-2003,en,10.2474,7.18,3104,Drama|Romance,Movie
245891,John Wick,"28, 53",16-10-2014,en,10.2412,7.458,20937,Action|Thriller,Movie
1033148,Die My Love,18,06-10-2025,en,10.2395,6.119,564,Drama,Movie
1715273,Q-Pop,"99, 10402",,en,10.2379,10,1,Documentary|Music,Movie
1617084,O Condomínio,"80, 18, 28",02-09-2027,pt,10.2378,0,0,Crime|Drama|Action,Movie
884605,No Hard Feelings,"35, 10749",15-06-2023,en,10.2335,6.678,3881,Comedy|Romance,Movie
193411,The Kiss,10749,09-03-1900,en,10.2315,5.6,25,Romance,Movie
181533,Night at the Museum: Secret of the Tomb,"12, 35, 14, 10751",17-12-2014,en,10.2221,6.224,6245,Adventure|Comedy|Fantasy|Family,Movie
1703693,Palitan 2,18,29-05-2026,tl,10.2184,4,1,Drama,Movie
1145899,Marsupilami,"12, 35",04-02-2026,fr,10.2175,6.31,126,Adventure|Comedy,Movie
310131,The Witch,27,19-02-2016,en,10.2153,7,7686,Horror,Movie
1485839,Elden Ring,"14, 28, 12",03-03-2028,en,10.2138,0,0,Fantasy|Action|Adventure,Movie
9312,Mortal Kombat,"28, 14",18-08-1995,en,10.2136,5.914,2579,Action|Fantasy,Movie
1717975,FANTASIA,"18, 10749, 14",26-06-2026,id,10.2099,0,0,Drama|Romance|Fantasy,Movie
639988,No Other Choice,"35, 80, 53",24-09-2025,ko,10.2096,7.505,1122,Comedy|Crime|Thriller,Movie
2059,National Treasure,"12, 28, 9648",19-11-2004,en,10.2051,6.653,6908,Adventure|Action|Mystery,Movie
745,The Sixth Sense,"9648, 53, 18",06-08-1999,en,10.2047,7.954,12942,Mystery|Thriller|Drama,Movie
568,Apollo 13,"18, 36",30-06-1995,en,10.1993,7.5,5953,Drama|History,Movie
400155,Hotel Transylvania 3: Summer Vacation,"16, 35, 10751, 14",28-06-2018,en,10.1967,6.851,4713,Animation|Comedy|Family|Fantasy,Movie
1084199,Companion,"27, 878, 53",22-01-2025,en,10.1951,7.017,2357,Horror|Science Fiction|Thriller,Movie
605,The Matrix Revolutions,"12, 28, 53, 878",05-11-2003,en,10.1903,6.754,10878,Adventure|Action|Thriller|Science Fiction,Movie
619803,The Roundup,"28, 80, 53, 12",18-05-2022,ko,10.1886,7.3,440,Action|Crime|Thriller|Adventure,Movie
274857,King Arthur: Legend of the Sword,"28, 18, 14",10-05-2017,en,10.153,6.6,6078,Action|Drama|Fantasy,Movie
137,Groundhog Day,"10749, 14, 35",11-02-1993,en,10.1489,7.632,8944,Romance|Fantasy|Comedy,Movie
50014,The Help,18,09-08-2011,en,10.1416,8.204,9091,Drama,Movie
60898,Erotic Ghost Story,"14, 18, 27",19-05-1990,cn,10.139,6.179,95,Fantasy|Drama|Horror,Movie
52462,The Pet,"18, 53",17-05-2006,en,10.1271,4.5,31,Drama|Thriller,Movie
22794,Cloudy with a Chance of Meatballs,"16, 35, 10751",17-09-2009,en,10.1258,6.7,6482,Animation|Comedy|Family,Movie
264660,Ex Machina,"18, 878",21-01-2015,en,10.1153,7.572,14318,Drama|Science Fiction,Movie
50620,The Twilight Saga: Breaking Dawn - Part 2,"14, 18, 10749",13-11-2012,en,10.115,6.5,9394,Fantasy|Drama|Romance,Movie
223319,Lucky Sky Diamond,"27, 878",11-03-1989,ja,10.1143,4.1,10,Horror|Science Fiction,Movie
929590,Civil War,"10752, 28, 18",10-04-2024,en,10.1118,6.9,4369,War|Action|Drama,Movie
871,Planet of the Apes,"878, 12, 18, 28",07-02-1968,en,10.1113,7.7,3986,Science Fiction|Adventure|Drama|Action,Movie
5879,In the Realm of the Senses,"18, 10749",15-09-1976,ja,10.1058,6.593,735,Drama|Romance,Movie
1718410,Mente Distorcida,"18, 10749, 53",,pt,10.1037,0,0,Drama|Romance|Thriller,Movie
399566,Godzilla vs. Kong,"28, 878, 12",24-03-2021,en,10.102,7.534,10671,Action|Science Fiction|Adventure,Movie
313534,New Dubai,18,23-10-2014,pt,10.101,6.2,12,Drama,Movie
530915,1917,"10752, 36, 18",25-12-2019,en,10.0942,7.986,13605,War|History|Drama,Movie
818721,Visions,"53, 9648",06-09-2023,fr,10.088,5.783,173,Thriller|Mystery,Movie
13475,Star Trek,"878, 28, 12",06-05-2009,en,10.0791,7.4,10534,Science Fiction|Action|Adventure,Movie
549649,Dancing With Ghosts,"14, 18, 35",27-09-2018,ko,10.0777,6.5,2,Fantasy|Drama|Comedy,Movie
80295,14 and Under,"35, 10749",16-08-1973,de,10.0768,5.427,48,Comedy|Romance,Movie
1392501,Lamas,18,17-12-2024,tl,10.0759,6.5,2,Drama,Movie
696393,Cold Storage,"27, 878, 35",22-01-2026,en,10.0722,6.774,540,Horror|Science Fiction|Comedy,Movie
1894,Star Wars: Episode II - Attack of the Clones,"12, 28, 878",15-05-2002,en,10.0643,6.594,14408,Adventure|Action|Science Fiction,Movie
225886,Sex Tape,35,17-07-2014,en,10.0629,5.405,4231,Comedy,Movie
375846,Bad Sister,"53, 10770",24-08-2015,en,10.0526,6.586,251,Thriller|TV Movie,Movie
119450,Dawn of the Planet of the Apes,"878, 28, 18, 53",08-07-2014,en,10.0522,7.338,12267,Science Fiction|Action|Drama|Thriller,Movie
11852,The Hot Chick,"35, 14",13-12-2002,en,10.0484,6.371,2192,Comedy|Fantasy,Movie
1087891,The Amateur,"53, 28",09-04-2025,en,10.0462,6.938,1635,Thriller|Action,Movie
1340110,Redux Redux,"878, 53, 27, 80",28-12-2025,en,10.0393,6.672,157,Science Fiction|Thriller|Horror|Crime,Movie
339846,Baywatch,"35, 28, 80",25-05-2017,en,10.0278,6.081,8518,Comedy|Action|Crime,Movie
620249,The Legend of Hei,"16, 14, 28",27-08-2019,zh,10.0238,8.344,506,Animation|Fantasy|Action,Movie
999136,Do Not Enter,27,19-03-2026,en,10.0237,5.4,111,Horror,Movie
240832,Lucy,"28, 878",25-07-2014,en,10.0161,6.474,17126,Action|Science Fiction,Movie
698687,Transformers One,"16, 878, 12, 10751",11-09-2024,en,10.0057,7.969,1653,Animation|Science Fiction|Adventure|Family,Movie
1497970,Tom and Jerry: Forbidden Compass,"16, 35, 10751, 14, 12",02-08-2025,zh,10.0025,6.5,50,Animation|Comedy|Family|Fantasy|Adventure,Movie
8689,Cannibal Holocaust,27,07-02-1980,it,9.9966,6.257,1878,Horror,Movie
1057491,Naughty,18,14-02-2023,ru,9.9899,6.229,106,Drama,Movie
1263256,Happy Gilmore 2,35,25-07-2025,en,9.9874,6.53,976,Comedy,Movie
35,The Simpsons Movie,"16, 35, 10751",25-07-2007,en,9.9843,7.023,8579,Animation|Comedy|Family,Movie
1336770,Vaazha II,"35, 18",02-04-2026,ml,9.9837,7.375,12,Comedy|Drama,Movie
616,The Last Samurai,"18, 28, 10752",05-12-2003,en,9.972,7.606,7576,Drama|Action|War,Movie
940721,Godzilla Minus One,"878, 27, 28",03-11-2023,ja,9.9719,7.572,3213,Science Fiction|Horror|Action,Movie
3134,Baise-moi,"80, 18, 53",28-06-2000,fr,9.9686,4.9,489,Crime|Drama|Thriller,Movie
337339,The Fate of the Furious,"28, 80, 53",12-04-2017,en,9.9541,6.853,10844,Action|Crime|Thriller,Movie
1719056,Ballerina 2,"16, 12, 10751",,en,9.9505,0,0,Animation|Adventure|Family,Movie
374720,Dunkirk,"10752, 28, 18",19-07-2017,en,9.9396,7.452,17627,War|Action|Drama,Movie
1300501,Patriot,"28, 18, 53",01-05-2026,ml,9.9347,7.182,11,Action|Drama|Thriller,Movie
1717737,HAPTiC,"878, 18, 10749",09-06-2025,en,9.9164,0,0,Science Fiction|Drama|Romance,Movie
308266,War Dogs,"35, 80, 18",18-08-2016,en,9.914,6.943,5512,Comedy|Crime|Drama,Movie
49530,In Time,"28, 53, 878",27-10-2011,en,9.9135,6.971,12202,Action|Thriller|Science Fiction,Movie
13375,The Tit and the Moon,"18, 35",29-03-1994,es,9.9039,6.3,94,Drama|Comedy,Movie
421892,Shrek 5,"16, 35, 14, 12, 10751",30-06-2027,en,9.8942,0,0,Animation|Comedy|Fantasy|Adventure|Family,Movie
10009,Brother Bear,"12, 16, 10751",23-10-2003,en,9.8922,7.277,5782,Adventure|Animation|Family,Movie
26389,From Paris with Love,"28, 80, 53",04-02-2010,en,9.8914,6.407,2348,Action|Crime|Thriller,Movie
7512,Idiocracy,"35, 878, 12",01-09-2006,en,9.889,6.375,3606,Comedy|Science Fiction|Adventure,Movie
1927,Hulk,"878, 12, 28",19-06-2003,en,9.8881,5.584,6303,Science Fiction|Adventure|Action,Movie
870028,The Accountant²,"9648, 80, 53",23-04-2025,en,9.8869,7.085,1803,Mystery|Crime|Thriller,Movie
957,Spaceballs,"35, 878",24-06-1987,en,9.8662,6.87,3424,Comedy|Science Fiction,Movie
549509,The Brutalist,18,20-12-2024,en,9.8599,6.953,1679,Drama,Movie
697843,Extraction 2,"28, 53, 80",09-06-2023,en,9.8477,7.39,2934,Action|Thriller|Crime,Movie
1718327,Catsitting,"27, 53",20-06-2026,en,9.8474,0,0,Horror|Thriller,Movie
420634,Terrifier,27,25-01-2018,en,9.8449,6.316,2987,Horror,Movie
937287,Challengers,"18, 10749",18-04-2024,en,9.8442,6.909,2707,Drama|Romance,Movie
488143,Laboratory Conditions,"27, 18, 878",13-10-2018,en,9.8342,7.414,29,Horror|Drama|Science Fiction,Movie
337401,Mulan,"12, 14, 28",04-09-2020,en,9.834,6.827,7064,Adventure|Fantasy|Action,Movie
85877,The 33D Invader,"35, 878",06-10-2011,cn,9.8113,5.7,32,Comedy|Science Fiction,Movie
845781,Red One,"28, 35, 14",31-10-2024,en,9.8092,7,3059,Action|Comedy|Fantasy,Movie
9479,The Nightmare Before Christmas,"14, 16, 10751",09-10-1993,en,9.806,7.833,10388,Fantasy|Animation|Family,Movie
190859,American Sniper,"10752, 28",25-12-2014,en,9.7889,7.411,13690,War|Action,Movie
88,Dirty Dancing,"18, 10402, 10749",21-08-1987,en,9.7772,7.325,6535,Drama|Music|Romance,Movie
1703507,PHREAKOUT!,"27, 35, 10749",24-05-2026,en,9.774,10,1,Horror|Comedy|Romance,Movie
114108,Cinderella,"18, 10751, 14, 10749",1899-10-01,fr,9.7733,6.195,128,Drama|Family|Fantasy|Romance,Movie
10112,The Aristocats,"16, 35, 10751, 12",24-12-1970,en,9.7701,7.305,5387,Animation|Comedy|Family|Adventure,Movie
9360,Anaconda,"12, 27, 53",11-04-1997,en,9.7691,5.278,2829,Adventure|Horror|Thriller,Movie
10882,Sleeping Beauty,"14, 16, 10749, 10751",17-02-1959,en,9.769,6.9,5497,Fantasy|Animation|Romance|Family,Movie
531309,Brightburn,"27, 878, 18",09-05-2019,en,9.7587,6.157,3495,Horror|Science Fiction|Drama,Movie
79,Hero,"18, 12, 28, 36",19-12-2002,zh,9.7556,7.511,2517,Drama|Adventure|Action|History,Movie
11247,A Cinderella Story,"35, 10751, 10749",16-07-2004,en,9.7521,6.6,3397,Comedy|Family|Romance,Movie
1706832,Picture This,"53, 18, 10749",29-05-2026,en,9.7437,10,1,Thriller|Drama|Romance,Movie
1173559,Insidious Inferno,27,29-11-2024,en,9.7369,5.238,21,Horror,Movie
13683,Tarzan & Jane,"16, 10751, 12",24-06-2002,en,9.7279,6.047,685,Animation|Family|Adventure,Movie
447404,Pokémon Detective Pikachu,"28, 12, 14",03-05-2019,en,9.7235,6.905,7380,Action|Adventure|Fantasy,Movie
13053,Bolt,"16, 10751, 12, 35",21-11-2008,en,9.4534,6.545,6524,Animation|Family|Adventure|Comedy,Movie
23483,Kick-Ass,"28, 80",26-03-2010,en,9.4533,7.124,12429,Action|Crime,Movie
141,Donnie Darko,"14, 18, 9648",19-01-2001,en,9.4468,7.8,13473,Fantasy|Drama|Mystery,Movie
73456,Barbie: Princess Charm School,"10751, 16, 14",11-08-2011,en,8.7953,7.543,874,Family|Animation|Fantasy,Movie
287947,Shazam!,"28, 35, 14",29-03-2019,en,9.4252,6.976,10238,Action|Comedy|Fantasy,Movie
206647,Spectre,"28, 12, 53",26-10-2015,en,9.3621,6.569,11291,Action|Adventure|Thriller,Movie
1008042,Talk to Me,27,26-07-2023,en,9.407,7.14,3779,Horror,Movie
12244,9,"28, 12, 16, 878, 53",19-08-2009,en,9.4043,6.958,3910,Action|Adventure|Animation|Science Fiction|Thriller,Movie
1650558,Abot Langit,10749,13-03-2026,tl,8.8993,5,1,Romance,Movie
1107166,Psycho Killer,"80, 27, 9648",19-02-2026,en,8.8761,6.395,119,Crime|Horror|Mystery,Movie
812037,Last Summer,18,13-09-2023,fr,9.3864,6.095,247,Drama,Movie
1341041,A Haunted Romance,27,24-05-1985,cn,7.975,10,1,Horror,Movie
423108,The Conjuring: The Devil Made Me Do It,"27, 9648, 53",25-05-2021,en,10.7103,7.347,6573,Horror|Mystery|Thriller,Movie
938090,Yoon-Yool's Men Affairs,"18, 10749",07-09-2021,ko,9.6936,10,1,Drama|Romance,Movie
402900,Ocean's Eight,"80, 35, 28",07-06-2018,en,9.3617,6.954,8824,Crime|Comedy|Action,Movie
1290190,Lokah Chapter 1: Chandra,"28, 12, 14",28-08-2025,ml,8.753,7.167,57,Action|Adventure|Fantasy,Movie
435,The Day After Tomorrow,"878, 53, 12",26-05-2004,en,9.3075,6.558,8914,Science Fiction|Thriller|Adventure,Movie
75780,Jack Reacher,"80, 18, 53, 28",20-12-2012,en,10.3899,6.668,7677,Crime|Drama|Thriller|Action,Movie
960135,Madame de Sévigné,"18, 36",28-02-2024,fr,8.9213,5.146,41,Drama|History,Movie
1892,Return of the Jedi,"12, 28, 878",25-05-1983,en,9.2998,7.908,17000,Adventure|Action|Science Fiction,Movie
9732,The Lion King II: Simba's Pride,"12, 16, 18, 10751, 10749",24-10-1998,en,9.287,6.94,4687,Adventure|Animation|Drama|Family|Romance,Movie
10585,Child's Play,27,09-11-1988,en,9.2843,6.756,3373,Horror,Movie
341174,Fifty Shades Darker,"18, 10749",08-02-2017,en,9.2943,6.472,7962,Drama|Romance,Movie
400928,Gifted,"18, 35",07-04-2017,en,9.571,7.998,5969,Drama|Comedy,Movie
1426822,Mortal Game,"27, 28",03-02-2025,en,9.5702,4.917,12,Horror|Action,Movie
49018,Insidious,"27, 53",31-03-2011,en,9.5618,6.944,7362,Horror|Thriller,Movie
752623,The Lost City,"28, 12, 35",23-03-2022,en,9.561,6.455,4014,Action|Adventure|Comedy,Movie
1711229,MissMatch,"10751, 18, 10749, 10402",,kn,9.5548,0,0,Family|Drama|Romance|Music,Movie
1147411,"Miraculous World: Tokyo, Stellar Force","16, 10751, 28, 12, 14",07-12-2025,fr,9.5542,8.5,53,Animation|Family|Action|Adventure|Fantasy,Movie
330459,Rogue One: A Star Wars Story,"28, 12, 878",14-12-2016,en,9.5506,7.508,16473,Action|Adventure|Science Fiction,Movie
335988,Transformers: The Last Knight,"28, 12, 878",16-06-2017,en,9.5495,6.058,6757,Action|Adventure|Science Fiction,Movie
1688652,Gary,"18, 35",05-05-2026,en,9.5457,6.4,37,Drama|Comedy,Movie
36586,Blade II,"14, 27, 28, 53",22-03-2002,en,9.545,6.568,5243,Fantasy|Horror|Action|Thriller,Movie
64690,Drive,"18, 53, 80",15-09-2011,en,9.5441,7.583,13695,Drama|Thriller|Crime,Movie
23823,Wrong Turn 3: Left for Dead,"27, 53",08-10-2009,en,9.5407,5.702,1285,Horror|Thriller,Movie
62046,Flypaper,"9648, 35, 80",19-08-2011,en,9.5281,6.384,806,Mystery|Comedy|Crime,Movie
9880,The Princess Diaries,"35, 10751, 10749",03-08-2001,en,9.52,6.962,5286,Comedy|Family|Romance,Movie
514847,The Hunt,"28, 53, 27",11-03-2020,en,9.5037,6.644,3689,Action|Thriller|Horror,Movie
936108,Smurfs,"16, 10751, 14",30-06-2025,en,9.5008,5.782,268,Animation|Family|Fantasy,Movie
686,Contact,"18, 878, 9648",11-07-1997,en,9.5008,7.445,5028,Drama|Science Fiction|Mystery,Movie
79871,Crazy Love,"35, 10749, 18",17-04-1993,cn,9.5003,6.413,46,Comedy|Romance|Drama,Movie
84892,The Perks of Being a Wallflower,18,20-09-2012,en,9.4964,7.8,11247,Drama,Movie
273248,The Hateful Eight,"18, 9648, 37",25-12-2015,en,9.494,7.756,15341,Drama|Mystery|Western,Movie
34851,Predators,"878, 28, 53",07-07-2010,en,9.4882,6.302,4665,Science Fiction|Action|Thriller,Movie
810693,Jujutsu Kaisen 0,"16, 28, 14",24-12-2021,ja,9.4854,8.104,1772,Animation|Action|Fantasy,Movie
14324,Virgin Territory,"12, 28, 35, 10749",17-12-2007,en,9.4831,4.965,373,Adventure|Action|Comedy|Romance,Movie
345887,The Equalizer 2,"28, 53, 80",19-07-2018,en,9.4796,6.793,6020,Action|Thriller|Crime,Movie
976893,Perfect Days,18,10-11-2023,ja,9.4789,7.799,1934,Drama,Movie
6477,Alvin and the Chipmunks,"35, 10751, 14, 16",13-12-2007,en,9.4779,5.84,4760,Comedy|Family|Fantasy|Animation,Movie
211672,Minions,"10751, 16, 12, 35",17-06-2015,en,9.4685,6.419,11130,Family|Animation|Adventure|Comedy,Movie
453,A Beautiful Mind,"18, 10749",14-12-2001,en,9.4681,7.856,11130,Drama|Romance,Movie
609681,The Marvels,"878, 12, 28",08-11-2023,en,9.4386,5.936,3429,Science Fiction|Adventure|Action,Movie
342610,Labyrinth,"16, 878, 12",17-07-1969,fr,9.436,7.333,3,Animation|Science Fiction|Adventure,Movie
333484,The Magnificent Seven,"12, 28, 37",14-09-2016,en,9.4215,6.492,6439,Adventure|Action|Western,Movie
1704093,Kairos,"99, 10751",30-05-2026,es,9.4186,10,1,Documentary|Family,Movie
917496,Beetlejuice Beetlejuice,"35, 14, 27",04-09-2024,en,9.4042,6.9,3151,Comedy|Fantasy|Horror,Movie
1469930,Tumbal Proyek,"27, 53",13-05-2026,id,9.3967,4.2,2,Horror|Thriller,Movie
300671,13 Hours: The Secret Soldiers of Benghazi,"10752, 28, 36, 18, 53",14-01-2016,en,10.3655,7.272,3975,War|Action|History|Drama|Thriller,Movie
268896,Pacific Rim: Uprising,"28, 14, 878, 12",21-03-2018,en,9.0033,6.1,5373,Action|Fantasy|Science Fiction|Adventure,Movie
320288,Dark Phoenix,"878, 28, 12",05-06-2019,en,8.9985,6,7110,Science Fiction|Action|Adventure,Movie
363088,Ant-Man and the Wasp,"28, 12, 878",04-07-2018,en,8.9936,6.902,14235,Action|Adventure|Science Fiction,Movie
1291335,Solo Mio,"10749, 35",05-02-2026,en,9.0468,7.232,179,Romance|Comedy,Movie
674324,The Banshees of Inisherin,"18, 35",20-10-2022,en,8.5063,7.463,3391,Drama|Comedy,Movie
412117,The Secret Life of Pets 2,"16, 35, 10751, 12",24-05-2019,en,9.6099,6.95,3345,Animation|Comedy|Family|Adventure,Movie
307081,Southpaw,"28, 18",22-07-2015,en,8.7302,7.364,5840,Action|Drama,Movie
7220,The Punisher,"28, 80, 18",15-04-2004,en,8.9492,6.4,3170,Action|Crime|Drama,Movie
1371023,Chand Mera Dil,"10749, 18",22-05-2026,hi,8.2143,5.4,4,Romance|Drama,Movie
1718318,Langkah,"18, 10751, 53",20-06-2026,id,9.6793,0,0,Drama|Family|Thriller,Movie
698508,Redeeming Love,"10749, 18, 37",21-01-2022,en,9.1101,7.854,752,Romance|Drama|Western,Movie
158852,Tomorrowland,"12, 10751, 9648, 878",19-05-2015,en,9.3812,6.294,7385,Adventure|Family|Mystery|Science Fiction,Movie
75,Mars Attacks!,"35, 14, 878",13-12-1996,en,9.3233,6.423,5901,Comedy|Fantasy|Science Fiction,Movie
980489,Gran Turismo,"12, 18, 28",09-08-2023,en,9.3177,7.702,3441,Adventure|Drama|Action,Movie
913290,Barbarian,"27, 9648",08-09-2022,en,9.298,6.855,3296,Horror|Mystery,Movie
852370,Idol Seungha's R-Rated Film Shooting,18,24-06-2021,ko,9.2976,6.522,45,Drama,Movie
277217,Descendants,"10751, 12, 14, 10770, 10402",31-07-2015,en,9.2971,7.16,2518,Family|Adventure|Fantasy|TV Movie|Music,Movie
76493,The Dictator,35,15-05-2012,en,9.2892,6.236,6482,Comedy,Movie
974262,Descendants: The Rise of Red,"14, 12, 10751, 35",11-07-2024,en,9.2889,6.729,484,Fantasy|Adventure|Family|Comedy,Movie
984249,Ruthless,"28, 53",14-12-2023,en,9.2872,6.439,140,Action|Thriller,Movie
1589394,Joshua,"28, 12, 878",20-10-2027,en,9.282,0,0,Action|Adventure|Science Fiction,Movie
646,Dr. No,"12, 28, 53",07-10-1962,en,9.2814,7,4083,Adventure|Action|Thriller,Movie
1707720,Moonbeams,"16, 18",15-06-2026,fr,9.2809,10,1,Animation|Drama,Movie
1717346,INBITE,"27, 53, 35",14-06-2026,en,9.28,0,0,Horror|Thriller|Comedy,Movie
19994,Jennifer's Body,"27, 35",18-09-2009,en,9.2706,5.992,4277,Horror|Comedy,Movie
11635,Old School,35,21-02-2003,en,9.2652,6.634,2130,Comedy,Movie
420809,Maleficent: Mistress of Evil,"10751, 14, 12",16-10-2019,en,9.2587,7.3,6518,Family|Fantasy|Adventure,Movie
67395,L.E.T.H.A.L. Ladies: Return to Savage Beach,"28, 53",27-01-1998,en,7.6415,6.031,227,Action|Thriller,Movie
310,Bruce Almighty,"14, 35",23-05-2003,en,9.0032,6.728,11540,Fantasy|Comedy,Movie
415,Batman & Robin,"28, 878, 12",20-06-1997,en,8.9664,4.394,5440,Action|Science Fiction|Adventure,Movie
10802,Showgirls,18,22-09-1995,en,8.4355,5.6,1396,Drama,Movie
393,Kill Bill: Vol. 2,"28, 80, 53",16-04-2004,en,9.3664,7.879,15139,Action|Crime|Thriller,Movie
10995,The Lover,"18, 10749",22-01-1992,fr,8.6028,6.996,765,Drama|Romance,Movie
24021,The Twilight Saga: Eclipse,"12, 14, 18, 10749",23-06-2010,en,8.9562,6.2,9269,Adventure|Fantasy|Drama|Romance,Movie
50546,Just Go with It,"35, 10749",10-02-2011,en,9.5789,6.709,6146,Comedy|Romance,Movie
593643,The Menu,"35, 27",17-11-2022,en,9.0545,7.178,6298,Comedy|Horror,Movie
1824,50 First Dates,"35, 10749",13-02-2004,en,9.5926,6.874,7766,Comedy|Romance,Movie
1598,Cape Fear,"18, 80, 53",13-11-1991,en,9.0831,7.263,3911,Drama|Crime|Thriller,Movie
774825,The Ice Age Adventures of Buck Wild,"16, 35, 10751, 12",28-01-2022,en,8.803,6.6,1840,Animation|Comedy|Family|Adventure,Movie
57214,Project X,35,01-03-2012,en,8.5852,6.908,6878,Comedy,Movie
138832,We're the Millers,"35, 80",07-08-2013,en,9.1607,6.843,9494,Comedy|Crime,Movie
14869,G.I. Joe: The Rise of Cobra,"12, 28, 53, 878",03-08-2009,en,9.0407,5.785,4945,Adventure|Action|Thriller|Science Fiction,Movie
308624,The Story of Ong-nyeo,"10749, 18",21-08-2014,ko,9.1753,5.5,6,Romance|Drama,Movie
1231767,Exchange Wife 2,"10749, 18",03-02-2023,ko,9.1752,6,1,Romance|Drama,Movie
1233575,Black Bag,"18, 9648, 53",12-03-2025,en,9.1739,6.364,1265,Drama|Mystery|Thriller,Movie
2675,Signs,"53, 878, 27",02-08-2002,en,9.1728,6.718,6345,Thriller|Science Fiction|Horror,Movie
941,Lethal Weapon,"28, 53, 80",06-03-1987,en,9.1723,7.3,5072,Action|Thriller|Crime,Movie
118340,Guardians of the Galaxy,"28, 878, 12",30-07-2014,en,9.1619,7.906,29818,Action|Science Fiction|Adventure,Movie
253350,The Cousin,"35, 18",26-07-1974,it,9.1591,5.4,16,Comedy|Drama,Movie
61979,Three Steps Above Heaven,"10749, 18",03-12-2010,es,9.1453,7.73,3237,Romance|Drama,Movie
1024604,Frozen III,"16, 10751, 14, 12",24-11-2027,en,9.1442,0,0,Animation|Family|Fantasy|Adventure,Movie
45243,The Hangover Part II,35,25-05-2011,en,9.1387,6.509,11325,Comedy,Movie
558,Spider-Man 2,"28, 12, 878",25-06-2004,en,9.1285,7.3,16445,Action|Adventure|Science Fiction,Movie
2667,The Blair Witch Project,"27, 9648",14-07-1999,en,9.125,6.367,5482,Horror|Mystery,Movie
1022256,Selena Gomez: My Mind & Me,"99, 10402",04-11-2022,en,9.1236,8.474,613,Documentary|Music,Movie
390635,Fate/stay night: Heaven's Feel III. Spring Song,"16, 10749, 14, 28, 18",15-08-2020,ja,9.1156,7.7,202,Animation|Romance|Fantasy|Action|Drama,Movie
1592,Primal Fear,"80, 18, 53",03-04-1996,en,9.1114,7.662,3979,Crime|Drama|Thriller,Movie
1427595,Only Good Things,"10749, 18",27-06-2025,pt,9.1087,8,1,Romance|Drama,Movie
38321,Priest,"28, 14, 27",05-05-2011,en,9.1035,5.887,2551,Action|Fantasy|Horror,Movie
9792,The Hills Have Eyes,"27, 53",10-03-2006,en,9.1029,6.475,3370,Horror|Thriller,Movie
819,Sleepers,"80, 18, 53",18-10-1996,en,9.1006,7.597,3921,Crime|Drama|Thriller,Movie
12429,Ponyo,"16, 14, 10751",19-07-2008,ja,9.0992,7.754,4845,Animation|Fantasy|Family,Movie
840326,Sisu,"28, 10752, 53",09-09-2022,fi,9.0978,7.411,2855,Action|War|Thriller,Movie
531428,Portrait of a Lady on Fire,"18, 10749",06-09-2019,fr,9.0965,8.096,2950,Drama|Romance,Movie
215,Saw II,27,28-10-2005,en,9.0945,6.608,5906,Horror,Movie
1233506,The Shrinking Man,"12, 878",22-10-2025,fr,9.0943,6.024,143,Adventure|Science Fiction,Movie
509,Notting Hill,"10749, 35",21-05-1999,en,9.0828,7.3,6743,Romance|Comedy,Movie
26466,Triangle,27,16-10-2009,en,9.0781,6.917,3018,Horror,Movie
695721,The Hunger Games: The Ballad of Songbirds & Snakes,"878, 28",15-11-2023,en,9.0727,7,3527,Science Fiction|Action,Movie
1600735,Anali,"28, 53",02-01-2026,ta,9.0714,0,0,Action|Thriller,Movie
256274,"As Above, So Below","27, 53",14-08-2014,en,9.0703,6.745,3873,Horror|Thriller,Movie
424694,Bohemian Rhapsody,"10402, 18",24-10-2018,en,9.0686,7.957,17826,Music|Drama,Movie
916224,Suzume,"16, 18, 12, 14",11-11-2022,ja,9.0549,7.888,1755,Animation|Drama|Adventure|Fantasy,Movie
611861,Erotic Tutoring 2,"10749, 18",07-06-2019,ko,9.0536,7.4,12,Romance|Drama,Movie
1607,A Bronx Tale,"18, 80",01-10-1993,en,9.0535,7.891,2896,Drama|Crime,Movie
115,The Big Lebowski,"35, 80",06-03-1998,en,9.0493,7.837,12243,Comedy|Crime,Movie
624860,The Matrix Resurrections,"878, 28, 12",16-12-2021,en,9.0434,6.329,6523,Science Fiction|Action|Adventure,Movie
804,Roman Holiday,"10749, 35, 18",26-08-1953,en,9.0425,7.9,2283,Romance|Comedy|Drama,Movie
324849,The Lego Batman Movie,"16, 28, 35, 10751",08-02-2017,en,9.0375,7.247,5439,Animation|Action|Comedy|Family,Movie
2649,The Game,"18, 53, 9648",12-09-1997,en,9.0361,7.575,7385,Drama|Thriller|Mystery,Movie
8329,[REC],"27, 9648",23-11-2007,es,9.0347,7.234,4894,Horror|Mystery,Movie
1205656,Hallow Road,"9648, 53, 27",16-04-2025,en,9.0277,6.1,231,Mystery|Thriller|Horror,Movie
76025,Shame,18,02-10-2011,en,9.025,6.93,3425,Drama,Movie
1244042,XXX,18,26-04-2022,es,9.0172,10,2,Drama,Movie
1538497,Hexed,"12, 16, 10751, 14",25-11-2026,en,9.014,0,0,Adventure|Animation|Family|Fantasy,Movie
1208808,Night Shift,27,05-12-2024,es,9.0083,6.412,187,Horror,Movie
1153714,Death of a Unicorn,"27, 14, 35",17-03-2025,en,8.9999,6.391,844,Horror|Fantasy|Comedy,Movie
117263,Olympus Has Fallen,"28, 53",20-03-2013,en,8.9973,6.416,7094,Action|Thriller,Movie
290859,Terminator: Dark Fate,"878, 28, 12, 53",23-10-2019,en,8.9967,6.422,5709,Science Fiction|Action|Adventure|Thriller,Movie
1585,It's a Wonderful Life,"18, 10751, 14",20-12-1946,en,8.9938,8.277,4933,Drama|Family|Fantasy,Movie
663121,My Personal Trainer,"35, 10749",10-12-2019,ko,8.9869,5,2,Comedy|Romance,Movie
563,Starship Troopers,"12, 28, 53, 878",07-11-1997,en,8.9847,7.109,5532,Adventure|Action|Thriller|Science Fiction,Movie
64682,The Great Gatsby,"18, 10749",09-05-2013,en,8.9819,7.35,12994,Drama|Romance,Movie
294254,Maze Runner: The Scorch Trials,"878, 28, 53, 12",09-09-2015,en,8.9772,6.73,11072,Science Fiction|Action|Thriller|Adventure,Movie
1305672,I Know Who You Are,18,19-06-2026,zh,8.9755,5.8,4,Drama,Movie
576004,Porno,"35, 27",28-06-2019,en,8.9718,5.981,424,Comedy|Horror,Movie
9737,Bad Boys,"28, 35, 80, 53",07-04-1995,en,8.9611,6.83,6989,Action|Comedy|Crime|Thriller,Movie
189268,Lone Fisherman,35,1896-01-01,en,8.9553,4.5,12,Comedy,Movie
1954,The Butterfly Effect,"878, 53",17-01-2004,en,8.9529,7.579,8287,Science Fiction|Thriller,Movie
840705,Blink Twice,"9648, 53",21-08-2024,en,8.9415,6.686,1937,Mystery|Thriller,Movie
9426,The Fly,"27, 878",15-08-1986,en,8.9389,7.434,4991,Horror|Science Fiction,Movie
387848,Buddy's Mom,"18, 10749",12-11-2015,ko,8.9367,5.7,15,Drama|Romance,Movie
44833,Battleship,"53, 28, 12, 878",11-04-2012,en,8.9283,5.906,5992,Thriller|Action|Adventure|Science Fiction,Movie
520763,A Quiet Place Part II,"878, 53, 27",21-05-2021,en,8.9234,7.43,7446,Science Fiction|Thriller|Horror,Movie
1541,Thelma & Louise,"18, 80, 12",24-05-1991,en,8.9209,7.604,3896,Drama|Crime|Adventure,Movie
4488,Friday the 13th,27,09-05-1980,en,8.9204,6.399,3367,Horror,Movie
360814,Dangal,"18, 10751, 35",21-12-2016,hi,8.9185,7.871,1169,Drama|Family|Comedy,Movie
5876,The Mist,"27, 878, 53",21-11-2007,en,8.9156,6.945,5887,Horror|Science Fiction|Thriller,Movie
11072,Blazing Saddles,"37, 35",07-02-1974,en,8.9139,7.2,2096,Western|Comedy,Movie
893723,PAW Patrol: The Mighty Movie,"12, 16, 35, 10751, 878",21-09-2023,en,8.9116,6.934,564,Adventure|Animation|Comedy|Family|Science Fiction,Movie
9340,The Goonies,"12, 35, 10751",07-06-1985,en,8.9036,7.513,6260,Adventure|Comedy|Family,Movie
947,Lawrence of Arabia,"12, 36, 10752",11-12-1962,en,8.9014,8,3450,Adventure|History|War,Movie
1717475,Remote,"53, 27",,tl,8.8998,0,0,Thriller|Horror,Movie
257211,The Intern,35,23-09-2015,en,8.8982,7.23,7359,Comedy,Movie
888,The Flintstones,"14, 35, 10751",27-05-1994,en,8.8979,5.376,2629,Fantasy|Comedy|Family,Movie
5175,Rush Hour 2,"28, 35, 80",03-08-2001,en,8.8977,6.769,4635,Action|Comedy|Crime,Movie
118451,Eungyo,"18, 10749",25-04-2012,ko,8.8957,6.748,103,Drama|Romance,Movie
1155282,Creation of the Gods III: Creation Under Heaven,"28, 14, 10752",,zh,8.889,0,0,Action|Fantasy|War,Movie
1688163,Hayok,18,15-05-2026,tl,8.8794,6,2,Drama,Movie
9928,Robots,"16, 35, 10751, 878",10-03-2005,en,8.8766,6.487,4941,Animation|Comedy|Family|Science Fiction,Movie
565770,Blue Beetle,"28, 878, 12",16-08-2023,en,8.8752,6.634,3137,Action|Science Fiction|Adventure,Movie
436565,A Bull for Mounts,35,01-01-1976,it,8.8676,4.429,7,Comedy,Movie
110415,Snowpiercer,"28, 878, 18",01-08-2013,ko,8.8653,6.908,10467,Action|Science Fiction|Drama,Movie
1154306,The Ship Show,18,09-08-2023,tl,8.8624,8,1,Drama,Movie
112160,Sexual Chronicles of a French Family,"35, 18, 10749",09-05-2012,fr,8.8614,5.387,407,Comedy|Drama|Romance,Movie
93685,Swingers,"10749, 18",01-10-2002,nl,8.8535,5.961,76,Romance|Drama,Movie
1232546,Until Dawn,"27, 9648",23-04-2025,en,8.8521,6.276,1456,Horror|Mystery,Movie
1308767,Young Washington,"28, 12, 10752",03-07-2026,en,8.8475,1,1,Action|Adventure|War,Movie
747,Shaun of the Dead,"27, 35",09-04-2004,en,8.8438,7.545,9396,Horror|Comedy,Movie
1369,Rambo: First Blood Part II,"28, 12, 53, 10752",21-05-1985,en,8.8435,6.662,4345,Action|Adventure|Thriller|War,Movie
131634,The Hunger Games: Mockingjay - Part 2,"28, 12, 878",18-11-2015,en,8.8413,6.9,13383,Action|Adventure|Science Fiction,Movie
2454,The Chronicles of Narnia: Prince Caspian,"12, 10751, 14",15-05-2008,en,8.8315,6.634,6805,Adventure|Family|Fantasy,Movie
1626020,Halmeoni,18,16-09-2028,fr,8.8287,0,0,Drama,Movie
22832,Ninja Assassin,"28, 12, 53",29-09-2009,en,8.8255,6.715,1802,Action|Adventure|Thriller,Movie
840,Close Encounters of the Third Kind,"878, 18",14-12-1977,en,8.8249,7.352,4694,Science Fiction|Drama,Movie
1073125,In Your Dreams,"10749, 35, 18",03-02-2023,tr,8.8243,7.298,99,Romance|Comedy|Drama,Movie
855435,Faces of Death,27,10-04-2026,en,8.8233,5.495,92,Horror,Movie
1429520,Sidelined 2: Intercepted,"10749, 35",27-11-2025,en,8.8131,6.89,100,Romance|Comedy,Movie
9358,Final Destination 2,"27, 9648",31-01-2003,en,8.8116,6.3,4868,Horror|Mystery,Movie
174341,Some Velvet Morning,18,13-12-2013,en,8.8039,5.839,62,Drama,Movie
331482,Little Women,"18, 10749",25-12-2019,en,8.7999,7.9,6857,Drama|Romance,Movie
19913,(500) Days of Summer,"35, 18, 10749",17-07-2009,en,8.7954,7.302,11081,Comedy|Drama|Romance,Movie
900539,The Garden of Delights,16,31-12-2004,zh,8.7887,6,1,Animation,Movie
930094,"Red, White & Royal Blue","35, 10749",27-07-2023,en,8.7878,7.9,1577,Comedy|Romance,Movie
756999,The Black Phone,"27, 53",16-06-2022,en,8.7878,7.521,5887,Horror|Thriller,Movie
300668,Annihilation,"878, 27",22-02-2018,en,8.7861,6.442,9407,Science Fiction|Horror,Movie
634429,Shin Ultraman,"28, 878",13-05-2022,ja,8.7787,7.488,249,Action|Science Fiction,Movie
312221,Creed,18,25-11-2015,en,8.777,7.407,7990,Drama,Movie
1688935,Oye Bhole Oye 2,"35, 18, 28",12-06-2026,pa,8.7769,0,0,Comedy|Drama|Action,Movie
1232569,Pinocchio: Unstrung,"27, 14, 9648",23-07-2026,en,8.7751,0,0,Horror|Fantasy|Mystery,Movie
1165366,De Gaulle: Résistance,"36, 18",03-06-2026,fr,8.7714,7.851,87,History|Drama,Movie
1384216,The Dog Stars,"12, 878, 53",26-08-2026,en,8.7695,0,0,Adventure|Science Fiction|Thriller,Movie
43347,Love & Other Drugs,"18, 35, 10749",22-11-2010,en,8.7686,7.044,5633,Drama|Comedy|Romance,Movie
1581366,Next Room Affair,18,25-11-2025,tl,8.7671,7,4,Drama,Movie
1662961,No volveremos,18,01-09-2030,es,8.7634,0,0,Drama,Movie
9919,How to Lose a Guy in 10 Days,"35, 10749",07-02-2003,en,8.7626,6.869,4503,Comedy|Romance,Movie
19908,Zombieland,"35, 27",02-10-2009,en,8.7619,7.259,13236,Comedy|Horror,Movie
565,The Ring,"27, 9648",18-10-2002,en,8.7581,6.704,6711,Horror|Mystery,Movie
644,A.I. Artificial Intelligence,"18, 878, 12",29-06-2001,en,8.755,7.1,6696,Drama|Science Fiction|Adventure,Movie
1718264,Nature humaine,"18, 36",,fr,8.7421,0,0,Drama|History,Movie
1242419,Roofman,"80, 35, 18",06-10-2025,en,8.7413,7.072,854,Crime|Comedy|Drama,Movie
1510745,Bodycam,27,12-03-2026,en,8.7404,5.625,68,Horror,Movie
336843,Maze Runner: The Death Cure,"878, 28, 12, 53",10-01-2018,en,8.7403,7.083,8430,Science Fiction|Action|Adventure|Thriller,Movie
297761,Suicide Squad,"28, 12, 14",03-08-2016,en,8.7384,5.917,22155,Action|Adventure|Fantasy,Movie
11619,Flushed Away,"12, 16, 35, 10751",22-10-2006,en,8.7341,6.331,4118,Adventure|Animation|Comedy|Family,Movie
608,Men in Black II,"28, 35, 878",03-07-2002,en,8.7319,6.388,10698,Action|Comedy|Science Fiction,Movie
49849,Cowboys & Aliens,"28, 878, 53, 37",29-07-2011,en,8.7292,5.684,5470,Action|Science Fiction|Thriller|Western,Movie
787699,Wonka,"35, 10751, 14",06-12-2023,en,8.7271,7.036,4416,Comedy|Family|Fantasy,Movie
157350,Divergent,"28, 12, 878",14-03-2014,en,8.7238,6.904,13520,Action|Adventure|Science Fiction,Movie
1707192,Les culottées,"36, 35, 10402",02-06-2026,fr,8.7226,10,1,History|Comedy|Music,Movie
1895,Star Wars: Episode III - Revenge of the Sith,"12, 28, 878",17-05-2005,en,8.7146,7.469,15012,Adventure|Action|Science Fiction,Movie
9532,Final Destination,27,17-03-2000,en,8.7136,6.637,6727,Horror,Movie
419329,Descendants of Adultery,10749,30-09-2016,ko,8.7111,4.5,8,Romance,Movie
1451567,Coco 2,"16, 12, 10402, 10751, 14",21-11-2029,en,8.71,0,0,Animation|Adventure|Music|Family|Fantasy,Movie
1718631,Sacrifice,"18, 9648, 53",,en,8.7094,0,0,Drama|Mystery|Thriller,Movie
163,Ocean's Twelve,"53, 80",09-12-2004,en,8.707,6.566,7944,Thriller|Crime,Movie
2668,Sleepy Hollow,"14, 53, 9648, 27",19-11-1999,en,8.7042,7.2,7404,Fantasy|Thriller|Mystery|Horror,Movie
184345,A Haunted House 2,"35, 27",17-04-2014,en,8.7039,6.195,1603,Comedy|Horror,Movie
311324,The Great Wall,"28, 12, 14",16-12-2016,en,8.7014,6.032,5568,Action|Adventure|Fantasy,Movie
232672,Blended,"35, 10749",21-05-2014,en,8.7,6.896,3821,Comedy|Romance,Movie
309512,Lady Audley's Secret,18,17-05-2000,en,9.6864,4.6,5,Drama,Movie
21484,Possession,27,27-05-1981,en,7.7339,7.318,1338,Horror,Movie
882598,Smile,"27, 9648",23-09-2022,en,8.1883,6.672,4092,Horror|Mystery,Movie
372962,Mai-chan's Daily Life,27,29-11-2014,ja,7.5372,5.167,18,Horror,Movie
387820,Strange Hair Salon,"10749, 18",22-10-2015,ko,5.5363,6.7,12,Romance|Drama,Movie
33,Unforgiven,37,07-08-1992,en,8.5972,7.912,4981,Western,Movie
72559,G.I. Joe: Retaliation,"28, 878, 12, 53",27-03-2013,en,9.3606,5.7,5797,Action|Science Fiction|Adventure|Thriller,Movie
9874,Cobra,"28, 80, 53",22-05-1986,en,7.796,6.149,1975,Action|Crime|Thriller,Movie
1089,Point Break,"28, 53, 80",12-07-1991,en,8.207,7.2,4009,Action|Thriller|Crime,Movie
1515615,Kissing Is the Easy Part,"10749, 35",13-02-2026,en,7.0963,7.654,39,Romance|Comedy,Movie
15472,The Girl with the Dragon Tattoo,"18, 53, 80, 9648",27-02-2009,sv,7.5306,7.532,3237,Drama|Thriller|Crime|Mystery,Movie
1364797,Dynamic Duo,"16, 28, 12, 80",29-06-2028,en,8.2647,0,0,Animation|Action|Adventure|Crime,Movie
14537,Harakiri,"28, 18, 36",15-09-1962,ja,8.4298,8.4,1223,Action|Drama|History,Movie
417859,Puss in Boots,"28, 12, 16, 35, 10751",27-10-2011,en,8.4663,6.601,4603,Action|Adventure|Animation|Comedy|Family,Movie
10026,Hot Tamale,"28, 35, 80, 53",23-04-2006,en,7.9074,4.943,35,Action|Comedy|Crime|Thriller,Movie
1481041,Ginny Wedss Sunny 2,"10749, 35, 18",24-04-2026,hi,7.3112,0,0,Romance|Comedy|Drama,Movie
9757,Norbit,35,08-02-2007,en,8.4697,5.67,2607,Comedy,Movie
102961,Seven,"28, 18",07-09-1979,en,8.5346,5.8,46,Action|Drama,Movie
1199193,Pose,53,25-02-2026,en,7.7225,6.429,35,Thriller,Movie
1515899,Billie Eilish - Hit Me Hard and Soft: The Tour (Live in 3D),"10402, 99",06-05-2026,en,7.8669,7.5,23,Music|Documentary,Movie
486593,Women's War: Doggie's Uprising,18,24-03-2016,ko,8.256,0,0,Drama,Movie
663712,Terrifier 2,27,06-10-2022,en,8.2851,6.673,2513,Horror,Movie
1717221,Light Speed,"28, 10749",12-04-2024,en,8.2609,0,0,Action|Romance,Movie
343668,Kingsman: The Golden Circle,"28, 12, 35, 80, 878",20-09-2017,en,8.666,6.946,11175,Action|Adventure|Comedy|Crime|Science Fiction,Movie
968051,The Nun II,27,06-09-2023,en,9.2144,6.641,2493,Horror,Movie
1718524,Kocia Szajka,"16, 10751, 12",,pl,8.555,0,0,Animation|Family|Adventure,Movie
675445,PAW Patrol: The Movie,"28, 12, 16, 35, 10751",09-08-2021,en,8.5529,7.333,1274,Action|Adventure|Animation|Comedy|Family,Movie
9509,Man on Fire,"28, 18, 53",23-04-2004,en,8.5506,7.469,5727,Action|Drama|Thriller,Movie
718789,Lightyear,"16, 878, 10751, 12",15-06-2022,en,8.5445,6.869,3834,Animation|Science Fiction|Family|Adventure,Movie
149,Akira,"16, 878, 28",10-06-1988,ja,8.5409,7.9,4815,Animation|Science Fiction|Action,Movie
1717543,Housepainter,"18, 53",21-06-2026,en,8.5389,0,0,Drama|Thriller,Movie
8009,Highlander,"12, 28, 14",07-03-1986,en,8.5367,6.867,2931,Adventure|Action|Fantasy,Movie
639933,The Northman,"28, 12, 14",07-04-2022,en,8.5327,7.033,5075,Action|Adventure|Fantasy,Movie
1111873,Abigail,"27, 53",16-04-2024,en,8.5304,6.667,2107,Horror|Thriller,Movie
853,Enemy at the Gates,"10752, 36",28-02-2001,en,8.5299,7.419,4071,War|History,Movie
1388496,Grandgear,"28, 12, 878",17-02-2028,en,8.5278,0,0,Action|Adventure|Science Fiction,Movie
1501204,I Am a Plaything,"18, 10749",14-06-2025,ko,8.5157,0,0,Drama|Romance,Movie
165,Back to the Future Part II,"12, 35, 878",22-11-1989,en,8.5064,7.782,13999,Adventure|Comedy|Science Fiction,Movie
1715148,Hestia 19,878,01-09-2024,fr,8.5058,10,1,Science Fiction,Movie
776503,CODA,"18, 10402, 10749",13-08-2021,en,8.5058,7.888,2608,Drama|Music|Romance,Movie
391713,Lady Bird,"18, 35",01-09-2017,en,8.4971,7.25,9047,Drama|Comedy,Movie
1079091,It Ends with Us,"18, 10749",07-08-2024,en,8.4962,6.947,1971,Drama|Romance,Movie
4922,The Curious Case of Benjamin Button,"18, 14, 10749",25-12-2008,en,8.4961,7.6,13778,Drama|Fantasy|Romance,Movie
343611,Jack Reacher: Never Go Back,"28, 53, 18, 80",19-10-2016,en,8.4936,6.025,5374,Action|Thriller|Drama|Crime,Movie
581392,Peninsula,"27, 28, 53, 12",15-07-2020,ko,8.4926,6.716,2597,Horror|Action|Thriller|Adventure,Movie
338970,Tomb Raider,"28, 12, 14",05-03-2018,en,8.4903,6.365,8392,Action|Adventure|Fantasy,Movie
1017163,The Roundup: Punishment,"28, 80, 53, 35",24-04-2024,ko,8.4874,7.2,249,Action|Crime|Thriller|Comedy,Movie
1658209,Maid's Obsession,"18, 10749",27-03-2026,tl,8.4851,4.5,3,Drama|Romance,Movie
49529,John Carter,"28, 12, 878",07-03-2012,en,8.4841,6.4,6144,Action|Adventure|Science Fiction,Movie
763215,Damsel,"14, 28, 12",07-03-2024,en,8.4806,6.983,2805,Fantasy|Action|Adventure,Movie
283366,Miss Peregrine's Home for Peculiar Children,"12, 14",28-09-2016,en,8.4766,6.839,10503,Adventure|Fantasy,Movie
10693,Peter Pan,"16, 10751, 12, 14",05-02-1953,en,8.4721,7.192,5765,Animation|Family|Adventure|Fantasy,Movie
511642,Female Hostel 2,"10749, 18",22-03-2018,ko,8.4666,5.5,6,Romance|Drama,Movie
1717685,La Cita,"10749, 35",25-01-2025,en,8.4658,0,0,Romance|Comedy,Movie
1571594,The Photographer,"27, 53",30-10-2025,es,8.4658,7.2,5,Horror|Thriller,Movie
1220552,The Eminence in Shadow: Lost Echoes,"16, 35, 12, 14",,ja,8.4626,0,0,Animation|Comedy|Adventure|Fantasy,Movie
17578,The Adventures of Tintin,"12, 16, 9648",24-10-2011,en,8.4626,6.924,5851,Adventure|Animation|Mystery,Movie
5915,Into the Wild,"12, 18",21-09-2007,en,8.4619,7.796,10180,Adventure|Drama,Movie
77950,Turbo,"16, 10751",11-07-2013,en,8.4599,6.271,3692,Animation|Family,Movie
1170608,Dune: Part Three,"28, 12, 878",16-12-2026,en,8.4588,0,0,Action|Adventure|Science Fiction,Movie
100402,Captain America: The Winter Soldier,"28, 12, 878",20-03-2014,en,8.4538,7.7,20077,Action|Adventure|Science Fiction,Movie
1791,The Piano Teacher,"18, 10749",05-09-2001,fr,8.4486,7.254,1283,Drama|Romance,Movie
52683,In All Innocence,"18, 10749",25-11-1998,fr,8.4482,5.875,32,Drama|Romance,Movie
1173558,Burning Betrayal,"18, 9648, 10749",25-10-2023,pt,8.4457,6.235,247,Drama|Mystery|Romance,Movie
1117857,In Your Dreams,"12, 16, 35, 10751, 14",07-11-2025,en,8.4435,7,226,Adventure|Animation|Comedy|Family|Fantasy,Movie
1717548,Division Zero,27,30-05-2026,en,8.4422,10,1,Horror,Movie
364,Batman Returns,"28, 14",19-06-1992,en,8.4395,6.948,7125,Action|Fantasy,Movie
1711336,Аморальный грабеж,"35, 80",01-01-2000,ru,8.4386,0,0,Comedy|Crime,Movie
1284120,The Ugly Stepsister,"27, 35, 18",07-03-2025,no,8.4309,7.3,1201,Horror|Comedy|Drama,Movie
613504,After We Collided,"18, 10749",02-09-2020,en,8.4262,7.15,5469,Drama|Romance,Movie
13183,Watchmen,"9648, 28, 878",04-03-2009,en,8.416,7.356,10051,Mystery|Action|Science Fiction,Movie
1404320,Wild Agent 2: Peach Assassination,"28, 80",19-12-2024,zh,8.4144,4.6,5,Action|Crime,Movie
12493,High and Low,"18, 80, 53",01-03-1963,ja,8.407,8.4,1137,Drama|Crime|Thriller,Movie
258489,The Legend of Tarzan,"14, 28, 12",29-06-2016,en,8.4059,5.92,6537,Fantasy|Action|Adventure,Movie
329,Jurassic Park,"12, 878",11-06-1993,en,8.4017,7.97,17948,Adventure|Science Fiction,Movie
1267,Meet the Robinsons,"16, 35, 10751, 878, 12",23-03-2007,en,8.3983,6.943,3160,Animation|Comedy|Family|Science Fiction|Adventure,Movie
1717713,Pilfer,53,05-03-2026,en,8.3972,0,0,Thriller,Movie
262500,Insurgent,"28, 878, 53",18-03-2015,en,8.3972,6.4,10468,Action|Science Fiction|Thriller,Movie
530254,The Witch: Part 1. The Subversion,"28, 878",27-06-2018,ko,8.3959,7.9,758,Action|Science Fiction,Movie
10386,The Iron Giant,"16, 18, 10751, 878",06-08-1999,en,8.3953,7.958,6215,Animation|Drama|Family|Science Fiction,Movie
1022796,Wish,"16, 10751, 14, 12",13-11-2023,en,8.3949,6.219,1788,Animation|Family|Fantasy|Adventure,Movie
1701263,Internet Famous,"35, 10751",17-05-2026,en,8.3938,10,1,Comedy|Family,Movie
560210,My Student's Mom 3,10749,05-02-2018,ko,8.3927,5,2,Romance,Movie
924,Dawn of the Dead,"27, 878",19-03-2004,en,8.3896,7.071,4538,Horror|Science Fiction,Movie
588,Silent Hill,"27, 9648",21-04-2006,en,8.3891,6.637,4939,Horror|Mystery,Movie
346910,The Predator,"878, 28, 53",05-09-2018,en,8.3882,5.622,5168,Science Fiction|Action|Thriller,Movie
178680,Photograph,35,1895-01-01,fr,8.3788,5.645,31,Comedy,Movie
10068,Nine 1/2 Weeks,"18, 10749",09-02-1986,en,8.375,6.117,1136,Drama|Romance,Movie
838209,Exhuma,"9648, 27, 53",22-02-2024,ko,8.3738,7.622,717,Mystery|Horror|Thriller,Movie
446354,The Post,"18, 36",22-12-2017,en,8.3738,7.006,4934,Drama|History,Movie
116711,Epic,"16, 12, 10751, 14",15-05-2013,en,8.3724,6.562,2955,Animation|Adventure|Family|Fantasy,Movie
620,Ghostbusters,"35, 14",08-06-1984,en,8.3676,7.5,9790,Comedy|Fantasy,Movie
955,Mission: Impossible II,"12, 28, 53",24-05-2000,en,8.3675,6.1,7611,Adventure|Action|Thriller,Movie
9016,Treasure Planet,"878, 12, 16, 10751, 14",26-11-2002,en,8.3652,7.6,4645,Science Fiction|Adventure|Animation|Family|Fantasy,Movie
1241470,Osiris,"878, 28, 27",25-07-2025,en,8.3606,6.135,262,Science Fiction|Action|Horror,Movie
628847,Trap House,"28, 80, 53",14-11-2025,en,8.3507,6.605,282,Action|Crime|Thriller,Movie
725201,The Gray Man,"28, 53",13-07-2022,en,8.3463,6.91,4290,Action|Thriller,Movie
19912,The Final Destination,"27, 9648",26-08-2009,en,8.3444,5.6,3931,Horror|Mystery,Movie
601796,Alienoid,"878, 28, 14, 12",20-07-2022,ko,8.3413,6.929,566,Science Fiction|Action|Fantasy|Adventure,Movie
397469,New Folder 2,18,23-10-2015,ko,6.8743,5.1,5,Drama,Movie
319,True Romance,"28, 80, 10749",09-09-1993,en,7.862,7.539,3088,Action|Crime|Romance,Movie
71676,Ghost Rider: Spirit of Vengeance,"28, 14, 53",10-12-2011,en,7.8535,5,4101,Action|Fantasy|Thriller,Movie
1354959,Stand Up My Husband!,18,21-06-2024,ko,7.5056,9,1,Drama,Movie
800158,The Killer,"80, 53",25-10-2023,en,7.9239,6.576,2848,Crime|Thriller,Movie
1291659,The Wizard of the Kremlin,18,21-01-2026,fr,7.8393,6.5,200,Drama,Movie
290250,The Nice Guys,"35, 80, 28",15-05-2016,en,8.2026,7.131,8706,Comedy|Crime|Action,Movie
10184,He's Just Not That Into You,"35, 10749, 18",06-02-2009,en,7.779,6.625,4064,Comedy|Romance|Drama,Movie
1005342,Running with the Devil: The Wild World of John McAfee,"99, 80",24-08-2022,en,5.2331,6.286,77,Documentary|Crime,Movie
1401778,Turbulence,"53, 28, 12, 18, 14",26-11-2025,en,7.0307,6.592,147,Thriller|Action|Adventure|Drama|Fantasy,Movie
646380,Don't Look Up,"35, 878, 18",08-12-2021,en,8.2758,7.064,9403,Comedy|Science Fiction|Drama,Movie
299710,Being 14,18,25-02-2015,fr,5.8888,4,64,Drama,Movie
1420733,The Cursed: Insatiable Desires,"27, 53",17-09-2025,ko,7.5038,5.6,9,Horror|Thriller,Movie
9738,Fantastic Four,"28, 14, 878",29-06-2005,en,7.8012,5.8,10029,Action|Fantasy|Science Fiction,Movie
324668,Jason Bourne,"28, 12, 53",27-07-2016,en,8.6812,6.381,6241,Action|Adventure|Thriller,Movie
630392,The Cursed,"27, 18, 53",28-07-2021,en,6.8334,6.563,430,Horror|Drama|Thriller,Movie
718821,Twisters,"28, 53",10-07-2024,en,8.136,6.8,3023,Action|Thriller,Movie
429200,Good Time,"80, 53, 18",11-08-2017,en,7.0809,7.2,3136,Crime|Thriller|Drama,Movie
63311,The Skin I Live In,"18, 27, 9648, 53",17-08-2011,es,8.0809,7.487,4644,Drama|Horror|Mystery|Thriller,Movie
11013,Secretary,"10749, 18, 35",20-09-2002,en,7.9264,6.796,1935,Romance|Drama|Comedy,Movie
30497,The Texas Chain Saw Massacre,27,11-10-1974,en,7.77,7.3,3841,Horror,Movie
1717961,Oblivion,"27, 9648, 878",,en,7.8931,0,0,Horror|Mystery|Science Fiction,Movie
1718219,YUM,"35, 27, 16",31-05-2026,en,8.3013,5,1,Comedy|Horror|Animation,Movie
637675,Sirena,18,07-10-2019,es,7.2607,5,1,Drama,Movie
785084,The Whale,18,09-12-2022,en,8.1458,7.766,4719,Drama,Movie
10764,Quantum of Solace,"12, 28, 53",29-10-2008,en,7.8104,6.336,8582,Adventure|Action|Thriller,Movie
251,Ghost,"14, 10749, 53",13-07-1990,en,7.7253,7.24,6060,Fantasy|Romance|Thriller,Movie
7443,Chicken Run,"16, 35, 10751",23-06-2000,en,8.2501,6.847,5429,Animation|Comedy|Family,Movie
9357,One Hour Photo,"18, 53",21-08-2002,en,8.2474,6.7,1927,Drama|Thriller,Movie
1382406,Striking Rescue,"28, 80, 53, 18",05-12-2024,zh,8.2442,7.456,170,Action|Crime|Thriller|Drama,Movie
296,Terminator 3: Rise of the Machines,"28, 53, 878",02-07-2003,en,8.2396,6.194,7298,Action|Thriller|Science Fiction,Movie
2770,American Pie 2,"35, 10749",10-08-2001,en,8.2384,6.259,5337,Comedy|Romance,Movie
49046,All Quiet on the Western Front,"10752, 18",07-10-2022,de,8.2364,7.728,4722,War|Drama,Movie
9655,She's the Man,"35, 10749",17-03-2006,en,8.2301,6.8,3305,Comedy|Romance,Movie
464052,Wonder Woman 1984,"28, 12, 14",16-12-2020,en,8.229,6.364,9087,Action|Adventure|Fantasy,Movie
1712445,Layover,"10752, 36",30-04-2027,en,8.2289,0,0,War|History,Movie
1424965,Ice Skater,"18, 53",20-08-2026,en,8.2281,0,0,Drama|Thriller,Movie
10545,The Hunchback of Notre Dame,"18, 16, 10751",21-06-1996,en,8.2279,7.133,5384,Drama|Animation|Family,Movie
36648,Blade: Trinity,"28, 27, 878",08-12-2004,en,8.2277,5.865,4336,Action|Horror|Science Fiction,Movie
9339,Click,"35, 18, 14",23-06-2006,en,8.2271,6.3,7601,Comedy|Drama|Fantasy,Movie
657654,Senior Couple and Exchange Sex,10749,23-12-2019,ko,8.2256,6.1,8,Romance,Movie
1717351,Creative Differences,"18, 35, 10402",16-06-2026,en,8.224,10,1,Drama|Comedy|Music,Movie
143667,Rope Hell,"80, 18",24-06-1978,ja,8.2197,5,13,Crime|Drama,Movie
314365,Spotlight,"18, 36",06-11-2015,en,8.2133,7.813,8822,Drama|History,Movie
399402,Hunter Killer,"28, 53",19-10-2018,en,8.2113,6.909,2421,Action|Thriller,Movie
282035,The Mummy,"14, 53, 28, 12, 27",06-06-2017,en,8.211,5.52,7672,Fantasy|Thriller|Action|Adventure|Horror,Movie
1592032,Furious Attack,"28, 80, 53",12-02-2026,zh,8.2065,5.7,3,Action|Crime|Thriller,Movie
9297,Monster House,"16, 35, 10751, 14",30-06-2006,en,8.2035,6.71,4353,Animation|Comedy|Family|Fantasy,Movie
1102883,Mother Mary,"10402, 18, 53",16-04-2026,en,8.1935,5.687,91,Music|Drama|Thriller,Movie
1697863,Kafasız Bedenler,"18, 10751",,tr,8.186,10,1,Drama|Family,Movie
1597280,Kenatha Kanom,"35, 18, 10751",13-03-2026,ta,8.1826,0,0,Comedy|Drama|Family,Movie
9286,Final Destination 3,"27, 9648",09-02-2006,en,8.1773,6.2,4593,Horror|Mystery,Movie
1704915,InfiniMart,"35, 878",18-11-2022,it,8.1756,10,1,Comedy|Science Fiction,Movie
1719104,Obedience,"27, 53, 18, 10752, 36",21-05-2026,en,8.1741,0,0,Horror|Thriller|Drama|War|History,Movie
76726,Chronicle,"878, 18, 53",01-02-2012,en,8.1738,6.856,5759,Science Fiction|Drama|Thriller,Movie
9482,Judge Dredd,"878, 28",30-06-1995,en,8.1729,5.9,2755,Science Fiction|Action,Movie
8078,Alien Resurrection,"878, 27, 28",12-11-1997,en,8.1725,6.168,5591,Science Fiction|Horror|Action,Movie
1241693,Do Deewane Seher Mein,"10749, 18, 35",20-02-2026,hi,8.1722,6.4,15,Romance|Drama|Comedy,Movie
499191,Call Boy,18,06-04-2018,ja,8.1654,6.5,56,Drama,Movie
1718266,KREC'H,80,19-06-2026,fr,8.1529,0,0,Crime,Movie
1718918,dAIsy,"878, 53, 18",,en,8.1505,0,0,Science Fiction|Thriller|Drama,Movie
7980,The Lovely Bones,"14, 18",26-12-2009,en,8.1499,7.059,4975,Fantasy|Drama,Movie
1252051,Disforia,"27, 53",20-09-2025,es,8.1482,4.6,10,Horror|Thriller,Movie
159824,Hotel Transylvania 2,"16, 35, 10751, 14",21-09-2015,en,8.1482,6.764,6146,Animation|Comedy|Family|Fantasy,Movie
30112,Lost in Beijing,"10749, 18",26-09-2007,zh,8.146,6.6,62,Romance|Drama,Movie
4638,Hot Fuzz,"80, 28, 35",14-02-2007,en,8.1431,7.6,8385,Crime|Action|Comedy,Movie
72545,Journey 2: The Mysterious Island,"12, 28, 878",19-01-2012,en,8.1394,6.145,4528,Adventure|Action|Science Fiction,Movie
147441,Exodus: Gods and Kings,"12, 18, 28",03-12-2014,en,8.1392,5.884,4865,Adventure|Drama|Action,Movie
2671,Ring,"27, 53",31-01-1998,ja,8.1358,7.091,1672,Horror|Thriller,Movie
33217,Diary of a Wimpy Kid,"35, 10751",19-03-2010,en,8.135,6.283,1784,Comedy|Family,Movie
1326106,Kaiju No. 8: Mission Recon,"16, 28, 878",28-03-2025,ja,8.1346,8.1,96,Animation|Action|Science Fiction,Movie
22538,Scott Pilgrim vs. the World,"28, 35, 10749",12-08-2010,en,8.1302,7.5,8649,Action|Comedy|Romance,Movie
9659,Mad Max,"28, 53, 878",12-04-1979,en,8.1287,6.684,4990,Action|Thriller|Science Fiction,Movie
139038,A Haunted House,"35, 27",11-01-2013,en,8.1282,5.952,2065,Comedy|Horror,Movie
375588,Robin Hood,"12, 28, 53, 14",03-11-2018,en,8.1261,5.909,3160,Adventure|Action|Thriller|Fantasy,Movie
9837,The Prince of Egypt,"12, 16, 18, 10751",16-12-1998,en,8.1245,7.3,4330,Adventure|Animation|Drama|Family,Movie
364689,Ferdinand,"16, 10751, 12, 35",09-12-2017,en,8.1196,7.211,3108,Animation|Family|Adventure|Comedy,Movie
599025,The Ex,"27, 53",11-03-2021,ru,8.1148,6.556,135,Horror|Thriller,Movie
205587,The Judge,18,08-10-2014,en,8.1142,7.332,4451,Drama,Movie
1559575,Kafir: The Spirit Gate,"27, 18, 9648, 53",29-01-2026,id,8.1139,6,4,Horror|Drama|Mystery|Thriller,Movie
64688,21 Jump Street,"28, 35, 80",14-03-2012,en,8.1098,6.887,11070,Action|Comedy|Crime,Movie
1452,Superman Returns,"878, 28, 12",28-06-2006,en,8.1084,5.8,4599,Science Fiction|Action|Adventure,Movie
1089791,The Trace of Your Lips,"18, 10749",17-06-2023,es,8.1035,5.3,10,Drama|Romance,Movie
205584,Gods of Egypt,"28, 12, 14",25-02-2016,en,8.1022,5.698,4374,Action|Adventure|Fantasy,Movie
71552,American Reunion,35,04-04-2012,en,8.101,6.312,4722,Comedy,Movie
23168,The Town,"80, 18, 53",15-09-2010,en,8.1,7.223,5676,Crime|Drama|Thriller,Movie
10543,Fear,"53, 27",12-04-1996,en,8.0998,6.631,1059,Thriller|Horror,Movie
63,Twelve Monkeys,"878, 53, 9648",29-12-1995,en,8.0984,7.609,9168,Science Fiction|Thriller|Mystery,Movie
1422227,Aşk Sadece Bir An,"10749, 18",14-02-2025,tr,8.0973,6.6,12,Romance|Drama,Movie
803736,Hey! Sinamika,"18, 10749",03-03-2022,ta,8.0953,5.8,25,Drama|Romance,Movie
293670,The Wailing,"27, 9648",12-05-2016,ko,8.0947,7.372,2071,Horror|Mystery,Movie
1124566,Sentimental Value,18,20-08-2025,no,8.0937,7.5,954,Drama,Movie
512195,Red Notice,"28, 35, 80",04-11-2021,en,8.0887,6.732,6473,Action|Comedy|Crime,Movie
81,Warriors of the Wind,"12, 16, 14",11-03-1984,ja,8.0861,7.9,4099,Adventure|Animation|Fantasy,Movie
13448,Angels & Demons,"53, 9648",20-04-2009,en,8.0797,6.721,7354,Thriller|Mystery,Movie
2503,The Bourne Ultimatum,"28, 18, 9648, 53",03-08-2007,en,8.0754,7.4,8403,Action|Drama|Mystery|Thriller,Movie
66075,My Father's Private Secretary,35,29-12-1976,it,8.0713,5.295,22,Comedy,Movie
1136867,Materialists,"10749, 18",12-06-2025,en,8.0691,6.27,1340,Romance|Drama,Movie
10528,Sherlock Holmes,"28, 12, 80, 9648",23-12-2009,en,8.0679,7.221,14822,Action|Adventure|Crime|Mystery,Movie
915935,Anatomy of a Fall,"53, 9648, 80",23-08-2023,fr,8.5996,7.513,3337,Thriller|Mystery|Crime,Movie
1142921,Tere Ishk Mein,"10749, 18",28-11-2025,hi,6.6246,5.667,18,Romance|Drama,Movie
11674,101 Dalmatians,"10751, 35",27-11-1996,en,8.0181,5.943,3656,Family|Comedy,Movie
1401586,Sonic the Hedgehog 4,"35, 28, 10751, 878",11-03-2027,en,7.7997,0,0,Comedy|Action|Family|Science Fiction,Movie
4982,American Gangster,"18, 80",02-11-2007,en,7.4692,7.594,6083,Drama|Crime,Movie
1933,The Others,"27, 9648, 53",02-08-2001,en,7.7709,7.618,7222,Horror|Mystery|Thriller,Movie
545609,Extraction,"28, 53",23-04-2020,en,7.8294,7.292,6641,Action|Thriller,Movie
884,Crash,"53, 18",17-07-1996,en,8.3036,6.47,1366,Thriller|Drama,Movie
9693,Children of Men,"878, 53, 28",22-09-2006,en,7.5776,7.613,7892,Science Fiction|Thriller|Action,Movie
1711266,Ekdin Hothath,"10751, 35",01-01-1986,bn,9.3286,10,1,Family|Comedy,Movie
60304,Hansel & Gretel: Witch Hunters,"14, 27, 28",17-01-2013,en,7.572,6.104,7131,Fantasy|Horror|Action,Movie
9603,Clueless,"35, 10749",19-07-1995,en,7.9975,7.3,4824,Comedy|Romance,Movie
9889,Shallow Hal,"35, 18, 14, 10749",01-11-2001,en,7.4166,6.18,3181,Comedy|Drama|Fantasy|Romance,Movie
12222,Horton Hears a Who!,"16, 35, 10751, 12, 14",03-03-2008,en,7.719,6.526,3570,Animation|Comedy|Family|Adventure|Fantasy,Movie
37247,The Graduate,"18, 10749, 35",21-12-1967,en,8.5591,7.6,3700,Drama|Romance|Comedy,Movie
1445276,A Love Too Captivating,"10749, 16",06-04-2025,ja,7.4782,7.833,6,Romance|Animation,Movie
1717692,Milagro,53,02-04-2025,en,7.9872,0,0,Thriller,Movie
18405,The Last House on the Left,"80, 53, 27, 18",13-03-2009,en,7.9863,6.497,1968,Crime|Thriller|Horror|Drama,Movie
1426776,STRAW,"53, 18, 80",05-06-2025,en,7.9801,7.709,967,Thriller|Drama|Crime,Movie
38700,Bad Boys for Life,"53, 28, 80",15-01-2020,en,7.9731,7.113,8774,Thriller|Action|Crime,Movie
782,Gattaca,"878, 18",09-07-1997,en,7.96,7.569,6959,Science Fiction|Drama,Movie
1244492,Look Back,"16, 18",28-06-2024,ja,7.957,8.145,581,Animation|Drama,Movie
599,Sunset Boulevard,18,10-08-1950,en,7.9554,8.3,2951,Drama,Movie
355533,Horse Shoeing,"99, 18",1893-01-01,xx,7.9527,3.031,16,Documentary|Drama,Movie
15,Citizen Kane,"9648, 18",17-04-1941,en,7.9492,7.972,6090,Mystery|Drama,Movie
41630,No Strings Attached,"35, 10749",21-01-2011,en,7.9443,6.3,5010,Comedy|Romance,Movie
9390,Jerry Maguire,"35, 18, 10749",13-12-1996,en,7.9319,6.994,3748,Comedy|Drama|Romance,Movie
1651601,La Glissade,16,1878-06-01,fr,7.9286,5,1,Animation,Movie
65496,Student Services,18,18-01-2010,fr,7.9239,5.368,144,Drama,Movie
81188,Rise of the Guardians,"28, 12, 16, 10751, 14",21-11-2012,en,7.9238,7.378,7175,Action|Adventure|Animation|Family|Fantasy,Movie
292431,Love,"18, 10749",15-07-2015,fr,7.9223,6.453,2677,Drama|Romance,Movie
1043197,Dust Bunny,"14, 28, 27",11-12-2025,en,7.9177,6.67,333,Fantasy|Action|Horror,Movie
80794,Daughter of Darkness,"53, 27, 35",28-10-1993,zh,7.9157,5.5,28,Thriller|Horror|Comedy,Movie
1718456,Inglorious Cheaters,"18, 9648, 35",11-03-2025,en,7.9107,0,0,Drama|Mystery|Comedy,Movie
9453,Caligula,"18, 36",14-08-1979,it,7.9079,5.988,990,Drama|History,Movie
1717735,Affinity,18,07-05-2019,en,7.9033,0,0,Drama,Movie
1356039,Counterattack,"28, 12, 53",27-02-2025,es,7.9,8.246,826,Action|Adventure|Thriller,Movie
395992,Life,"27, 878, 9648",22-03-2017,en,7.8987,6.456,7963,Horror|Science Fiction|Mystery,Movie
449443,Den of Thieves,"80, 53, 28",18-01-2018,en,7.8956,6.867,3425,Crime|Thriller|Action,Movie
338952,Fantastic Beasts: The Crimes of Grindelwald,"14, 12",14-11-2018,en,7.8952,6.834,11504,Fantasy|Adventure,Movie
49047,Gravity,"878, 53, 18",03-10-2013,en,7.891,7.169,16394,Science Fiction|Thriller|Drama,Movie
4523,Enchanted,"35, 10751, 14, 10749",20-11-2007,en,7.8876,6.844,5729,Comedy|Family|Fantasy|Romance,Movie
9012,Jackass: The Movie,"28, 35, 99",25-10-2002,en,7.8871,6.3,1757,Action|Comedy|Documentary,Movie
3176,Battle Royale,"18, 53, 28",16-12-2000,ja,7.8823,7.3,3847,Drama|Thriller|Action,Movie
10483,Death Race,"28, 53, 878",22-08-2008,en,7.8727,6.311,4164,Action|Thriller|Science Fiction,Movie
927,Gremlins,"14, 27, 35",08-06-1984,en,7.853,7.143,7013,Fantasy|Horror|Comedy,Movie
136799,Trolls,"12, 16, 35, 10751, 14, 10402",13-10-2016,en,7.8442,6.626,3837,Adventure|Animation|Comedy|Family|Fantasy|Music,Movie
1668364,Desire,"18, 9648",07-05-2026,es,7.8373,4,2,Drama|Mystery,Movie
109424,Captain Phillips,"28, 18, 53",10-10-2013,en,7.8359,7.54,7529,Action|Drama|Thriller,Movie
1601797,¿Quieres ser mi novia?,"35, 10749",12-02-2026,es,7.8347,8.658,155,Comedy|Romance,Movie
765,Evil Dead II,"27, 35, 14",13-03-1987,en,7.8319,7.5,3508,Horror|Comedy|Fantasy,Movie
1440,Little Children,"18, 10749",06-10-2006,en,7.83,7.087,1161,Drama|Romance,Movie
297270,Tinker Bell and the Legend of the NeverBeast,"12, 16, 10751",12-12-2014,en,7.8252,7.4,1195,Adventure|Animation|Family,Movie
275,Fargo,"80, 18, 53",08-03-1996,en,7.8248,7.851,9142,Crime|Drama|Thriller,Movie
180299,The Raid 2,"28, 80, 53",27-03-2014,id,7.8192,7.616,2609,Action|Crime|Thriller,Movie
9392,The Descent,"12, 27",08-07-2005,en,7.818,6.984,4444,Adventure|Horror,Movie
62835,Colombiana,"28, 53, 80, 18",27-07-2011,en,7.8175,6.643,2885,Action|Thriller|Crime|Drama,Movie
1379963,Tell Me Softly,"10749, 18",11-12-2025,es,7.817,6.31,184,Romance|Drama,Movie
81774,Exploits of a Young Don Juan,"35, 18",04-11-1986,fr,7.8145,6.108,323,Comedy|Drama,Movie
398978,The Irishman,"80, 18, 36",01-11-2019,en,7.8128,7.576,7546,Crime|Drama|History,Movie
206487,Predestination,"878, 53",28-08-2014,en,7.7941,7.416,7127,Science Fiction|Thriller,Movie
526896,Morbius,"28, 878, 14",30-03-2022,en,7.7935,5.9,4848,Action|Science Fiction|Fantasy,Movie
1717893,Immeasurable,"16, 878",01-03-2007,en,7.7899,0,0,Animation|Science Fiction,Movie
1180831,Troll 2,"28, 14, 53",30-11-2025,no,7.7826,6.385,486,Action|Fantasy|Thriller,Movie
300669,Don't Breathe,"27, 53, 80",08-06-2016,en,7.7792,7.012,8003,Horror|Thriller|Crime,Movie
289,Casablanca,"18, 10749",15-01-1943,en,7.778,8.137,6084,Drama|Romance,Movie
8909,Wanted,"28, 53, 80",19-06-2008,en,7.7776,6.531,7630,Action|Thriller|Crime,Movie
1422096,Good Boy,27,01-10-2025,en,7.77,6.64,648,Horror,Movie
1718245,Notes?,"16, 10749",14-04-2026,en,7.7672,0,0,Animation|Romance,Movie
914,The Great Dictator,"35, 10752",15-10-1940,en,7.7624,8.3,3722,Comedy|War,Movie
792,Platoon,"18, 10752, 28",19-12-1986,en,7.7607,7.751,5134,Drama|War|Action,Movie
587807,Tom & Jerry,"35, 10751, 16",10-02-2021,en,7.7554,6.728,2581,Comedy|Family|Animation,Movie
753342,Napoleon,"36, 10752, 10749",22-11-2023,en,7.7512,6.301,3119,History|War|Romance,Movie
9352,EuroTrip,35,20-02-2004,en,7.7512,6.623,2990,Comedy,Movie
228967,The Interview,"28, 35",25-12-2014,en,7.7478,6.185,6265,Action|Comedy,Movie
7446,Tropic Thunder,"28, 35, 10752",09-08-2008,en,7.7432,6.7,7008,Action|Comedy|War,Movie
1713306,Notes,27,15-06-2026,ca,7.7414,10,1,Horror,Movie
88751,Journey to the Center of the Earth,"28, 878, 12, 35, 10751",10-07-2008,en,7.74,6.091,5177,Action|Science Fiction|Adventure|Comedy|Family,Movie
42337,Beau Pere,"18, 10749",16-09-1981,fr,7.7385,6.423,150,Drama|Romance,Movie
1380316,Is God Is,"18, 53",14-05-2026,en,7.7363,6.2,50,Drama|Thriller,Movie
627,Trainspotting,"18, 80",23-02-1996,en,7.7357,8,10441,Drama|Crime,Movie
10515,Castle in the Sky,"12, 14, 16, 28, 10751",02-08-1986,ja,7.7355,7.969,4706,Adventure|Fantasy|Animation|Action|Family,Movie
1735,The Mummy: Tomb of the Dragon Emperor,"12, 28, 14",01-07-2008,en,7.7316,5.519,4840,Adventure|Action|Fantasy,Movie
82703,Mr. Peabody & Sherman,"16, 878, 35, 12, 10751",07-02-2014,en,7.7312,6.732,2555,Animation|Science Fiction|Comedy|Adventure|Family,Movie
357965,One Night Only,"10749, 18",03-07-2014,ko,7.7303,4.9,11,Romance|Drama,Movie
473033,Uncut Gems,"18, 53, 80",30-08-2019,en,7.72,7.165,5410,Drama|Thriller|Crime,Movie
450465,Glass,"53, 18, 878",16-01-2019,en,7.7183,6.665,9116,Thriller|Drama|Science Fiction,Movie
341013,Atomic Blonde,"28, 53",26-07-2017,en,7.7167,6.436,6664,Action|Thriller,Movie
646097,Rebel Ridge,"80, 28, 53, 18",27-08-2024,en,7.7145,6.961,1637,Crime|Action|Thriller|Drama,Movie
11212,Baby's Day Out,"35, 12, 10751, 80",01-07-1994,en,7.7137,6.414,1468,Comedy|Adventure|Family|Crime,Movie
1195506,Novocaine,"28, 35, 53",03-03-2025,en,7.7115,6.781,1633,Action|Comedy|Thriller,Movie
18988,The Lion in Winter,"18, 36",20-08-1968,en,7.7098,7.395,405,Drama|History,Movie
396422,Annabelle: Creation,27,03-08-2017,en,7.7075,6.609,6009,Horror,Movie
1297446,Slanted,"27, 35, 878",13-03-2026,en,7.7073,5.929,49,Horror|Comedy|Science Fiction,Movie
11286,The Cannonball Run,"28, 35, 10751",19-06-1981,en,7.7023,6.169,703,Action|Comedy|Family,Movie
1185806,PAW Patrol: The Dino Movie,"12, 16, 35, 10751",31-07-2026,en,7.6992,0,0,Adventure|Animation|Comedy|Family,Movie
818,Austin Powers in Goldmember,"35, 80",26-07-2002,en,7.687,6.022,3453,Comedy|Crime,Movie
454983,The Kissing Booth,"10749, 35",11-05-2018,en,7.6858,7.161,7469,Romance|Comedy,Movie
1374,Rocky IV,18,21-11-1985,en,7.6848,7.092,4842,Drama,Movie
935,Dr. Strangelove or: How I Learned to Stop Worrying and Love the Bomb,"35, 10752",29-01-1964,en,7.6815,8.1,6187,Comedy|War,Movie
3782,Ikiru,18,09-10-1952,ja,7.6806,8.298,1357,Drama,Movie
1710418,METILNATOR I,878,18-06-2026,es,7.6802,10,1,Science Fiction,Movie
1280282,Gabby's Dollhouse: The Movie,"12, 16, 35, 10751, 14",13-09-2025,en,7.6787,6.8,80,Adventure|Animation|Comedy|Family|Fantasy,Movie
1160018,Kill,"28, 80, 53, 18",03-07-2024,hi,7.6774,7.123,502,Action|Crime|Thriller|Drama,Movie
970347,The Killer,"28, 53, 80",22-08-2024,en,7.6772,6.262,581,Action|Thriller|Crime,Movie
4011,Beetlejuice,"14, 35",30-03-1988,en,7.6699,7.4,8480,Fantasy|Comedy,Movie
82695,Les Misérables,"36, 18",18-12-2012,en,7.6689,7.304,5592,History|Drama,Movie
11918,Superhero Movie,"35, 28, 878",28-03-2008,en,7.6683,5.299,2035,Comedy|Action|Science Fiction,Movie
1226578,Longlegs,"80, 27, 9648",10-07-2024,en,7.6676,6.524,2698,Crime|Horror|Mystery,Movie
63319,Belle épine,18,10-11-2010,fr,7.6654,5.4,56,Drama,Movie
889737,Joker: Folie à Deux,"18, 80, 53",01-10-2024,en,7.6606,5.407,2950,Drama|Crime|Thriller,Movie
27576,Salt,"28, 9648, 53",21-07-2010,en,7.6554,6.419,5958,Action|Mystery|Thriller,Movie
710,GoldenEye,"12, 28, 53",16-11-1995,en,7.6545,6.904,4362,Adventure|Action|Thriller,Movie
637920,Miracle in Cell No. 7,18,10-10-2019,tr,7.6457,8.252,4570,Drama,Movie
1718652,Tobi Zertrennguru,"27, 99",13-03-2024,en,7.6429,10,1,Horror|Documentary,Movie
1717752,Clone Appetit,"878, 35",15-04-2007,en,7.4041,0,0,Science Fiction|Comedy,Movie
1010756,The Strangers: Chapter 2,"27, 53",25-09-2025,en,6.7701,6.063,350,Horror|Thriller,Movie
696026,Nice Sister-In-Law,"18, 10749",05-06-2019,ko,7.1775,8,2,Drama|Romance,Movie
2486,Eragon,"14, 28, 12, 10751",14-12-2006,en,7.581,5.134,3466,Fantasy|Action|Adventure|Family,Movie
1718285,Toshi,"18, 10751",,en,7.5603,0,0,Drama|Family,Movie
639720,IF,"35, 14, 10751",08-05-2024,en,8.3178,6.953,1624,Comedy|Fantasy|Family,Movie
858035,Klara and the Sun,"878, 18, 35",21-10-2026,en,6.8611,0,0,Science Fiction|Drama|Comedy,Movie
52629,El Infierno,"28, 80, 37, 35, 18",03-09-2010,es,6.8605,7.902,784,Action|Crime|Western|Comedy|Drama,Movie
820067,The Quintessential Quintuplets Movie,"16, 35, 10749",20-05-2022,ja,7.6102,8.28,444,Animation|Comedy|Romance,Movie
334,Magnolia,18,17-12-1999,en,7.3693,7.726,4029,Drama,Movie
45612,Source Code,"53, 878, 9648",30-03-2011,en,7.5758,7.314,9170,Thriller|Science Fiction|Mystery,Movie
310307,The Founder,"18, 36",24-11-2016,en,7.075,7.147,5416,Drama|History,Movie
3082,Modern Times,"35, 18, 10749",05-02-1936,en,7.4841,8.278,4105,Comedy|Drama|Romance,Movie
594530,Lamp Life,"12, 16, 35, 10751",31-01-2020,en,7.5599,7.1,334,Adventure|Animation|Comedy|Family,Movie
516729,Paddington in Peru,"12, 35, 10751",08-11-2024,en,7.5037,6.806,702,Adventure|Comedy|Family,Movie
9056,Police Story,"28, 80, 35",14-12-1985,cn,6.6146,7.535,1052,Action|Crime|Comedy,Movie
10315,Fantastic Mr. Fox,"12, 16, 35, 10751",14-10-2009,en,7.5769,7.823,6149,Adventure|Animation|Comedy|Family,Movie
554776,An Affair: My Sister-in-law's Love,"18, 10749",26-07-2018,ko,7.5765,4.9,9,Drama|Romance,Movie
1719261,Elevated,"27, 18, 14, 53",28-09-2025,en,7.576,0,0,Horror|Drama|Fantasy|Thriller,Movie
1314786,Agent Zeta,"18, 53",20-03-2026,es,7.5723,6.6,161,Drama|Thriller,Movie
1646,Freedom Writers,"80, 18",05-01-2007,en,7.568,7.9,2438,Crime|Drama,Movie
938,For a Few Dollars More,37,18-12-1965,it,7.568,8.023,4501,Western,Movie
628,Interview with the Vampire,"27, 18, 14",11-11-1994,en,7.5627,7.389,6464,Horror|Drama|Fantasy,Movie
581,Dances with Wolves,"12, 18, 37",09-11-1990,en,7.5591,7.845,4715,Adventure|Drama|Western,Movie
426889,Le Clitoris,"16, 99",24-08-2017,fr,7.5577,6.756,43,Animation|Documentary,Movie
125509,Wrong Turn 5: Bloodlines,"27, 53",18-10-2012,en,7.5569,5.481,1050,Horror|Thriller,Movie
533514,Violet Evergarden: The Movie,"16, 18, 14, 10749",18-09-2020,ja,7.554,8.297,519,Animation|Drama|Fantasy|Romance,Movie
459151,The Boss Baby: Family Business,"16, 35, 12, 10751",01-07-2021,en,7.5526,7.325,2693,Animation|Comedy|Adventure|Family,Movie
10140,The Chronicles of Narnia: The Voyage of the Dawn Treader,"12, 10751, 14",02-12-2010,en,7.5511,6.442,5921,Adventure|Family|Fantasy,Movie
1469458,Sambhavam Adhyayam Onnu,"14, 53, 18",06-03-2026,ml,7.5503,6.4,7,Fantasy|Thriller|Drama,Movie
38234,Undisputed III: Redemption,"28, 53, 80, 18",17-04-2010,en,7.5484,7.578,1034,Action|Thriller|Crime|Drama,Movie
1232221,Mother-in-law in Love With Son-in-law 4,10749,26-12-2023,ko,7.5478,4,1,Romance,Movie
1707532,Transmission,"878, 53",15-10-2025,es,7.5476,10,1,Science Fiction|Thriller,Movie
579,Jaws 2,"27, 53",16-06-1978,en,7.543,6.045,2134,Horror|Thriller,Movie
1363974,That Time I Got Reincarnated as a Slime the Movie: Tears of the Azure Sea,"16, 14, 12, 35",27-02-2026,ja,7.5417,6.6,8,Animation|Fantasy|Adventure|Comedy,Movie
13252,Cleaner,"80, 53, 9648",11-09-2007,en,7.5397,6.091,935,Crime|Thriller|Mystery,Movie
634492,Madame Web,"28, 14",14-02-2024,en,7.5391,5.286,2598,Action|Fantasy,Movie
568160,Weathering with You,"16, 18, 14, 10749",19-07-2019,ja,7.5386,8,2642,Animation|Drama|Fantasy|Romance,Movie
614934,Elvis,"10402, 36, 18",22-06-2022,en,7.5326,7.454,3912,Music|History|Drama,Movie
739405,Operation Fortune: Ruse de Guerre,"28, 35, 53, 12",04-01-2023,en,7.5309,6.467,1973,Action|Comedy|Thriller|Adventure,Movie
64635,Total Recall,"28, 878, 53",02-08-2012,en,7.5256,6.034,5894,Action|Science Fiction|Thriller,Movie
1210938,Revelations,"53, 80, 9648",20-03-2025,ko,7.5249,6.379,203,Thriller|Crime|Mystery,Movie
8275,American Pie Presents: The Naked Mile,35,04-12-2006,en,7.5241,5.484,2203,Comedy,Movie
4478,Indecent Proposal,"10749, 18",07-04-1993,en,7.5237,6.411,1629,Romance|Drama,Movie
1581,The Holiday,"35, 10749",05-12-2006,en,7.5227,7.101,5658,Comedy|Romance,Movie
1122030,Alpha,"28, 53",02-07-2026,hi,7.5211,0,0,Action|Thriller,Movie
901362,Trolls Band Together,"16, 10751, 10402, 14, 35, 12",12-10-2023,en,7.5188,7.249,993,Animation|Family|Music|Fantasy|Comedy|Adventure,Movie
15356,The Girl Next Door,"53, 80, 18, 27",19-07-2007,en,7.5188,6.648,792,Thriller|Crime|Drama|Horror,Movie
658,Goldfinger,"12, 28, 53",20-09-1964,en,7.514,7.4,3999,Adventure|Action|Thriller,Movie
385128,F9,"28, 12, 80",19-05-2021,en,7.5138,6.995,7738,Action|Adventure|Crime,Movie
483758,Stripper 1992,18,01-01-1992,zh,7.5122,0,0,Drama,Movie
11969,Tombstone,"37, 28",25-12-1993,en,7.5069,7.585,2467,Western|Action,Movie
1384758,Ice Age: Boiling Point,"12, 16, 35, 10751",03-02-2027,en,7.5055,0,0,Adventure|Animation|Comedy|Family,Movie
9480,Daredevil,"14, 28",14-02-2003,en,7.5048,5.299,5492,Fantasy|Action,Movie
399055,The Shape of Water,"18, 14, 10749",01-12-2017,en,7.5002,7.236,12893,Drama|Fantasy|Romance,Movie
1699771,Bottleneck,"80, 28",01-01-2000,en,7.495,0,0,Crime|Action,Movie
1538457,Meesaya Murukku 2,"35, 10749, 18",,ta,7.4942,0,0,Comedy|Romance|Drama,Movie
1709805,Possessive Intelligence,878,06-05-2026,en,7.492,10,1,Science Fiction,Movie
315011,Shin Godzilla,"28, 878, 27",29-07-2016,ja,7.4914,7.234,1583,Action|Science Fiction|Horror,Movie
829280,Enola Holmes 2,"12, 9648, 80",04-11-2022,en,7.4889,7.4,2994,Adventure|Mystery|Crime,Movie
4347,Atonement,"18, 10749",27-02-2007,en,7.4863,7.634,4722,Drama|Romance,Movie
18823,Clash of the Titans,"12, 14, 28",26-03-2010,en,7.484,5.922,6712,Adventure|Fantasy|Action,Movie
1413533,Helldivers,878,10-11-2027,en,7.4836,0,0,Science Fiction,Movie
617569,Youngest Aunt,18,18-07-2019,ko,7.483,8.5,2,Drama,Movie
881,A Few Good Men,18,11-12-1992,en,7.4821,7.551,4184,Drama,Movie
1220564,The Secret Agent,"53, 18, 80",23-07-2025,pt,6.7727,7.242,729,Thriller|Drama|Crime,Movie
76163,The Expendables 2,"28, 12, 53",08-08-2012,en,7.3419,6.356,7215,Action|Adventure|Thriller,Movie
1055623,The Gigolo Revelation,99,03-03-1994,en,7.1516,9,1,Documentary,Movie
9702,Bound by Honor,"80, 18, 53",05-02-1993,en,6.9249,8.2,1554,Crime|Drama|Thriller,Movie
585534,Morning Moon Is Cruel,18,21-06-1981,ja,6.7843,4.3,3,Drama,Movie
338650,Eve's Secret,10749,03-06-2014,en,7.409,5.6,5,Romance,Movie
203801,The Man from U.N.C.L.E.,"35, 28, 12",13-08-2015,en,6.9323,7.079,6896,Comedy|Action|Adventure,Movie
1126166,Flight Risk,"28, 53",22-01-2025,en,7.2904,5.928,1167,Action|Thriller,Movie
153,Lost in Translation,"18, 35, 10749",18-09-2003,en,7.4397,7.4,8129,Drama|Comedy|Romance,Movie
339964,Valerian and the City of a Thousand Planets,"12, 878, 28",19-07-2017,en,7.3235,6.64,8038,Adventure|Science Fiction|Action,Movie
529203,The Croods: A New Age,"16, 10751, 12, 14, 35",25-11-2020,en,7.4546,7.4,4154,Animation|Family|Adventure|Fantasy|Comedy,Movie
788,Mrs. Doubtfire,"35, 18, 10751",24-11-1993,en,6.5829,7.2,6651,Comedy|Drama|Family,Movie
381890,The Mermaid,"35, 14, 10749",08-02-2016,zh,7.0173,6.54,491,Comedy|Fantasy|Romance,Movie
1991,Death Proof,"28, 53",22-05-2007,en,6.5048,6.839,5659,Action|Thriller,Movie
80278,The Impossible,"18, 53, 36",09-09-2012,en,7.429,7.373,6699,Drama|Thriller|History,Movie
223702,Sausage Party,"12, 16, 35, 14",11-07-2016,en,7.4283,5.754,7738,Adventure|Animation|Comedy|Fantasy,Movie
774370,Dog Man,"10751, 35, 12, 16, 28",24-01-2025,en,7.4267,7.425,366,Family|Comedy|Adventure|Animation|Action,Movie
796185,The Three Musketeers: D'Artagnan,"12, 28, 18, 36",05-04-2023,fr,7.4261,6.9,1402,Adventure|Action|Drama|History,Movie
228165,The SpongeBob Movie: Sponge Out of Water,"12, 16, 35, 10751, 14",28-01-2015,en,7.4241,6.102,2546,Adventure|Animation|Comedy|Family|Fantasy,Movie
5689,The Blue Lagoon,"12, 18, 10749",05-07-1980,en,7.4202,6.14,2033,Adventure|Drama|Romance,Movie
164,Breakfast at Tiffany's,"35, 10749, 18",06-10-1961,en,7.4194,7.6,4498,Comedy|Romance|Drama,Movie
1716603,On the Sharp Edge,"10752, 36",06-01-2025,sl,7.419,8,1,War|History,Movie
158015,The Purge,"878, 27, 53",31-05-2013,en,7.4177,6.25,8879,Science Fiction|Horror|Thriller,Movie
883714,Nice Sister-In-Law 4,10749,19-08-2019,ko,7.411,5,1,Romance,Movie
9007,Just Like Heaven,"35, 10749, 14",16-09-2005,en,7.4081,6.972,2588,Comedy|Romance|Fantasy,Movie
10982,Hoodwinked!,"16, 35, 80, 10751, 9648",16-12-2005,en,7.4052,6.305,1931,Animation|Comedy|Crime|Family|Mystery,Movie
7484,Open Season,"16, 10751, 12, 35",27-09-2006,en,7.4039,6.194,3020,Animation|Family|Adventure|Comedy,Movie
1339490,Hypnotic Scene,35,1895-01-01,en,7.3998,0,0,Comedy,Movie
8656,Deep Impact,"28, 18, 878",08-05-1998,en,7.3981,6.237,3342,Action|Drama|Science Fiction,Movie
277386,Mysteries of the Unseen World,99,01-11-2013,en,7.3937,7.194,31,Documentary,Movie
53182,300: Rise of an Empire,"28, 18, 10752",05-03-2014,en,7.3934,6.1,6976,Action|Drama|War,Movie
44115,127 Hours,"12, 18, 53",12-11-2010,en,7.3902,7.091,8125,Adventure|Drama|Thriller,Movie
278924,Mechanic: Resurrection,"28, 80, 53, 12",25-08-2016,en,7.3887,6.063,3680,Action|Crime|Thriller|Adventure,Movie
288,High Noon,37,09-06-1952,en,7.388,7.7,1589,Western,Movie
668489,Havoc,"28, 80, 53, 18",25-04-2025,en,7.3879,6.37,1251,Action|Crime|Thriller|Drama,Movie
7191,Cloverfield,"28, 53, 878",15-01-2008,en,7.3844,6.713,7844,Action|Thriller|Science Fiction,Movie
1191407,Fatal Love,"53, 80, 10770",01-01-1993,cn,7.3832,7,1,Thriller|Crime|TV Movie,Movie
1704025,Umano,"878, 18",22-04-2026,pt,7.3811,10,1,Science Fiction|Drama,Movie
4108,The Transporter,"28, 80, 53",02-10-2002,en,7.3749,6.727,5851,Action|Crime|Thriller,Movie
22970,The Cabin in the Woods,"27, 9648, 35",12-04-2012,en,7.3701,6.653,8614,Horror|Mystery|Comedy,Movie
856,Who Framed Roger Rabbit,"14, 16, 35, 80",22-06-1988,en,7.3677,7.54,6206,Fantasy|Animation|Comedy|Crime,Movie
1651594,L'Amazone,16,1878-06-01,fr,7.3662,5,1,Animation,Movie
1703922,Ghost Hoe,"878, 35, 27",22-06-2025,en,7.3645,10,1,Science Fiction|Comedy|Horror,Movie
1729,The Forbidden Kingdom,"28, 12, 14",17-04-2008,en,7.3639,6.6,1928,Action|Adventure|Fantasy,Movie
2118,L.A. Confidential,"80, 9648, 53",19-09-1997,en,7.3638,7.8,5582,Crime|Mystery|Thriller,Movie
3536,U-571,"10752, 28, 12",20-04-2000,en,7.3634,6.536,1369,War|Action|Adventure,Movie
479718,The Outlaws,"28, 80, 53",03-10-2017,ko,7.36,7.6,544,Action|Crime|Thriller,Movie
1717873,Blind spot,"14, 27, 53",18-06-2026,fr,7.3574,5,1,Fantasy|Horror|Thriller,Movie
1147416,"Miraculous World: London, at the Edge of Time","16, 10751, 28, 12, 14",14-11-2024,fr,7.357,7.508,310,Animation|Family|Action|Adventure|Fantasy,Movie
95131,Honky Tonk,"37, 18, 10749",01-10-1941,en,7.3557,6.361,18,Western|Drama|Romance,Movie
652837,"Josee, the Tiger and the Fish","16, 18, 10749",25-12-2020,ja,7.3545,8.271,608,Animation|Drama|Romance,Movie
10054,Spy Kids,"10751, 28, 35, 12, 878",18-03-2001,en,7.3476,5.817,3737,Family|Action|Comedy|Adventure|Science Fiction,Movie
1718288,The Hunted,53,,en,7.347,0,0,Thriller,Movie
746,The Last Emperor,"18, 36",04-10-1987,en,7.3446,7.6,1930,Drama|History,Movie
274855,Geostorm,"28, 878, 53",12-10-2017,en,7.3435,6.125,5206,Action|Science Fiction|Thriller,Movie
189061,Watermelon Contest,"35, 99",1896-01-01,xx,7.3431,3.769,13,Comedy|Documentary,Movie
12230,One Hundred and One Dalmatians,"12, 16, 35, 10751",25-01-1961,en,7.3423,7.175,6685,Adventure|Animation|Comedy|Family,Movie
1635,The Island,"28, 53, 878",21-07-2005,en,7.34,6.699,5906,Action|Thriller|Science Fiction,Movie
96721,Rush,"18, 28",02-09-2013,en,7.3319,7.742,7869,Drama|Action,Movie
1500099,Versa,"16, 10751, 18, 14",15-04-2025,en,7.3299,7.9,48,Animation|Family|Drama|Fantasy,Movie
521029,Annabelle Comes Home,27,26-06-2019,en,7.3282,6.41,3864,Horror,Movie
587792,Palm Springs,"35, 10749, 878",10-07-2020,en,7.3239,7.336,3732,Comedy|Romance|Science Fiction,Movie
10603,George of the Jungle,"12, 35, 10751, 10749",15-07-1997,en,7.3233,5.7,2271,Adventure|Comedy|Family|Romance,Movie
13971,Wild Child,"35, 18, 10749",15-08-2008,en,7.3196,6.7,1924,Comedy|Drama|Romance,Movie
503919,The Lighthouse,"18, 14, 53",18-10-2019,en,7.3186,7.47,5576,Drama|Fantasy|Thriller,Movie
1718510,Faceless,"18, 53",,uk,7.3165,0,0,Drama|Thriller,Movie
10897,The Little Rascals,"10749, 35, 10751",05-08-1994,en,7.3116,6.821,1329,Romance|Comedy|Family,Movie
1371151,Off the Grid,"28, 53",27-06-2025,en,7.3084,6.26,100,Action|Thriller,Movie
305470,Power Rangers,"28, 12, 878",23-03-2017,en,7.307,6.249,4653,Action|Adventure|Science Fiction,Movie
10137,Stuart Little,"10751, 14, 35, 12",17-12-1999,en,7.3065,6.079,4679,Family|Fantasy|Comedy|Adventure,Movie
9543,Prince of Persia: The Sands of Time,"12, 14, 28",19-05-2010,en,7.3064,6.304,7203,Adventure|Fantasy|Action,Movie
320,Insomnia,"53, 80, 18",24-05-2002,en,7.3048,7,5336,Thriller|Crime|Drama,Movie
1384528,OM Chapter 1,"28, 53",16-10-2026,ta,7.3043,0,0,Action|Thriller,Movie
274870,Passengers,"18, 10749, 878",21-12-2016,en,7.3033,6.955,14284,Drama|Romance|Science Fiction,Movie
1885,The Karate Kid,"28, 18, 10751",22-06-1984,en,7.3026,7.226,4738,Action|Drama|Family,Movie
65,8 Mile,"18, 10402",08-11-2002,en,7.3006,7.145,7855,Drama|Music,Movie
12838,One to Another,18,21-07-2006,fr,7.3003,6,36,Drama,Movie
1300116,Fall for Me,"10749, 53",20-08-2025,de,7.3002,6.104,230,Romance|Thriller,Movie
10022,The Pacifier,"35, 10751, 28",04-03-2005,en,7.2994,6.1,3276,Comedy|Family|Action,Movie
1427,Perfume: The Story of a Murderer,"80, 14, 18",13-09-2006,en,7.2973,7.367,5036,Crime|Fantasy|Drama,Movie
975,Paths of Glory,"10752, 18",25-10-1957,en,7.2938,8.3,3295,War|Drama,Movie
4234,Scream 3,"27, 9648",04-02-2000,en,7.2922,6.011,4082,Horror|Mystery,Movie
951491,Saw X,"27, 9648",27-09-2023,en,7.2888,7.162,2390,Horror|Mystery,Movie
1572,Die Hard: With a Vengeance,"28, 53",19-05-1995,en,7.2883,7.282,6699,Action|Thriller,Movie
2502,The Bourne Supremacy,"28, 18, 53",23-07-2004,en,7.2839,7.332,8197,Action|Drama|Thriller,Movie
10228,Pokémon: The First Movie,"16, 10751, 12, 14, 28",18-07-1998,ja,7.283,6.958,1590,Animation|Family|Adventure|Fantasy|Action,Movie
49797,I Saw the Devil,"53, 27",12-08-2010,ko,7.2815,7.8,3041,Thriller|Horror,Movie
1068401,Terra: Reckoning,"28, 878, 16",24-09-2027,en,7.2797,0,0,Action|Science Fiction|Animation,Movie
942058,Tehran,"28, 53",14-08-2025,hi,7.2789,6.1,18,Action|Thriller,Movie
11774,Lemony Snicket's A Series of Unfortunate Events,"12, 35, 10751",16-12-2004,en,7.2781,6.823,5316,Adventure|Comedy|Family,Movie
1703142,Zits,"35, 10751",24-05-2026,en,7.2779,10,1,Comedy|Family,Movie
867,Sliver,"18, 53",21-05-1993,en,7.2777,5.573,812,Drama|Thriller,Movie
16318,Sex Is Zero,"35, 10749",12-12-2002,ko,7.2761,6.203,138,Comedy|Romance,Movie
1022453,The Rajasaab,"35, 27, 14, 28",08-01-2026,te,7.2741,5.226,31,Comedy|Horror|Fantasy|Action,Movie
2758,Addams Family Values,"35, 10751, 14",19-11-1993,en,7.2737,7,3324,Comedy|Family|Fantasy,Movie
534,Terminator Salvation,"28, 878, 53",20-05-2009,en,7.2699,6.09,7074,Action|Science Fiction|Thriller,Movie
1412113,Squid Game: Making Season 2,99,02-01-2025,ko,7.2691,8.369,454,Documentary,Movie
758330,"Good Luck to You, Leo Grande","10749, 18",16-06-2022,en,7.2687,6.974,681,Romance|Drama,Movie
1398655,Blue Film,18,08-05-2026,en,7.265,7.6,4,Drama,Movie
10501,The Road to El Dorado,"10751, 12, 16, 35, 14",31-03-2000,en,7.2618,7.296,4131,Family|Adventure|Animation|Comedy|Fantasy,Movie
337170,American Made,"35, 80, 18",18-08-2017,en,7.2608,6.899,5005,Comedy|Crime|Drama,Movie
4584,Sense and Sensibility,"18, 10749",13-12-1995,en,7.2592,7.422,1849,Drama|Romance,Movie
937278,A Man Called Otto,"35, 18",28-12-2022,en,7.2584,7.75,3613,Comedy|Drama,Movie
799379,Project Wolf Hunting,"28, 53, 27, 80",21-09-2022,ko,7.2567,6.4,441,Action|Thriller|Horror|Crime,Movie
9495,The Crow,"14, 28, 53",11-05-1994,en,7.2491,7.525,4552,Fantasy|Action|Thriller,Movie
172385,Rio 2,"16, 12, 35, 10751",19-03-2014,en,7.2429,6.522,3780,Animation|Adventure|Comedy|Family,Movie
942,Lethal Weapon 2,"28, 53, 80",07-07-1989,en,7.2429,7,3768,Action|Thriller|Crime,Movie
1718275,Bad Film,"35, 27, 14",,en,7.2327,0,0,Comedy|Horror|Fantasy,Movie
129123,Erotic Nightmare,27,20-05-1999,cn,7.2295,5.1,17,Horror,Movie
138103,The Expendables 3,"28, 12, 53",07-08-2014,en,7.2287,6.204,5369,Action|Adventure|Thriller,Movie
195513,Guillaume Tell,"16, 35",1896-08-01,fr,7.2279,5,3,Animation|Comedy,Movie
4564,Sex and the City,"35, 18, 10749",12-05-2008,en,7.2255,6.548,2271,Comedy|Drama|Romance,Movie
109451,Cloudy with a Chance of Meatballs 2,"16, 10751, 35",26-09-2013,en,7.2249,6.453,3495,Animation|Family|Comedy,Movie
560057,The Sea Beast,"16, 12, 28, 10751, 14",24-06-2022,en,7.2231,7.332,1724,Animation|Adventure|Action|Family|Fantasy,Movie
37707,Splice,"27, 878",03-06-2010,en,7.2226,5.883,2460,Horror|Science Fiction,Movie
508,Love Actually,"35, 10749, 18",07-09-2003,en,7.2202,7.098,7416,Comedy|Romance|Drama,Movie
466282,To All the Boys I've Loved Before,"35, 10749",17-08-2018,en,7.2176,7.594,8724,Comedy|Romance,Movie
11430,The Lion King 1½,"12, 16, 35, 10751",28-10-2004,en,7.2148,6.581,3161,Adventure|Animation|Comedy|Family,Movie
799766,Better Man,"10402, 18",06-12-2024,en,7.214,7.635,865,Music|Drama,Movie
75612,Oblivion,"28, 878, 12, 9648",10-04-2013,en,7.214,6.682,11566,Action|Science Fiction|Adventure|Mystery,Movie
406,La Haine,18,31-05-1995,fr,7.2136,8.1,4588,Drama,Movie
1497348,Alas Roban,"18, 27, 9648",15-01-2026,id,7.2127,4.6,5,Drama|Horror|Mystery,Movie
527587,Shoot to Kill,18,17-07-2016,en,7.2123,0,0,Drama,Movie
664,Twister,"28, 12, 18",10-05-1996,en,7.2066,6.566,3877,Action|Adventure|Drama,Movie
452557,Wolf Warrior 2,"10752, 28",27-07-2017,zh,7.206,6.512,336,War|Action,Movie
4476,Legends of the Fall,"18, 37, 10749, 10752",23-12-1994,en,7.2048,7.391,2865,Drama|Western|Romance|War,Movie
56805,A Little Comfort,18,31-01-2004,fr,7.2045,6.348,23,Drama,Movie
451048,Jungle Cruise,"14, 35, 12",28-07-2021,en,7.204,7.287,6198,Fantasy|Comedy|Adventure,Movie
94329,The Raid,"28, 53, 80",22-03-2012,id,7.1958,7.408,3903,Action|Thriller|Crime,Movie
483906,Polar,"28, 80, 18",25-01-2019,en,7.1952,6.379,2509,Action|Crime|Drama,Movie
36669,Die Another Day,"12, 28, 53",17-11-2002,en,7.1865,6,3908,Adventure|Action|Thriller,Movie
431693,Spies in Disguise,"16, 28, 12, 35, 10751",04-12-2019,en,7.1859,7.551,2992,Animation|Action|Adventure|Comedy|Family,Movie
10530,Pocahontas,"12, 16, 10751, 10749",16-06-1995,en,7.1838,6.915,6092,Adventure|Animation|Family|Romance,Movie
9335,Transporter 2,"28, 53, 80",03-08-2005,en,7.1826,6.331,3976,Action|Thriller|Crime,Movie
451863,Power of Love,10749,02-09-1993,cn,7.1812,4.6,5,Romance,Movie
267935,The BFG,"12, 10751, 14",01-06-2016,en,7.1805,6.29,3642,Adventure|Family|Fantasy,Movie
1014590,Upgraded,"10749, 35",07-02-2024,en,7.1779,7.17,1023,Romance|Comedy,Movie
17824,Private Resort,35,03-05-1985,en,7.1774,5.717,235,Comedy,Movie
1562,28 Weeks Later,"27, 53, 878",26-04-2007,en,7.1771,6.605,5622,Horror|Thriller|Science Fiction,Movie
548,Rashomon,"80, 18, 9648",26-08-1950,ja,7.1753,8,2533,Crime|Drama|Mystery,Movie
9753,Three,"12, 18, 53",16-11-2005,en,7.1742,5.605,294,Adventure|Drama|Thriller,Movie
986097,HIM,"27, 9648",18-09-2025,en,7.1729,5.6,403,Horror|Mystery,Movie
54138,Star Trek Into Darkness,"28, 12, 878",05-05-2013,en,7.1699,7.323,9701,Action|Adventure|Science Fiction,Movie
8922,Jeepers Creepers,27,01-07-2001,en,7.169,6.484,3319,Horror,Movie
16996,17 Again,"35, 14",11-03-2009,en,7.164,6.321,5444,Comedy|Fantasy,Movie
4977,Paprika,"16, 878, 53",01-10-2006,ja,7.1587,7.814,2888,Animation|Science Fiction|Thriller,Movie
1487,Hellboy,"14, 28",02-04-2004,en,7.1533,6.678,7467,Fantasy|Action,Movie
1718831,Frágil,80,28-04-2016,pt,7.1532,0,0,Crime,Movie
1718330,Argiope,"27, 53",22-06-2026,en,7.1492,0,0,Horror|Thriller,Movie
239,Some Like It Hot,"35, 10749, 80",19-03-1959,en,7.1491,8.078,3901,Comedy|Romance|Crime,Movie
173185,It Boy,35,06-03-2013,fr,7.145,6.504,1598,Comedy,Movie
961268,Ballerina,"28, 53",06-10-2023,ko,7.1438,7.009,708,Action|Thriller,Movie
70160,The Hunger Games,"878, 12, 28, 53",12-03-2012,en,7.143,7.223,23365,Science Fiction|Adventure|Action|Thriller,Movie
967847,Ghostbusters: Frozen Empire,"14, 12, 35",20-03-2024,en,7.1407,6.457,2194,Fantasy|Adventure|Comedy,Movie
10974,Armour of God,"12, 28, 35",16-08-1986,cn,7.1404,7.04,656,Adventure|Action|Comedy,Movie
1051,The French Connection,"28, 80, 53",09-10-1971,en,7.1402,7.5,2148,Action|Crime|Thriller,Movie
238636,The Purge: Anarchy,"27, 53",17-07-2014,en,7.1367,6.622,6736,Horror|Thriller,Movie
323322,Lutteurs japonais,"99, 28",1898-02-20,fr,7.1353,3.9,5,Documentary|Action,Movie
1360829,VIRGIN PUNK Clockwork Girl,"16, 28, 878",27-06-2025,ja,7.1336,7.935,31,Animation|Action|Science Fiction,Movie
36955,True Lies,"28, 53",15-07-1994,en,7.1329,7.097,4608,Action|Thriller,Movie
10117,Action Jackson,"28, 35",12-02-1988,en,7.1325,5.512,287,Action|Comedy,Movie
1704687,GNAW!,"14, 35",26-05-2026,en,7.1324,10,1,Fantasy|Comedy,Movie
484641,Anna,"28, 12, 53",19-06-2019,en,7.1275,6.718,3020,Action|Adventure|Thriller,Movie
4824,The Jackal,"28, 80, 53",14-11-1997,en,7.1253,6.4,2137,Action|Crime|Thriller,Movie
462,Erin Brockovich,18,17-03-2000,en,7.1243,7.432,3665,Drama,Movie
322,Mystic River,"53, 80, 18, 9648",08-10-2003,en,7.1199,7.745,7504,Thriller|Crime|Drama|Mystery,Movie
660,Thunderball,"12, 28, 53",11-12-1965,en,7.1148,6.7,2657,Adventure|Action|Thriller,Movie
11153,National Lampoon's Vacation,"35, 12",29-07-1983,en,7.1115,7.1,1745,Comedy|Adventure,Movie
1717696,Consistency,"35, 10749",,en,7.1079,0,0,Comedy|Romance,Movie
13207,Friday the 13th,"27, 53",11-02-2009,en,7.1024,5.771,2872,Horror|Thriller,Movie
1290182,You Are the Apple of My Eye,"10749, 18, 35",21-02-2025,ko,7.1023,8.3,67,Romance|Drama|Comedy,Movie
1709152,Temps Mort,"878, 18",05-06-2026,fr,7.1018,10,1,Science Fiction|Drama,Movie
399174,Isle of Dogs,"12, 35, 16",23-03-2018,en,7.1016,7.847,5447,Adventure|Comedy|Animation,Movie
1699574,Deool Band 2,"35, 18",21-05-2026,mr,7.096,0,0,Comedy|Drama,Movie
9383,Hollow Man,"28, 878, 53",04-08-2000,en,7.0952,5.971,2813,Action|Science Fiction|Thriller,Movie
619,The Bodyguard,"28, 18, 10749",25-11-1992,en,7.0861,6.704,3257,Action|Drama|Romance,Movie
1656,The Legend of Zorro,"28, 12, 37",24-10-2005,en,7.0857,6.124,3107,Action|Adventure|Western,Movie
1455079,"You, Me & Tuscany","10749, 35",09-04-2026,en,7.0824,7.477,88,Romance|Comedy,Movie
194082,Komisches Reck,"35, 99",1895-11-01,de,7.082,4.938,24,Comedy|Documentary,Movie
27582,The Mechanic,"28, 53, 80",13-01-2011,en,7.0811,6.54,3618,Action|Thriller|Crime,Movie
10340,Lady and the Tramp,"16, 10751, 10749, 12, 35",22-06-1955,en,7.0773,7.126,5663,Animation|Family|Romance|Adventure|Comedy,Movie
9408,Surf's Up,"16, 35, 10751",08-06-2007,en,7.0765,6.509,2769,Animation|Comedy|Family,Movie
838240,Robot Dreams,"16, 18, 35, 878",06-12-2023,es,7.0738,7.944,807,Animation|Drama|Comedy|Science Fiction,Movie
452030,Cinderella's Hot Night,"14, 35",30-05-2017,en,7.0724,5.756,84,Fantasy|Comedy,Movie
50727,The Servant,"10749, 18, 35",02-06-2010,ko,7.0715,5.671,41,Romance|Drama|Comedy,Movie
445571,Game Night,"9648, 35, 80",15-02-2018,en,7.0712,6.8,6326,Mystery|Comedy|Crime,Movie
415842,American Assassin,"28, 12, 53",14-07-2017,en,7.0712,6.41,3273,Action|Adventure|Thriller,Movie
9387,Conan the Barbarian,"12, 14, 28",16-03-1982,en,7.0693,6.804,2818,Adventure|Fantasy|Action,Movie
9637,Scooby-Doo,"9648, 12, 35",14-06-2002,en,7.0654,6.1,4804,Mystery|Adventure|Comedy,Movie
762441,A Quiet Place: Day One,"27, 878, 53",26-06-2024,en,7.0641,6.642,3390,Horror|Science Fiction|Thriller,Movie
323260,The Gigolo,"10749, 18, 35",29-01-2015,cn,7.0624,5.411,45,Romance|Drama|Comedy,Movie
1431071,System,53,22-05-2026,hi,7.0593,7.3,3,Thriller,Movie
869,Planet of the Apes,"53, 878, 28, 12",26-07-2001,en,7.0579,5.77,4440,Thriller|Science Fiction|Action|Adventure,Movie
122126,The Concubine,18,06-06-2012,ko,7.0573,5.83,112,Drama,Movie
11237,Anacondas: The Hunt for the Blood Orchid,"12, 27, 53",25-08-2004,en,7.0527,5.494,1108,Adventure|Horror|Thriller,Movie
107846,Escape Plan,"28, 53",09-10-2013,en,7.0514,6.719,5618,Action|Thriller,Movie
536554,M3GAN,"878, 27",28-12-2022,en,7.0499,7.023,4856,Science Fiction|Horror,Movie
1652947,Tuklas,18,20-03-2026,tl,7.0479,7,2,Drama,Movie
1701427,Kizuna,"18, 10751",20-12-2024,pt,7.0459,10,1,Drama|Family,Movie
14411,Sinbad: Legend of the Seven Seas,"28, 12, 16, 10751, 14",02-07-2003,en,7.0457,7.037,2230,Action|Adventure|Animation|Family|Fantasy,Movie
169,Predator 2,"878, 28, 53",21-11-1990,en,7.0441,6.305,3862,Science Fiction|Action|Thriller,Movie
87421,Riddick,"878, 28, 53",02-09-2013,en,7.0394,6.344,4434,Science Fiction|Action|Thriller,Movie
265177,Mommy,18,19-09-2014,fr,7.0389,8.202,2857,Drama,Movie
1711618,Время,"99, 36",28-08-2021,ru,7.0359,10,1,Documentary|History,Movie
705996,Decision to Leave,"53, 9648, 10749",29-06-2022,ko,7.035,7.3,1531,Thriller|Mystery|Romance,Movie
587,Big Fish,"12, 14, 18",10-12-2003,en,7.0326,7.756,7802,Adventure|Fantasy|Drama,Movie
1214684,Kiss of the Spider Woman,"10749, 10402, 18, 53",09-10-2025,en,7.0274,6.1,75,Romance|Music|Drama|Thriller,Movie
10567,Dinosaur,"12, 16, 18, 10751",19-05-2000,en,7.0241,6.572,2754,Adventure|Animation|Drama|Family,Movie
479455,Men in Black: International,"35, 878, 28, 12",12-06-2019,en,7.023,5.895,5386,Comedy|Science Fiction|Action|Adventure,Movie
11283,Nanny McPhee,"14, 35, 10751",21-10-2005,en,7.0211,6.688,3237,Fantasy|Comedy|Family,Movie
220289,Coherence,"53, 878",06-04-2014,en,7.021,7.217,3444,Thriller|Science Fiction,Movie
302699,Central Intelligence,"28, 35",15-06-2016,en,7.0198,6.414,6381,Action|Comedy,Movie
872,Singin' in the Rain,"35, 10749",10-04-1952,en,7.0195,8.129,3527,Comedy|Romance,Movie
44741,Malicious,35,29-03-1973,it,7.0193,7.315,363,Comedy,Movie
868759,Ghosted,"28, 35, 10749",18-04-2023,en,7.0188,6.875,2205,Action|Comedy|Romance,Movie
1182861,Romería,18,05-09-2025,es,7.0184,6.5,68,Drama,Movie
1719168,Howay Man,"18, 35, 28",22-06-2024,en,7.0178,0,0,Drama|Comedy|Action,Movie
898704,Desert Warrior,"36, 10752, 28, 18",23-04-2026,en,7.0155,5.5,22,History|War|Action|Drama,Movie
276907,Legend,"80, 53",09-09-2015,en,7.0154,7.056,4307,Crime|Thriller,Movie
279,Amadeus,"18, 36, 10402",19-09-1984,en,7.0149,8,4783,Drama|History|Music,Movie
1141868,Tante Siska,"18, 10749",02-06-2023,hi,7.0136,0,0,Drama|Romance,Movie
49049,Dredd,"28, 878",07-09-2012,en,7.0134,6.9,5564,Action|Science Fiction,Movie
16624,Blacksmithing Scene,18,1893-05-08,xx,7.0102,5.588,113,Drama,Movie
860,WarGames,"18, 878, 53",03-06-1983,en,7.0055,7.067,2182,Drama|Science Fiction|Thriller,Movie
97020,RoboCop,"28, 878, 53",30-01-2014,en,7.0049,5.9,5877,Action|Science Fiction|Thriller,Movie
1584,The School of Rock,"35, 10751, 10402",03-10-2003,en,7.0027,7.086,6219,Comedy|Family|Music,Movie
154400,The Drop,"18, 80",12-09-2014,en,7.0023,6.826,2440,Drama|Crime,Movie
594,The Terminal,"35, 18",17-06-2004,en,7.0003,7.355,8750,Comedy|Drama,Movie
1567979,Triangle,99,15-11-2025,fr,6.9994,0,0,Documentary,Movie
2108,The Breakfast Club,"35, 18",15-02-1985,en,6.999,7.7,8570,Comedy|Drama,Movie
59210,The Mother,"18, 10749",14-11-2003,en,6.9987,6,70,Drama|Romance,Movie
448119,Dolittle,"10751, 35, 14, 12",02-01-2020,en,6.9965,6.58,3894,Family|Comedy|Fantasy|Adventure,Movie
8769,Christine,27,09-12-1983,en,6.9907,6.88,2259,Horror,Movie
405774,Bird Box,"27, 53, 18",13-12-2018,en,6.99,6.823,10613,Horror|Thriller|Drama,Movie
582,The Lives of Others,"18, 53",23-03-2006,de,6.9846,8.038,4149,Drama|Thriller,Movie
955916,Lift,"28, 35, 80",10-01-2024,en,6.9831,6.419,1457,Action|Comedy|Crime,Movie
1655865,Bob Necromante,14,01-03-2028,pt,6.9804,0,0,Fantasy,Movie
1409853,Neglected,"28, 53",08-05-2026,en,6.9756,7.5,4,Action|Thriller,Movie
359364,Human,99,12-09-2015,fr,6.9734,8.426,312,Documentary,Movie
1116465,A Legend,"28, 12, 14",05-07-2024,zh,6.9656,6.825,160,Action|Adventure|Fantasy,Movie
858017,I Saw the TV Glow,"27, 18",03-05-2024,en,6.9604,6.118,710,Horror|Drama,Movie
719128,Idol Sex: LA Korean Women,"10749, 18",18-06-2020,ko,6.9598,5.8,6,Romance|Drama,Movie
328480,Kept Woman,"53, 10770, 9648",28-02-2015,en,6.9538,6.45,80,Thriller|TV Movie|Mystery,Movie
9739,Demolition Man,"80, 28, 878",08-10-1993,en,6.9531,6.756,4131,Crime|Action|Science Fiction,Movie
186058,Lady Red Rose,18,27-05-2006,ja,6.9519,4.7,3,Drama,Movie
360784,Hidden,"53, 27",15-09-2015,en,6.9503,6.952,1199,Thriller|Horror,Movie
1717949,The Manipulators,53,28-07-1972,en,6.9486,0,0,Thriller,Movie
240206,Touchless,18,28-03-2013,cs,6.9435,3.867,15,Drama,Movie
1492108,Kandungan,"10749, 18",22-07-2025,tl,6.9402,7.5,4,Romance|Drama,Movie
1371,Rocky III,18,28-05-1982,en,6.9389,6.905,4521,Drama,Movie
619730,Don't Worry Darling,"9648, 53, 27, 878",21-09-2022,en,6.9362,6.763,2969,Mystery|Thriller|Horror|Science Fiction,Movie
390043,The Hitman's Bodyguard,"28, 35, 80, 53",16-08-2017,en,6.933,6.894,6694,Action|Comedy|Crime|Thriller,Movie
7445,Brothers,"18, 53, 10752",02-12-2009,en,6.9307,7.315,3950,Drama|Thriller|War,Movie
346648,Paddington 2,"12, 35, 10751",09-11-2017,en,6.9302,7.478,2810,Adventure|Comedy|Family,Movie
500664,Upgrade,"28, 53, 878",31-05-2018,en,6.9294,7.5,5056,Action|Thriller|Science Fiction,Movie
9289,The Longest Day,"10752, 28, 18",25-09-1962,en,6.9294,7.599,1029,War|Action|Drama,Movie
1499984,Gladiator Underground,28,22-08-2025,en,6.9264,7.6,43,Action,Movie
1700,Misery,"18, 53",30-11-1990,en,6.8491,7.754,5272,Drama|Thriller,Movie
1717244,Yene Semay,10751,19-06-2026,am,6.5596,0,0,Family,Movie
1830,Lord of War,"80, 18, 53",16-09-2005,en,6.2181,7.347,5376,Crime|Drama|Thriller,Movie
1716426,Hello Hemnesberget,"27, 9648, 12, 35, 80, 10770",,nb,6.4462,0,0,Horror|Mystery|Adventure|Comedy|Crime|TV Movie,Movie
4995,Boogie Nights,"18, 35",07-10-1997,en,6.6502,7.636,3594,Drama|Comedy,Movie
59053,The Raffle,18,15-11-1991,it,6.6066,6.84,212,Drama,Movie
6312,Brotherhood of the Wolf,"12, 27, 28, 36",31-01-2001,fr,6.1493,6.748,1740,Adventure|Horror|Action|History,Movie
17903,A Frozen Flower,18,30-12-2008,ko,6.3035,6.849,159,Drama,Movie
1005331,Carry-On,"53, 28",05-12-2024,en,6.1652,6.88,2786,Thriller|Action,Movie
284,The Apartment,"35, 18, 10749",21-06-1960,en,6.3139,8.2,2680,Comedy|Drama|Romance,Movie
793,Blue Velvet,"9648, 53, 80",19-09-1986,en,6.7612,7.607,3845,Mystery|Thriller|Crime,Movie
41513,The Smurfs,"16, 10751, 12, 35, 14",29-07-2011,en,6.8896,5.755,4014,Animation|Family|Adventure|Comedy|Fantasy,Movie
39513,Paul,"12, 35, 878",14-02-2011,en,6.8956,6.744,6319,Adventure|Comedy|Science Fiction,Movie
194126,Black Sun,99,29-05-1998,de,5.4741,7.286,7,Documentary,Movie
1184941,Blue Heron,18,21-03-2026,en,6.5495,7.1,15,Drama,Movie
1376434,Predator: Killer of Killers,"16, 28, 878, 53",05-06-2025,en,6.6506,7.78,1223,Animation|Action|Science Fiction|Thriller,Movie
5244,Pleasurecraft,"878, 10749",18-05-1999,en,3.9637,2.5,8,Science Fiction|Romance,Movie
1368830,Chers parents,35,25-02-2026,fr,6.0459,6.449,39,Comedy,Movie
119552,Gas Pump Girls,35,01-12-1979,en,5.9128,4.9,37,Comedy,Movie
1519414,松山之殇,"10752, 36, 18",03-09-2025,zh,6.3999,0,0,War|History|Drama,Movie
408349,My Neighbor's Wife,"10749, 18",28-07-2016,ko,5.8426,4.4,7,Romance|Drama,Movie
171424,The Green Inferno,"12, 27",08-09-2013,en,6.5392,5.744,1596,Adventure|Horror,Movie
824744,Shiddat,"10749, 18",01-10-2021,hi,6.1622,6.716,37,Romance|Drama,Movie
41264,Africa Blood and Guts,"99, 36, 10752, 27",11-02-1966,it,6.7664,6.2,52,Documentary|History|War|Horror,Movie
1477712,Ice Cream Man,"27, 53",05-08-2026,en,5.8766,0,0,Horror|Thriller,Movie
68735,Warcraft,"28, 12, 14",25-05-2016,en,6.5836,6.409,7298,Action|Adventure|Fantasy,Movie
8456,Never Back Down,"18, 28",04-03-2008,en,6.6217,6.777,2505,Drama|Action,Movie
9373,The Texas Chainsaw Massacre,27,21-05-2003,en,6.5176,6.3,2938,Horror,Movie
1717796,Eleição,"35, 18, 37",19-07-2021,pt,6.6737,0,0,Comedy|Drama|Western,Movie
77887,Hawaiian Vacation,"16, 10751, 35",16-06-2011,en,6.6334,7,712,Animation|Family|Comedy,Movie
3170,Bambi,"16, 18, 10751",14-08-1942,en,6.8712,7,6046,Animation|Drama|Family,Movie
379686,Space Jam: A New Legacy,"10751, 35, 12, 16, 878",08-07-2021,en,6.8672,6.638,4239,Family|Comedy|Adventure|Animation|Science Fiction,Movie
597221,Juvenile Wife,18,26-04-1980,ja,6.8664,4.667,3,Drama,Movie
3050,Doctor Dolittle,"35, 10751, 14",26-06-1998,en,6.8627,5.722,3302,Comedy|Family|Fantasy,Movie
11690,Bloodsport,"28, 53, 18",26-02-1988,en,6.8502,7.058,2184,Action|Thriller|Drama,Movie
1711816,Lokkeduerne,"99, 80",04-03-2018,da,6.85,0,0,Documentary|Crime,Movie
7551,Déjà Vu,"28, 53, 878",22-11-2006,en,6.8493,6.89,5319,Action|Thriller|Science Fiction,Movie
460458,Resident Evil: Welcome to Raccoon City,"28, 27, 878",24-11-2021,en,6.8492,5.932,2710,Action|Horror|Science Fiction,Movie
943,Lethal Weapon 3,"28, 53, 80",15-05-1992,en,6.8488,6.7,3271,Action|Thriller|Crime,Movie
114150,Pitch Perfect,"35, 10402, 10749",28-09-2012,en,6.8485,7.3,6896,Comedy|Music|Romance,Movie
91586,Insidious: Chapter 2,"27, 53",12-09-2013,en,6.8406,6.681,4597,Horror|Thriller,Movie
1159311,My Hero Academia: You're Next,"16, 28, 12, 878",02-08-2024,ja,6.8405,7.21,221,Animation|Action|Adventure|Science Fiction,Movie
246403,Tusk,"35, 27",19-09-2014,en,6.8399,5.5,1641,Comedy|Horror,Movie
1459725,Meat Kills,27,24-09-2025,nl,6.8396,6.648,61,Horror,Movie
839033,The Lord of the Rings: The War of the Rohirrim,"16, 14, 12, 28",05-12-2024,en,6.8391,6.546,872,Animation|Fantasy|Adventure|Action,Movie
1268,Mr. Bean's Holiday,"10751, 35",22-03-2007,en,6.8385,6.396,3141,Family|Comedy,Movie
1714534,RIO DREAMS,18,30-05-2026,pt,6.8341,9.3,6,Drama,Movie
262543,Automata,"53, 878",09-10-2014,en,6.834,5.886,1809,Thriller|Science Fiction,Movie
516632,The Empty Man,"27, 9648",22-10-2020,en,6.8292,6.165,1035,Horror|Mystery,Movie
458723,Us,"27, 9648",14-03-2019,en,6.8289,6.945,8115,Horror|Mystery,Movie
1653067,The Young Justice,"28, 9648, 27, 14, 18",13-10-2028,en,6.8276,0,0,Action|Mystery|Horror|Fantasy|Drama,Movie
355547,The Star,"16, 35, 12, 10751, 14",15-11-2017,en,6.8276,6.467,615,Animation|Comedy|Adventure|Family|Fantasy,Movie
44048,Unstoppable,"28, 53",04-11-2010,en,6.8274,6.62,3925,Action|Thriller,Movie
12207,The Legend of Drunken Master,"28, 35",03-02-1994,cn,6.826,7.5,1092,Action|Comedy,Movie
1466115,Even If This Love Disappears Tonight,"10749, 18",24-12-2025,ko,6.8256,8.381,185,Romance|Drama,Movie
189,Sin City: A Dame to Kill For,"28, 80, 53",20-08-2014,en,6.8254,6.401,4184,Action|Crime|Thriller,Movie
14128,Cinderella II: Dreams Come True,"10751, 16, 10749, 14",23-02-2002,en,6.824,6.124,1545,Family|Animation|Romance|Fantasy,Movie
9798,Enemy of the State,"28, 18, 53",20-11-1998,en,6.8234,7.067,4273,Action|Drama|Thriller,Movie
193756,Lone Survivor,"10752, 28, 18",24-12-2013,en,6.8228,7.429,4777,War|Action|Drama,Movie
296524,Deepwater Horizon,"18, 28",28-09-2016,en,6.8114,6.9,4933,Drama|Action,Movie
481084,The Addams Family,"10751, 16, 35, 14",10-10-2019,en,6.8107,6.601,2500,Family|Animation|Comedy|Fantasy,Movie
897160,Brave Citizen,"28, 18, 35",25-10-2023,ko,6.8086,7.624,145,Action|Drama|Comedy,Movie
67120,Sex and the Emperor,"18, 35, 10749",10-02-1994,cn,6.8063,4.043,23,Drama|Comedy|Romance,Movie
143449,Lusty Sisters,"80, 18",29-11-1972,ja,6.8055,4.8,5,Crime|Drama,Movie
363676,Sully,"18, 36",07-09-2016,en,6.8054,7.204,7747,Drama|History,Movie
726209,Leave the World Behind,"18, 9648, 53",22-11-2023,en,6.8,6.374,3272,Drama|Mystery|Thriller,Movie
761053,Gabriel's Inferno: Part III,"10749, 18",19-11-2020,en,6.4759,8.341,1090,Romance|Drama,Movie
296099,Vacation,"35, 12",28-07-2015,en,6.3267,6.3,4009,Comedy|Adventure,Movie
9361,The Last of the Mohicans,"28, 36, 10749, 10752",26-08-1992,en,6.5878,7.386,3438,Action|History|Romance|War,Movie
8914,Deep Blue Sea,"28, 27, 878",28-07-1999,en,6.6118,5.997,2674,Action|Horror|Science Fiction,Movie
1239193,Deep Cover,"28, 35, 80",12-06-2025,en,6.4424,6.698,594,Action|Comedy|Crime,Movie
425909,Ghostbusters: Afterlife,"14, 35, 12",18-11-2021,en,6.3081,7.321,5182,Fantasy|Comedy|Adventure,Movie
21647,Sex Is Zero 2,"10749, 35",12-12-2007,ko,6.3175,5.6,69,Romance|Comedy,Movie
1675177,Chris & Martina: The Final Set,99,10-06-2026,en,6.6388,8.5,2,Documentary,Movie
87513,Motor City,"28, 80",23-07-2026,en,6.1272,0,0,Action|Crime,Movie
12242,Mulan II,"16, 35, 10751, 28",03-11-2004,en,6.4625,6.527,2523,Animation|Comedy|Family|Action,Movie
18972,The Undefeated,37,04-10-1969,en,5.7817,6.3,129,Western,Movie
27022,The Sorcerer's Apprentice,"14, 12, 28",13-07-2010,en,6.7701,6.144,5294,Fantasy|Adventure|Action,Movie
446893,Trolls World Tour,"10751, 16, 35, 14, 12, 10402",11-03-2020,en,6.77,7.235,2283,Family|Animation|Comedy|Fantasy|Adventure|Music,Movie
856289,Creation of the Gods I: Kingdom of Storms,"28, 14, 10752",15-07-2023,zh,6.7674,7.077,483,Action|Fantasy|War,Movie
426,Vertigo,"9648, 10749, 53",09-05-1958,en,6.7673,8.1,6365,Mystery|Romance|Thriller,Movie
9654,The Italian Job,"28, 80",30-05-2003,en,6.7629,6.793,6055,Action|Crime,Movie
1359607,Miss Kobayashi's Dragon Maid: A lonely dragon wants to be loved,"16, 35, 14",27-06-2025,ja,6.7589,8.702,57,Animation|Comedy|Fantasy,Movie
1412598,Killer Whale,"53, 27, 28, 9648, 878",16-01-2026,en,6.7563,5.652,105,Thriller|Horror|Action|Mystery|Science Fiction,Movie
1588860,Happy Ending,"18, 10749",30-12-2025,tl,6.7543,7.4,5,Drama|Romance,Movie
9303,Bound,"18, 53, 80",13-09-1996,en,6.7525,7.219,1099,Drama|Thriller|Crime,Movie
1538,Collateral,"18, 80, 53",04-08-2004,en,6.7494,7.244,6301,Drama|Crime|Thriller,Movie
1717673,Red Phantom,28,20-02-2025,en,6.747,0,0,Action,Movie
9475,Scent of a Woman,18,23-12-1992,en,6.7415,7.789,3972,Drama,Movie
877703,Teen Wolf: The Movie,"28, 14, 10770",18-01-2023,en,6.7401,7.5,969,Action|Fantasy|TV Movie,Movie
1114513,Speak No Evil,"27, 53",11-09-2024,en,6.7399,7.118,2159,Horror|Thriller,Movie
744148,Hole-in-law 2,18,11-09-2020,ko,6.7384,4.667,6,Drama,Movie
1587124,Bhabiji Ghar Par Hain! Fun on the Run,"12, 35, 10751, 10749, 10770",06-02-2026,hi,6.7376,3.5,2,Adventure|Comedy|Family|Romance|TV Movie,Movie
386716,Young Mother 3,10749,03-09-2015,ko,6.734,6,18,Romance,Movie
37735,Easy A,35,16-09-2010,en,6.7324,6.804,7409,Comedy,Movie
11130,The Princess Diaries 2: Royal Engagement,"35, 18, 10751, 10749",06-08-2004,en,6.7313,6.714,3417,Comedy|Drama|Family|Romance,Movie
588648,Dragonkeeper,"16, 10751, 28, 12, 14",11-04-2024,es,6.7301,7.587,223,Animation|Family|Action|Adventure|Fantasy,Movie
397567,Along with the Gods: The Two Worlds,"28, 12, 18, 14, 53",20-12-2017,ko,6.7257,8.041,1197,Action|Adventure|Drama|Fantasy|Thriller,Movie
9397,Evolution,"35, 878, 28",08-06-2001,en,6.7249,6.116,2505,Comedy|Science Fiction|Action,Movie
1643729,Ishqa'n De Lekhe,"18, 10749, 10402",06-03-2026,pa,6.7244,10,1,Drama|Romance|Music,Movie
1040148,"Ruby Gillman, Teenage Kraken","16, 10751, 14, 35",28-06-2023,en,6.7227,7.154,1114,Animation|Family|Fantasy|Comedy,Movie
1717763,Υπόθεση Πολκ,36,01-10-1978,el,6.7221,0,0,History,Movie
878608,Resurrection,"878, 18",22-11-2025,zh,6.7217,7.211,97,Science Fiction|Drama,Movie
1252428,Anaconda,"12, 27",01-03-2024,zh,6.7215,7.1,147,Adventure|Horror,Movie
1328803,Prisoner of War,"28, 10752, 53, 36",19-09-2025,en,6.7213,7.152,191,Action|War|Thriller|History,Movie
16664,All About Lily Chou-Chou,"18, 80",06-10-2001,ja,6.716,7.434,296,Drama|Crime,Movie
183315,Robbery,"80, 35",1897-01-01,en,6.7131,4.143,7,Crime|Comedy,Movie
13811,Knowing,"28, 9648, 878, 53",19-03-2009,en,6.7099,6.264,5857,Action|Mystery|Science Fiction|Thriller,Movie
1948,Crank,"28, 53, 80",31-08-2006,en,6.7046,6.663,4240,Action|Thriller|Crime,Movie
1706096,Orange,"18, 10751",,en,6.7018,0,0,Drama|Family,Movie
664280,David Attenborough: A Life on Our Planet,"99, 18",28-09-2020,en,6.6987,8.446,446,Documentary|Drama,Movie
826945,Sisters Virus,18,24-02-2021,ko,6.6939,5.5,4,Drama,Movie
1717456,Desaparecido,53,,es,6.6936,0,0,Thriller,Movie
19186,The Parent Trap,"35, 10751, 10749",13-05-1961,en,6.6921,7.032,425,Comedy|Family|Romance,Movie
617,Wild Things,"9648, 53, 18",20-03-1998,en,6.6906,6.382,1994,Mystery|Thriller|Drama,Movie
170687,The Boxtrolls,"16, 35, 10751, 14",10-09-2014,en,6.6882,6.721,1812,Animation|Comedy|Family|Fantasy,Movie
793387,Holy Night: Demon Hunters,"28, 14, 27, 53",30-04-2025,ko,6.688,6.91,105,Action|Fantasy|Horror|Thriller,Movie
216919,Deseo,18,13-09-2013,es,6.6865,6.5,270,Drama,Movie
6557,27 Dresses,"35, 10749",10-01-2008,en,6.6858,6.5,3440,Comedy|Romance,Movie
433808,The Ritual,"27, 9648",11-10-2017,en,6.685,6.287,3458,Horror|Mystery,Movie
8077,Alien³,"878, 28, 27",22-05-1992,en,6.6831,6.4,6407,Science Fiction|Action|Horror,Movie
70,Million Dollar Baby,18,05-12-2004,en,6.682,7.953,10403,Drama,Movie
152584,Blue Is the Warmest Color,"10749, 18",09-10-2013,fr,6.681,7.07,4875,Romance|Drama,Movie
9472,DodgeBall: A True Underdog Story,35,18-06-2004,en,6.6793,6.368,3858,Comedy,Movie
1602449,Gravity Falls: Between the Pines,"16, 35, 99, 10751, 10770",08-02-2016,en,6.6779,7.667,6,Animation|Comedy|Documentary|Family|TV Movie,Movie
1528642,Sugauti vanagą,"36, 18",13-01-2028,lt,6.6766,0,0,History|Drama,Movie
350312,Bāhubali 2: The Conclusion,"28, 12, 14",27-04-2017,te,6.6761,7.475,863,Action|Adventure|Fantasy,Movie
1288072,Keeper,"27, 9648",12-11-2025,en,6.6757,5.624,275,Horror|Mystery,Movie
43074,Ghostbusters,"28, 14, 35",14-07-2016,en,6.6752,5.345,6804,Action|Fantasy|Comedy,Movie
298,Ocean's Thirteen,"80, 53",05-06-2007,en,6.6719,6.725,6926,Crime|Thriller,Movie
503736,Army of the Dead,"80, 28, 27",14-05-2021,en,6.6714,6.199,4439,Crime|Action|Horror,Movie
1240475,Hunt the Wicked,"28, 80, 53",18-07-2024,zh,6.6691,7.4,13,Action|Crime|Thriller,Movie
1339495,Trilby Dance,35,1895-01-01,en,6.669,2,1,Comedy,Movie
10428,Hackers,"28, 80, 53, 18",14-09-1995,en,6.6689,6.377,1488,Action|Crime|Thriller|Drama,Movie
1378,Shortbus,"10749, 18, 35",04-10-2006,en,6.6678,6.273,587,Romance|Drama|Comedy,Movie
188927,Star Trek Beyond,"28, 12, 878",07-07-2016,en,6.6659,6.79,7134,Action|Adventure|Science Fiction,Movie
134764,Due West: Our Sex Journey,"35, 18, 10749",20-09-2012,cn,6.6657,6.1,59,Comedy|Drama|Romance,Movie
13681,Places in the Heart,18,11-09-1984,en,6.6639,7.168,196,Drama,Movie
501929,The Mitchells vs. the Machines,"16, 12, 35",22-04-2021,en,6.6614,7.841,3385,Animation|Adventure|Comedy,Movie
1718393,Bayang,53,18-12-2021,ms,6.6612,0,0,Thriller,Movie
451156,Infidelity in Suburbia,"53, 10770",25-02-2017,en,6.6605,6.231,160,Thriller|TV Movie,Movie
799882,The Bluff,"18, 28, 53",17-02-2026,en,6.6584,6.818,154,Drama|Action|Thriller,Movie
3034,Young Frankenstein,35,15-12-1974,en,6.656,7.855,3411,Comedy,Movie
1656061,Immortal Combat,"28, 12, 878",24-04-2026,en,6.6537,5.1,12,Action|Adventure|Science Fiction,Movie
293863,The Age of Adaline,"10749, 14, 18",16-04-2015,en,6.6522,7.466,7106,Romance|Fantasy|Drama,Movie
57201,The Lone Ranger,"28, 12, 37",03-07-2013,en,6.6481,6.125,6179,Action|Adventure|Western,Movie
9277,The Sting,"35, 80, 18",25-12-1973,en,6.6459,8.013,3001,Comedy|Crime|Drama,Movie
1339477,Death Scene,35,1895-01-01,en,6.6457,2,1,Comedy,Movie
324544,In the Lost Lands,"28, 14, 37",27-02-2025,en,6.645,6.4,827,Action|Fantasy|Western,Movie
700391,65,"28, 12, 878",02-03-2023,en,6.6441,5.9,2874,Action|Adventure|Science Fiction,Movie
1323625,Night Patrol,"27, 9648, 28",16-01-2026,en,6.1183,5.215,65,Horror|Mystery|Action,Movie
1708013,Fimbul,878,16-04-2026,da,7.4492,10,1,Science Fiction,Movie
638507,How to Train Your Dragon: Homecoming,"16, 14, 12, 10751",03-12-2019,en,5.6713,8.043,1114,Animation|Fantasy|Adventure|Family,Movie
15255,Undisputed II: Last Man Standing,"28, 80, 53, 18",11-04-2006,en,6.2839,7.379,927,Action|Crime|Thriller|Drama,Movie
11647,Infernal Affairs II,"28, 53, 80",01-10-2003,cn,5.0821,7.3,475,Action|Thriller|Crime,Movie
820525,After Everything,"10749, 18",13-09-2023,en,6.7899,6.9,999,Romance|Drama,Movie
1333100,Attack on Titan: THE LAST ATTACK,"16, 28, 12, 18",20-03-2024,ja,6.5772,8.688,216,Animation|Action|Adventure|Drama,Movie
1701618,Minhas Mãos,"10751, 18",09-06-2023,pt,7.4576,10,1,Family|Drama,Movie
544,There's Something About Mary,"10749, 35",15-07-1998,en,6.0348,6.631,5384,Romance|Comedy,Movie
76757,Jupiter Ascending,"878, 14, 28",04-02-2015,en,5.9954,5.469,7138,Science Fiction|Fantasy|Action,Movie
44264,True Grit,"18, 12, 37",22-12-2010,en,6.4395,7.306,5778,Drama|Adventure|Western,Movie
8913,Pet Sematary,27,21-04-1989,en,6.1181,6.654,2392,Horror,Movie
43593,Piranha 3D,"35, 27",20-08-2010,en,6.6167,5.427,2406,Comedy|Horror,Movie
250546,Annabelle,27,01-10-2014,en,6.614,5.79,6567,Horror,Movie
87428,That's My Boy,35,14-06-2012,en,6.6123,5.801,2159,Comedy,Movie
974576,Conclave,"18, 53",25-10-2024,en,6.611,7.193,3439,Drama|Thriller,Movie
805,Rosemary's Baby,"18, 27, 53",12-06-1968,en,6.6085,7.82,4391,Drama|Horror|Thriller,Movie
414,Batman Forever,"28, 80, 14",16-06-1995,en,6.606,5.457,5616,Action|Crime|Fantasy,Movie
51876,Limitless,"53, 9648, 878",17-03-2011,en,6.6045,7.202,11524,Thriller|Mystery|Science Fiction,Movie
160842,The Love Garden,10749,01-01-1971,en,6.6025,4,9,Romance,Movie
440,Aliens vs Predator: Requiem,"28, 878, 53, 27",25-12-2007,en,6.5996,5.173,3347,Action|Science Fiction|Thriller|Horror,Movie
1669,The Hunt for Red October,"28, 53",02-03-1990,en,6.5938,7.383,3646,Action|Thriller,Movie
10201,Yes Man,"35, 10749",09-12-2008,en,6.5925,6.7,7425,Comedy|Romance,Movie
543831,Next Door Sisters,10749,26-06-2018,ko,6.586,2.7,3,Romance,Movie
1489187,You Drive Me Crazy,"35, 10749, 14",09-10-2025,ru,6.5854,7.714,14,Comedy|Romance|Fantasy,Movie
399057,The Killing of a Sacred Deer,"18, 53, 9648",20-10-2017,en,6.5846,7.005,4467,Drama|Thriller|Mystery,Movie
184,Jackie Brown,"80, 18, 53",25-12-1997,en,6.5839,7.359,6972,Crime|Drama|Thriller,Movie
1673393,Krishnavataram Part 1: The Heart (Hridayam),"12, 10749, 18",07-05-2026,hi,6.5838,9,6,Adventure|Romance|Drama,Movie
359940,"Three Billboards Outside Ebbing, Missouri","80, 18",01-12-2017,en,6.5829,8.054,10949,Crime|Drama,Movie
60935,The Thing,"27, 878, 9648",12-10-2011,en,6.5791,6.238,3244,Horror|Science Fiction|Mystery,Movie
1592768,One Gram of Life,18,14-11-2025,bg,6.5723,0,0,Drama,Movie
9341,The Core,"878, 12, 53",28-03-2003,en,6.5722,5.831,2170,Science Fiction|Adventure|Thriller,Movie
107827,Dreams Of Eroticism,35,18-11-1977,cn,6.5681,4.6,7,Comedy,Movie
1263012,Dead Man's Wire,"80, 18, 53",09-01-2026,en,6.5647,6.5,160,Crime|Drama|Thriller,Movie
1273,TMNT,"12, 16, 35, 10751",23-03-2007,en,6.5618,6.188,1233,Adventure|Animation|Comedy|Family,Movie
531219,Roald Dahl's The Witches,"35, 14, 10751, 27",26-10-2020,en,6.5614,6.333,2998,Comedy|Fantasy|Family|Horror,Movie
280092,Insidious: Chapter 3,"27, 53",28-05-2015,en,6.5605,6.284,3634,Horror|Thriller,Movie
1391,Y Tu Mamá También,"18, 10749",08-06-2001,es,6.5596,7.423,1758,Drama|Romance,Movie
1246,Rocky Balboa,18,20-12-2006,en,6.5572,6.884,3824,Drama,Movie
1398,Stalker,"878, 18",25-05-1979,ru,6.5569,8.1,2513,Science Fiction|Drama,Movie
745881,The Medium,"27, 9648",14-07-2021,th,6.5548,6.999,749,Horror|Mystery,Movie
362865,"11 Days, 11 Nights Part 3",18,16-03-1989,it,6.5457,4.2,19,Drama,Movie
274854,The Last Witch Hunter,"28, 12, 14",21-10-2015,en,6.5448,6.017,3868,Action|Adventure|Fantasy,Movie
1719074,The Goodbye,"35, 18, 10749",15-01-2016,en,6.5443,0,0,Comedy|Drama|Romance,Movie
1232449,Young Hearts,"18, 10749",26-10-2024,nl,6.544,8.551,282,Drama|Romance,Movie
13494,Red Sonja,"12, 28, 14, 18",31-07-2025,en,6.5434,5.647,245,Adventure|Action|Fantasy|Drama,Movie
10439,Hocus Pocus,"14, 35, 10751",16-07-1993,en,6.5425,7,3307,Fantasy|Comedy|Family,Movie
1034662,Showroom,"18, 53",11-11-2022,tl,6.538,4.9,10,Drama|Thriller,Movie
13179,Tinker Bell,"16, 10751, 12, 14",11-09-2008,en,6.538,6.9,1575,Animation|Family|Adventure|Fantasy,Movie
1440050,The Breadwinner,"35, 10751",29-05-2026,en,6.5362,6.4,8,Comedy|Family,Movie
10771,The Tuxedo,"53, 28, 35, 878",27-09-2002,en,6.5356,5.733,2185,Thriller|Action|Comedy|Science Fiction,Movie
2756,The Abyss,"12, 53, 878",09-08-1989,en,6.5353,7.353,3462,Adventure|Thriller|Science Fiction,Movie
467938,Revenge,"28, 27, 53, 18",18-11-2017,fr,6.535,6.523,2103,Action|Horror|Thriller|Drama,Movie
9336,Police Academy,"35, 80",22-03-1984,en,6.5324,6.7,3014,Comedy|Crime,Movie
1104844,BLUE LOCK THE MOVIE -EPISODE NAGI-,"16, 28, 18",19-04-2024,ja,6.5315,7.508,240,Animation|Action|Drama,Movie
274167,Daddy's Home,35,25-12-2015,en,6.5298,6.297,3455,Comedy,Movie
406759,Moonfall,"878, 12, 28",02-02-2022,en,6.5292,6.246,3609,Science Fiction|Adventure|Action,Movie
506574,Descendants 3,"10751, 10770, 12, 14, 10402",02-08-2019,en,6.527,7.675,1621,Family|TV Movie|Adventure|Fantasy|Music,Movie
260550,Taste,18,16-01-2014,ko,6.5236,5.2,6,Drama,Movie
8536,Superman II,"878, 28, 12",04-12-1980,en,6.5195,6.762,2540,Science Fiction|Action|Adventure,Movie
109439,The Hangover Part III,35,23-05-2013,en,6.5176,6.211,9275,Comedy,Movie
9276,The Faculty,"27, 878",25-12-1998,en,6.5175,6.6,2267,Horror|Science Fiction,Movie
1086260,The Astronaut,"27, 878, 53",26-09-2025,en,6.513,6.112,392,Horror|Science Fiction|Thriller,Movie
228794,Provocation,"18, 10749",15-12-1995,it,6.5098,5.396,24,Drama|Romance,Movie
631843,Old,"53, 9648, 27",21-07-2021,en,6.5059,6.323,4909,Thriller|Mystery|Horror,Movie
391,A Fistful of Dollars,37,12-09-1964,it,6.5039,7.8,4744,Western,Movie
11459,Sky High,"12, 35, 10751",29-07-2005,en,6.4971,6.3,2484,Adventure|Comedy|Family,Movie
1699970,The Welcome Table,99,23-06-2026,en,6.4969,1,1,Documentary,Movie
26973,Pretty Baby,18,05-04-1978,en,6.4967,6.994,414,Drama,Movie
791155,Secret Headquarters,"28, 12, 35, 878, 10751",12-08-2022,en,6.4906,6.365,423,Action|Adventure|Comedy|Science Fiction|Family,Movie
1128650,The Prosecutor,"28, 18, 80, 53",08-12-2024,cn,6.4828,7.1,220,Action|Drama|Crime|Thriller,Movie
527641,Five Feet Apart,"10749, 18",14-03-2019,en,6.4815,8.215,5933,Romance|Drama,Movie
1439112,Muzzle: City of Wolves,"28, 53, 9648",13-11-2025,en,6.4814,6.629,147,Action|Thriller|Mystery,Movie
2567,The Aviator,18,17-12-2004,en,6.4809,7.218,5875,Drama,Movie
1717816,machina,"878, 27",30-04-2026,en,6.4796,0,0,Science Fiction|Horror,Movie
9778,Serendipity,"35, 10749",05-10-2001,en,6.4791,6.961,2155,Comedy|Romance,Movie
673593,Mean Girls,35,10-01-2024,en,6.4786,5.873,730,Comedy,Movie
14864,The Hot Spot,"10749, 80, 53",12-10-1990,en,6.4734,6.277,303,Romance|Crime|Thriller,Movie
393850,Senza vergogna,18,19-03-1986,it,6.4718,4.8,13,Drama,Movie
12279,Spy Kids 3-D: Game Over,"10751, 28, 35, 12, 878",25-07-2003,en,6.4708,5.132,2386,Family|Action|Comedy|Adventure|Science Fiction,Movie
5336,"Salò, or the 120 Days of Sodom","18, 27",10-01-1976,it,6.4708,6.3,2309,Drama|Horror,Movie
9522,Wedding Crashers,"35, 10749",13-07-2005,en,6.4697,6.503,4731,Comedy|Romance,Movie
47933,Independence Day: Resurgence,"28, 12, 878",22-06-2016,en,6.4683,5.365,6489,Action|Adventure|Science Fiction,Movie
11230,Drunken Master,"28, 35",05-10-1978,cn,6.4663,7.383,1124,Action|Comedy,Movie
317442,The Last: Naruto the Movie,"28, 10749, 16",06-12-2014,ja,6.4649,7.47,2400,Action|Romance|Animation,Movie
583,Life of Brian,35,17-08-1979,en,6.4641,7.762,4952,Comedy,Movie
334541,Manchester by the Sea,18,17-11-2016,en,6.4633,7.554,6431,Drama,Movie
10096,13 Going on 30,"35, 14, 10749",13-04-2004,en,6.4621,6.775,5562,Comedy|Fantasy|Romance,Movie
9444,Anastasia,"16, 10751, 14, 12",20-11-1997,en,6.4611,7.6,5637,Animation|Family|Fantasy|Adventure,Movie
7459,Speed Racer,"10751, 28, 12, 35",07-05-2008,en,6.4597,6.4,1789,Family|Action|Adventure|Comedy,Movie
83666,Moonrise Kingdom,"35, 18, 10749",16-05-2012,en,6.4546,7.677,6365,Comedy|Drama|Romance,Movie
1042834,Eden,"53, 18",03-04-2025,en,6.4543,6.675,671,Thriller|Drama,Movie
1014505,OVERLORD: The Sacred Kingdom,"28, 12, 16, 14",20-09-2024,ja,6.4541,7.907,193,Action|Adventure|Animation|Fantasy,Movie
308531,Teenage Mutant Ninja Turtles: Out of the Shadows,"28, 12, 35, 10751, 878",30-05-2016,en,6.4539,6.1,3818,Action|Adventure|Comedy|Family|Science Fiction,Movie
76203,12 Years a Slave,"18, 36",18-10-2013,en,6.4485,7.93,12034,Drama|History,Movie
11932,Bride of Chucky,"27, 35",15-10-1998,en,6.4473,6.144,2123,Horror|Comedy,Movie
1468057,GATAO: Big Brothers,"80, 28",21-08-2025,zh,6.4466,6.25,12,Crime|Action,Movie
1034716,People We Meet on Vacation,"35, 10749, 18",06-01-2026,en,6.4459,6.941,623,Comedy|Romance|Drama,Movie
170657,Journey to the West: Conquering the Demons,"28, 14, 12, 35",07-02-2013,zh,6.443,6.949,449,Action|Fantasy|Adventure|Comedy,Movie
661539,A Complete Unknown,"18, 10402",25-12-2024,en,6.4415,7.069,1466,Drama|Music,Movie
116149,Paddington,"35, 12, 10751",24-11-2014,en,6.4405,7.121,4265,Comedy|Adventure|Family,Movie
77931,The Smurfs 2,"14, 10751, 35, 16",30-07-2013,en,6.4373,5.751,2376,Fantasy|Family|Comedy|Animation,Movie
654974,Home Sweet Home Alone,"10751, 35",11-11-2021,en,6.4362,4.854,700,Family|Comedy,Movie
46498,Candy,"12, 35, 14",17-12-1968,en,6.4349,5.1,83,Adventure|Comedy|Fantasy,Movie
1654429,Crush The Wicked,"28, 80",20-03-2026,zh,6.4312,0,0,Action|Crime,Movie
10617,Once Upon a Time in China,"28, 18",15-08-1991,cn,6.4298,7.108,487,Action|Drama,Movie
299687,The 5th Wave,"878, 12, 28",14-01-2016,en,6.4284,5.936,6048,Science Fiction|Adventure|Action,Movie
613,Downfall,"18, 36, 10752",16-09-2004,de,6.4281,7.862,4340,Drama|History|War,Movie
454,Romeo + Juliet,"18, 10749",01-11-1996,en,6.4253,6.779,5366,Drama|Romance,Movie
136797,Need for Speed,"28, 80, 18, 53",12-03-2014,en,6.4249,6.437,4724,Action|Crime|Drama|Thriller,Movie
388,Inside Man,"80, 18, 53",17-03-2006,en,6.4201,7.406,6388,Crime|Drama|Thriller,Movie
1088615,Anaagarigam,"18, 10749",26-11-2011,ta,6.4186,8,2,Drama|Romance,Movie
17899,"Sex, Party and Lies","35, 18",27-03-2009,es,6.4179,4.591,159,Comedy|Drama,Movie
8068,Desperado,"53, 28, 80",25-08-1995,en,6.4155,6.936,3164,Thriller|Action|Crime,Movie
705559,My Mother's Lovers,18,29-05-2020,es,6.4139,4.8,11,Drama,Movie
440471,Escape Plan 2: Hades,"28, 53, 80, 9648, 878",05-06-2018,en,6.4122,5.157,1566,Action|Thriller|Crime|Mystery|Science Fiction,Movie
1510583,Rakkhosh,"28, 10749",21-03-2026,bn,6.4101,5.5,1,Action|Romance,Movie
9913,The Skeleton Key,"18, 27, 9648, 53",29-07-2005,en,6.4089,6.626,2297,Drama|Horror|Mystery|Thriller,Movie
857598,Pushpa 2 - The Rule,"28, 18, 53, 80",04-12-2024,te,6.4083,6.3,148,Action|Drama|Thriller|Crime,Movie
1213,The Talented Mr. Ripley,"53, 80, 18",25-12-1999,en,6.4056,7.197,4169,Thriller|Crime|Drama,Movie
1165369,De Gaulle: Liberté,"36, 18",26-06-2026,fr,6.4039,8.2,30,History|Drama,Movie
9316,Ong-Bak,"28, 80, 53",31-01-2003,th,6.4025,7.155,1906,Action|Crime|Thriller,Movie
55,Amores Perros,"18, 53",16-06-2000,es,6.4013,7.6,2935,Drama|Thriller,Movie
1118031,Apocalypse Z: The Beginning of the End,"18, 28, 27",04-10-2024,es,6.4012,6.731,1256,Drama|Action|Horror,Movie
108450,The Smile of the Fox,53,23-05-1992,it,6.3941,5.1,61,Thriller,Movie
9836,Happy Feet,"16, 35, 10751",16-11-2006,en,6.3927,6.23,5484,Animation|Comedy|Family,Movie
616219,Shining Modern History,"18, 10749",18-07-2019,ko,6.3923,4.3,11,Drama|Romance,Movie
1223142,Girl Upstairs Who Likes Big Things,"18, 10749",01-12-2023,ko,6.3914,1,1,Drama|Romance,Movie
82693,Silver Linings Playbook,"18, 35, 10749",16-11-2012,en,6.3908,7.154,12680,Drama|Comedy|Romance,Movie
1211637,Christmas Stalkings,"27, 35",24-12-2027,en,6.3906,0,0,Horror|Comedy,Movie
22894,Legion,"28, 14, 27",21-01-2010,en,6.3903,5.907,2891,Action|Fantasy|Horror,Movie
1970,The Grudge,"27, 9648, 53",22-10-2004,en,6.3902,5.933,3207,Horror|Mystery|Thriller,Movie
434203,Newness,"10749, 18",03-11-2017,en,6.3889,6.053,628,Romance|Drama,Movie
372754,Dou kyu sei – Classmates,"10749, 16",20-02-2016,ja,6.3886,8.3,447,Romance|Animation,Movie
714,Tomorrow Never Dies,"12, 28, 53",11-12-1997,en,6.3881,6.4,3462,Adventure|Action|Thriller,Movie
503,Poseidon,"12, 28, 18, 53",03-05-2006,en,6.388,5.889,2324,Adventure|Action|Drama|Thriller,Movie
1717264,I suffer from depression and my final straw was a man who couldn't light a cigarette,"53, 80, 18",23-06-2026,tr,6.3847,10,1,Thriller|Crime|Drama,Movie
9665,Glory,"18, 36, 10752",15-12-1989,en,6.3803,7.489,1819,Drama|History|War,Movie
24128,Stop Making Sense,"99, 10402",19-10-1984,en,6.3801,8.318,371,Documentary|Music,Movie
1717778,The Call,10749,,en,6.3752,0,0,Romance,Movie
65754,The Girl with the Dragon Tattoo,"53, 80, 9648",14-12-2011,en,6.375,7.387,7637,Thriller|Crime|Mystery,Movie
254470,Pitch Perfect 2,"35, 10402",07-05-2015,en,6.3735,6.839,5533,Comedy|Music,Movie
1718403,Mahjong Madness,"16, 35, 18",07-06-2026,zh,6.3717,0,0,Animation|Comedy|Drama,Movie
990140,Sakra,"28, 12",16-01-2023,cn,6.3689,6.5,200,Action|Adventure,Movie
5255,The Polar Express,"12, 16, 10751, 14",10-11-2004,en,6.3676,6.722,6910,Adventure|Animation|Family|Fantasy,Movie
349868,Ardent Love,10749,17-07-1982,ko,6.3673,0,0,Romance,Movie
23629,Sucker Punch,"28, 14, 53",24-03-2011,en,6.366,6.201,5107,Action|Fantasy|Thriller,Movie
9679,Gone in Sixty Seconds,"28, 80, 53",09-06-2000,en,6.363,6.47,4904,Action|Crime|Thriller,Movie
1903,Vanilla Sky,"9648, 10749, 878",14-12-2001,en,6.3606,6.823,4688,Mystery|Romance|Science Fiction,Movie
839369,May December,18,16-11-2023,en,6.3577,6.575,1038,Drama,Movie
25376,The Secret in Their Eyes,"9648, 53, 18",13-08-2009,es,6.3569,8,2881,Mystery|Thriller|Drama,Movie
9374,Death Becomes Her,"35, 14, 27",30-07-1992,en,6.3539,6.783,2983,Comedy|Fantasy|Horror,Movie
840430,The Holdovers,"18, 35",27-10-2023,en,6.3518,7.643,2532,Drama|Comedy,Movie
1160956,Panda Plan,"28, 35",01-10-2024,zh,6.3512,6.9,294,Action|Comedy,Movie
693,Meet the Fockers,"35, 10749",22-12-2004,en,6.3508,6.254,5193,Comedy|Romance,Movie
10865,Atlantis: The Lost Empire,"16, 10751, 12, 878",02-06-2001,en,6.3459,7,5164,Animation|Family|Adventure|Science Fiction,Movie
1678,Godzilla,"53, 27, 878",03-11-1954,ja,6.343,7.6,1111,Thriller|Horror|Science Fiction,Movie
489999,Searching,"18, 9648, 53",24-08-2018,en,6.3407,7.572,4261,Drama|Mystery|Thriller,Movie
831815,Saving Bikini Bottom: The Sandy Cheeks Movie,"10751, 35, 12, 16",01-10-2024,en,6.3388,6.14,179,Family|Comedy|Adventure|Animation,Movie
1401459,Fjord,"18, 53",13-06-2026,en,6.3387,8,1,Drama|Thriller,Movie
2666,Dark City,"9648, 878",27-02-1998,en,6.3387,7.331,3229,Mystery|Science Fiction,Movie
8247,Jumper,"28, 12, 878",13-02-2008,en,6.3386,6.165,6265,Action|Adventure|Science Fiction,Movie
45269,The King's Speech,"18, 36",26-11-2010,en,6.3381,7.734,9343,Drama|History,Movie
1367,Rocky II,18,15-06-1979,en,6.3364,7.298,4835,Drama,Movie
57165,Wrath of the Titans,"14, 12, 28",28-03-2012,en,6.3357,5.768,4518,Fantasy|Adventure|Action,Movie
1391239,The Debut,"10402, 35, 18",18-02-2027,en,6.3353,0,0,Music|Comedy|Drama,Movie
267860,London Has Fallen,"28, 53",02-03-2016,en,6.3349,6.225,5132,Action|Thriller,Movie
802,Lolita,18,13-06-1962,en,6.3349,7.3,2257,Drama,Movie
1571,Live Free or Die Hard,"28, 53",20-06-2007,en,6.3346,6.645,6375,Action|Thriller,Movie
34433,Dragon Ball Z: Broly - The Legendary Super Saiyan,"16, 878, 28",06-03-1993,ja,6.3341,7.255,1007,Animation|Science Fiction|Action,Movie
1621394,Sirena,18,30-01-2026,tl,6.332,5.5,2,Drama,Movie
62752,Cinderella,35,01-05-1977,en,6.3297,5.463,41,Comedy,Movie
1911,The 13th Warrior,"12, 36, 28",13-08-1999,en,6.3296,6.689,2060,Adventure|History|Action,Movie
11976,Legend,"12, 14",28-08-1985,en,6.3252,6.255,1393,Adventure|Fantasy,Movie
38167,Eat Pray Love,"18, 10749",12-08-2010,en,6.3239,6.247,2643,Drama|Romance,Movie
1475803,Governor,"18, 53",12-06-2026,hi,6.3216,6,1,Drama|Thriller,Movie
10358,Zack and Miri Make a Porno,"35, 10749",18-09-2008,en,6.3215,6.349,2687,Comedy|Romance,Movie
682507,Where the Crawdads Sing,"18, 9648, 10749",14-07-2022,en,6.3213,7.524,2329,Drama|Mystery|Romance,Movie
1123640,Manji Mai 3: I will let you go Paradise Jodo,18,18-05-1996,ja,6.3205,0,0,Drama,Movie
843847,Jerry & Marge Go Large,"35, 18",20-10-2022,en,6.318,7.389,476,Comedy|Drama,Movie
9461,Enter the Dragon,28,17-08-1973,en,6.3163,7.4,2104,Action,Movie
347647,Traders,53,11-03-2016,en,6.3157,6.19,50,Thriller,Movie
865,The Running Man,"28, 53, 878",13-11-1987,en,6.3137,6.541,2864,Action|Thriller|Science Fiction,Movie
19173,Diary of a Nymphomaniac,"18, 10749",17-10-2008,es,6.3129,5.647,365,Drama|Romance,Movie
11220,Fallen Angels,"28, 10749, 80",06-09-1995,cn,6.3121,7.694,1314,Action|Romance|Crime,Movie
1242501,Icefall,"28, 80, 53",16-10-2025,en,6.3117,6.263,186,Action|Crime|Thriller,Movie
59940,Zebra Lounge,53,04-10-2001,en,6.3105,4.356,45,Thriller,Movie
391907,Purpose of Cohabitation,10749,07-03-2016,ko,6.3077,4.8,4,Romance,Movie
25237,Come and See,"18, 10752",17-10-1985,ru,6.3073,8.204,1863,Drama|War,Movie
817,Austin Powers: The Spy Who Shagged Me,"35, 12, 80",08-06-1999,en,6.3052,6.3,3693,Comedy|Adventure|Crime,Movie
267544,Così fan tutte,"10402, 10770",21-06-2013,it,6.3046,6.8,10,Music|TV Movie,Movie
592983,Spellbound,"16, 14, 10751, 12, 35",22-11-2024,en,6.3002,6.582,319,Animation|Fantasy|Family|Adventure|Comedy,Movie
1719585,လူမှန်,"28, 10749, 18",06-11-1997,my,6.2976,0,0,Action|Romance|Drama,Movie
614696,#Alive,"28, 27, 878",24-06-2020,ko,6.2975,7.213,2065,Action|Horror|Science Fiction,Movie
1706909,Ringer,"9648, 27",28-05-2026,en,6.2936,10,1,Mystery|Horror,Movie
2005,Sister Act,"10402, 35",28-05-1992,en,6.2934,6.828,3459,Music|Comedy,Movie
776797,The Sadness,"27, 53",22-01-2021,zh,6.2908,6.841,1160,Horror|Thriller,Movie
13510,Eden Lake,"27, 53",12-09-2008,en,6.2894,6.834,2106,Horror|Thriller,Movie
1413097,Melania,99,30-01-2026,en,6.2893,3.7,157,Documentary,Movie
864370,Incantation,27,18-03-2022,zh,6.289,6.832,840,Horror,Movie
957452,The Crow,"28, 14, 27",21-08-2024,en,6.2883,5.786,1291,Action|Fantasy|Horror,Movie
1299655,Blue Moon,"10402, 36, 18, 35",17-10-2025,en,6.288,6.621,289,Music|History|Drama|Comedy,Movie
1012201,HAIKYU!! The Dumpster Battle,"16, 35",16-02-2024,ja,6.2871,7.751,253,Animation|Comedy,Movie
1709570,Cat Story,"53, 18, 80",01-08-2011,en,6.2865,0,0,Thriller|Drama|Crime,Movie
98008,Attraction,"18, 35",26-02-1969,it,6.2864,4.8,25,Drama|Comedy,Movie
449176,"Love, Simon","35, 18, 10749",16-02-2018,en,6.2851,7.971,6278,Comedy|Drama|Romance,Movie
2019,Hard Target,"28, 53, 80",27-04-1993,en,6.2823,6.503,1348,Action|Thriller|Crime,Movie
1624,Liar Liar,"35, 14",21-03-1997,en,6.2808,6.715,6259,Comedy|Fantasy,Movie
399713,Hidden Passion,"18, 80",12-12-1991,cn,6.2787,5.5,6,Drama|Crime,Movie
602063,Rurouni Kenshin: The Final,"28, 12, 36, 18",23-04-2021,ja,6.2786,7.68,548,Action|Adventure|History|Drama,Movie
11968,Into the Blue,"28, 53, 12, 80",30-09-2005,en,6.2778,5.921,1654,Action|Thriller|Adventure|Crime,Movie
58574,Sherlock Holmes: A Game of Shadows,"28, 12, 9648, 80",22-11-2011,en,6.2771,7.145,10974,Action|Adventure|Mystery|Crime,Movie
6795,Zathura: A Space Adventure,"878, 12, 10751",06-11-2005,en,6.2766,6.447,3618,Science Fiction|Adventure|Family,Movie
50544,Friends with Benefits,"10749, 35",21-07-2011,en,6.2743,6.644,8423,Romance|Comedy,Movie
1716596,The Forgotten,"99, 36, 18, 10770",01-01-1974,tr,6.2742,0,0,Documentary|History|Drama|TV Movie,Movie
423204,Angel Has Fallen,"28, 53",21-08-2019,en,6.2716,6.604,3908,Action|Thriller,Movie
130925,Partysaurus Rex,"10751, 16, 35",14-09-2012,en,6.2709,7.125,522,Family|Animation|Comedy,Movie
11713,Fist of Fury,"18, 28, 53",22-03-1972,zh,6.27,7.2,1080,Drama|Action|Thriller,Movie
303857,Dragon Ball Z: Resurrection 'F',"28, 16, 878",18-04-2015,ja,6.2685,6.888,2038,Action|Animation|Science Fiction,Movie
9907,Barnyard,"16, 35, 10751",04-08-2006,en,6.2677,5.934,1194,Animation|Comedy|Family,Movie
8195,Ronin,"28, 53, 80",25-09-1998,en,6.2645,6.966,2695,Action|Thriller|Crime,Movie
5721,Vixen!,18,15-10-1968,en,6.2639,5.524,104,Drama,Movie
392044,Murder on the Orient Express,"9648, 18, 80",03-11-2017,en,6.261,6.707,10578,Mystery|Drama|Crime,Movie
23566,Barbie and the Three Musketeers,"16, 10751",15-09-2009,en,6.2597,7.282,728,Animation|Family,Movie
11621,Porco Rosso,"16, 12, 14",18-07-1992,ja,6.258,7.798,3736,Animation|Adventure|Fantasy,Movie
1211237,Rabb Da Radio 3,"18, 10749",03-04-2026,pa,6.2563,8,1,Drama|Romance,Movie
435901,About Love,"10749, 18, 53",23-03-2017,ru,6.2559,5.485,33,Romance|Drama|Thriller,Movie
10010,Brother Bear 2,"12, 16, 10751",17-08-2006,en,6.2553,6.662,1571,Adventure|Animation|Family,Movie
34544,The A-Team,"28, 35, 80",09-06-2010,en,6.2537,6.422,5030,Action|Comedy|Crime,Movie
1130948,Rosebush Pruning,"35, 18, 53",23-04-2026,en,6.2517,7.4,5,Comedy|Drama|Thriller,Movie
9614,Happy Gilmore,35,16-02-1996,en,6.2508,6.681,3362,Comedy,Movie
916,Bullitt,"28, 80, 53",17-10-1968,en,6.2504,7.146,1300,Action|Crime|Thriller,Movie
8055,The Reader,"18, 10749",10-12-2008,en,6.2494,7.469,3401,Drama|Romance,Movie
53932,The Ages of Lulu,18,03-12-1990,es,6.2471,6.392,301,Drama,Movie
1023922,MaXXXine,"27, 53",04-07-2024,en,6.2452,6.29,1522,Horror|Thriller,Movie
117,The Untouchables,"80, 36, 53",03-06-1987,en,6.241,7.758,6201,Crime|History|Thriller,Movie
51739,The Secret World of Arrietty,"14, 16, 10751",16-07-2010,ja,6.2396,7.671,3196,Fantasy|Animation|Family,Movie
9257,S.W.A.T.,"28, 53, 80",08-08-2003,en,6.2324,6.157,2726,Action|Thriller|Crime,Movie
321758,Ronde enfantine,"99, 10751",1897-11-28,fr,6.2283,5.333,3,Documentary|Family,Movie
777443,The Electric State,"28, 12, 878",07-03-2025,en,6.2247,6.494,1681,Action|Adventure|Science Fiction,Movie
109689,I Want You,"18, 10749",22-06-2012,es,6.2216,7.446,1968,Drama|Romance,Movie
294682,Little Forest: Summer/Autumn,18,30-08-2014,ja,6.2204,7.767,120,Drama,Movie
387,Das Boot,"18, 36, 10752",17-09-1981,de,6.2174,8.078,2535,Drama|History|War,Movie
528141,Cheating Wife,"18, 10749",05-09-2017,ko,6.215,10,1,Drama|Romance,Movie
1450527,Forbidden Fruits,"27, 35",26-03-2026,en,6.2138,6.2,63,Horror|Comedy,Movie
9035,Slither,"27, 878, 35",31-03-2006,en,6.2131,6.5,1740,Horror|Science Fiction|Comedy,Movie
740985,Borat Subsequent Moviefilm: Delivery of Prodigious Bribe to American Regime for Make Benefit Once Glorious Nation of Kazakhstan,35,23-10-2020,en,6.2129,6.4,2875,Comedy,Movie
15071,The Contractor,"28, 12, 18, 53",11-05-2007,en,6.2098,5.5,193,Action|Adventure|Drama|Thriller,Movie
90,Beverly Hills Cop,"35, 80, 28",05-12-1984,en,6.2066,7.21,4627,Comedy|Crime|Action,Movie
312591,The Robinsons of Mantsinsaari,99,24-01-2009,be,6.2043,5,3,Documentary,Movie
762,Monty Python and the Holy Grail,"12, 35, 14",03-04-1975,en,6.2035,7.806,6449,Adventure|Comedy|Fantasy,Movie
64348,Robotrix,"28, 35, 80, 10749, 878, 53",31-05-1991,cn,6.2018,6,48,Action|Comedy|Crime|Romance|Science Fiction|Thriller,Movie
39538,Contagion,"18, 53, 878",08-09-2011,en,6.2013,6.649,6573,Drama|Thriller|Science Fiction,Movie
956,Mission: Impossible III,"12, 28, 53",25-04-2006,en,6.1991,6.766,7657,Adventure|Action|Thriller,Movie
824,Moulin Rouge!,"18, 10749, 10402",18-05-2001,en,6.1986,7.527,4867,Drama|Romance|Music,Movie
12437,Underworld: Rise of the Lycans,"14, 28, 53",22-01-2009,en,6.1964,6.538,3962,Fantasy|Action|Thriller,Movie
25793,Precious: Based on the Novel 'Push' by Sapphire,18,06-11-2009,en,6.196,7.3,1785,Drama,Movie
11360,Dumbo,"16, 10751",31-10-1941,en,6.1957,6.991,5306,Animation|Family,Movie
974635,Hit Man,"35, 10749, 80",16-05-2024,en,6.1942,6.785,1665,Comedy|Romance|Crime,Movie
86003,Girl Hell,27,08-10-1999,ja,6.1935,5.6,22,Horror,Movie
1566269,The First Snow of Fraggle Rock,"10751, 35, 10402",04-12-2025,en,6.1924,7,13,Family|Comedy|Music,Movie
9476,A Knight's Tale,"12, 18, 10749, 28",11-05-2001,en,6.1884,6.879,3403,Adventure|Drama|Romance|Action,Movie
1704866,ドラえもん誕生日スペシャル 「のび太くん、さようなら！ ドラえもん、未来へ帰る…」,"16, 35, 12, 10751, 878, 18",01-09-2006,ja,6.1875,10,1,Animation|Comedy|Adventure|Family|Science Fiction|Drama,Movie
12405,Slumdog Millionaire,"18, 10749",12-11-2008,en,6.1854,7.73,11379,Drama|Romance,Movie
893694,Eva,"18, 10749",24-12-2021,tl,6.1839,5.36,25,Drama|Romance,Movie
664767,Mortal Kombat Legends: Scorpion's Revenge,"16, 28, 14",12-04-2020,en,6.1839,8.103,1501,Animation|Action|Fantasy,Movie
346672,Underworld: Blood Wars,"14, 28, 53, 878, 27",24-11-2016,en,6.1818,5.918,3944,Fantasy|Action|Thriller|Science Fiction|Horror,Movie
1497464,Gatto,"16, 35, 80, 10751",03-03-2027,en,6.1817,0,0,Animation|Comedy|Crime|Family,Movie
68724,Elysium,"878, 28, 18, 53",07-08-2013,en,6.1801,6.523,9618,Science Fiction|Action|Drama|Thriller,Movie
8960,Hancock,"14, 28",01-07-2008,en,6.1792,6.357,10299,Fantasy|Action,Movie
23398,Alvin and the Chipmunks: The Squeakquel,"35, 10751, 16, 14, 10402",21-12-2009,en,6.1778,5.658,3140,Comedy|Family|Animation|Fantasy|Music,Movie
13885,Sweeney Todd: The Demon Barber of Fleet Street,"18, 27",21-12-2007,en,6.1764,7.18,6373,Drama|Horror,Movie
1290432,A Private Life,"18, 9648, 80",27-09-2025,fr,6.1757,5.629,214,Drama|Mystery|Crime,Movie
9457,Deep Rising,"12, 28, 27, 878",30-01-1998,en,6.1739,6.178,826,Adventure|Action|Horror|Science Fiction,Movie
15015,Barbie as Rapunzel,"16, 10751",01-10-2002,en,6.1736,7.02,1284,Animation|Family,Movie
36419,After.Life,"18, 27, 9648, 53",07-11-2009,en,6.1735,6.328,1241,Drama|Horror|Mystery|Thriller,Movie
8810,Mad Max 2,"28, 53, 878",24-12-1981,en,6.1704,7.393,4202,Action|Thriller|Science Fiction,Movie
13161,Big Stan,"35, 80",03-11-2007,en,6.168,6.625,1056,Comedy|Crime,Movie
9327,The Nutty Professor,"35, 878, 10749",28-06-1996,en,6.168,5.646,3135,Comedy|Science Fiction|Romance,Movie
1718879,ROOMINATION,"53, 18",23-06-2026,en,6.1665,0,0,Thriller|Drama,Movie
812225,Black Clover: Sword of the Wizard King,"16, 14, 28, 12",16-06-2023,ja,6.1579,8.106,390,Animation|Fantasy|Action|Adventure,Movie
1662960,Sick City,"14, 35",01-01-2012,xx,6.1576,10,1,Fantasy|Comedy,Movie
9762,Step Up,"10402, 18, 10749, 80",11-08-2006,en,6.1554,6.877,3916,Music|Drama|Romance|Crime,Movie
17431,Moon,"878, 18",12-06-2009,en,6.1551,7.563,6317,Science Fiction|Drama,Movie
993710,Back in Action,"28, 35",15-01-2025,en,6.1546,6.426,1517,Action|Comedy,Movie
251783,Pleasure or Pain,"18, 53",05-09-2013,en,6.1505,4.803,94,Drama|Thriller,Movie
1719353,M4M 2,"80, 53",,te,6.1503,0,0,Crime|Thriller,Movie
845783,Baghead,27,28-12-2023,en,6.1488,6.471,528,Horror,Movie
8916,Antz,"16, 35, 10751",02-10-1998,en,6.1452,6.189,4762,Animation|Comedy|Family,Movie
242224,The Babadook,"18, 27",22-05-2014,en,6.1438,6.536,6447,Drama|Horror,Movie
1300968,The Hunger Games: Sunrise on the Reaping,"878, 28, 12",18-11-2026,en,6.1428,0,0,Science Fiction|Action|Adventure,Movie
11886,Robin Hood,"16, 10751, 12",08-11-1973,en,6.1422,7.31,4666,Animation|Family|Adventure,Movie
37703,Flirting Scholar,"18, 35, 10749",01-07-1993,zh,6.1371,7.5,199,Drama|Comedy|Romance,Movie
9539,Martyrs,"27, 18, 53",12-06-2008,fr,6.1358,7.301,3041,Horror|Drama|Thriller,Movie
10225,Jason Lives - Friday the 13th Part VI,"27, 53",01-08-1986,en,6.1352,6.264,1361,Horror|Thriller,Movie
522162,Midway,"28, 10752, 36",06-11-2019,en,6.1348,7.098,2736,Action|War|History,Movie
395,AVP: Alien vs. Predator,"12, 878, 28, 27",12-08-2004,en,6.1334,6,4994,Adventure|Science Fiction|Action|Horror,Movie
7214,Coach Carter,"18, 36",14-01-2005,en,6.1314,7.582,3317,Drama|History,Movie
1476292,Kalakal,"18, 10749",13-06-2025,tl,6.1309,6.2,8,Drama|Romance,Movie
1263421,Baki Hanma VS Kengan Ashura,"16, 28, 14",05-06-2024,ja,6.1285,7.658,396,Animation|Action|Fantasy,Movie
8095,Cleopatra,"18, 36, 10749",12-06-1963,en,6.1278,7.056,853,Drama|History|Romance,Movie
2698,Evan Almighty,"14, 35, 10751",09-06-2007,en,6.1264,5.587,4582,Fantasy|Comedy|Family,Movie
9598,Babe,"14, 18, 35, 10751",18-07-1995,en,6.1246,6.3,3138,Fantasy|Drama|Comedy|Family,Movie
1137350,The Phoenician Scheme,"35, 12, 80",23-05-2025,en,6.1229,6.498,941,Comedy|Adventure|Crime,Movie
42384,A Tale of Legendary Libido,"35, 14, 18",30-04-2008,ko,6.1201,5.724,49,Comedy|Fantasy|Drama,Movie
804370,Arco,"12, 16, 10751, 878",22-10-2025,fr,6.1188,7.588,233,Adventure|Animation|Family|Science Fiction,Movie
1659499,Nana,"18, 36",27-10-2027,fr,6.1179,0,0,Drama|History,Movie
26662,Detective Conan: The Phantom of Baker Street,"16, 9648, 878",20-04-2002,ja,6.1168,7.8,233,Animation|Mystery|Science Fiction,Movie
1194963,Noise,"27, 53",25-06-2025,ko,6.1157,6.787,87,Horror|Thriller,Movie
1339658,"Oh, Hi!","10749, 35, 53",25-07-2025,en,6.1156,6.294,177,Romance|Comedy|Thriller,Movie
460555,Operation Red Sea,"28, 53, 10752, 12",16-02-2018,zh,6.1124,7.4,436,Action|Thriller|War|Adventure,Movie
146,"Crouching Tiger, Hidden Dragon","12, 18, 28, 10749",06-07-2000,zh,6.1124,7.432,3598,Adventure|Drama|Action|Romance,Movie
339308,The Unscarred,53,01-06-2000,en,6.1112,5.8,9,Thriller,Movie
10775,Infernal Affairs,"18, 28, 53, 80, 9648",12-12-2002,cn,6.111,7.806,1878,Drama|Action|Thriller|Crime|Mystery,Movie
241251,The Boy Next Door,53,23-01-2015,en,6.1105,4.936,2123,Thriller,Movie
760873,The Colony,"878, 53",26-08-2021,de,6.1102,5.742,357,Science Fiction|Thriller,Movie
10719,Elf,"35, 10751, 14",07-11-2003,en,6.1098,6.7,4579,Comedy|Family|Fantasy,Movie
75674,Act of Valor,"28, 53, 10752",24-02-2012,en,6.099,6.548,1261,Action|Thriller|War,Movie
455839,Time Trap,"878, 12",19-05-2017,en,5.6408,6.3,1343,Science Fiction|Adventure,Movie
522518,A Dog's Journey,"10751, 12, 18",03-05-2019,en,5.6796,8.048,1628,Family|Adventure|Drama,Movie
340837,A Cure for Wellness,"27, 9648, 878",15-02-2017,en,5.751,6.349,4205,Horror|Mystery|Science Fiction,Movie
396373,Woman Walks Ahead,"18, 36, 37",28-06-2018,en,4.2373,6.734,203,Drama|History|Western,Movie
1131759,Omniscient Reader: The Prophecy,"28, 12, 14",23-07-2025,ko,5.601,7.082,98,Action|Adventure|Fantasy,Movie
3175,Barry Lyndon,"18, 10752, 36",18-12-1975,en,5.6193,7.994,3200,Drama|War|History,Movie
13345,A Chinese Odyssey Part One: Pandora's Box,"28, 12, 14, 35, 10749, 18",21-01-1995,cn,5.7954,7.5,311,Action|Adventure|Fantasy|Comedy|Romance|Drama,Movie
8741,The Thin Red Line,"18, 36, 10752",23-12-1998,en,5.8352,7.444,3326,Drama|History|War,Movie
747188,Asteroid City,"35, 18",08-06-2023,en,5.7041,6.452,2518,Comedy|Drama,Movie
1266798,Dog 51,"53, 878, 28",15-10-2025,fr,5.8483,6.116,316,Thriller|Science Fiction|Action,Movie
1395353,Gioia,18,12-02-2026,it,5.7653,6.524,21,Drama,Movie
3049,Ace Ventura: Pet Detective,"35, 80, 9648",04-02-1994,en,6.0799,6.582,6421,Comedy|Crime|Mystery,Movie
1318621,Descendants: Wicked Wonderland,"14, 10751, 10770",16-07-2026,en,6.0797,0,0,Fantasy|Family|TV Movie,Movie
37257,Witness for the Prosecution,"18, 9648, 80",17-12-1957,en,6.0791,8.204,1711,Drama|Mystery|Crime,Movie
1001428,Anatole Latuile,"35, 12, 10751",04-08-2027,fr,6.0768,0,0,Comedy|Adventure|Family,Movie
678512,Sound of Freedom,"28, 18",03-07-2023,en,6.0715,7.952,2771,Action|Drama,Movie
758323,The Pope's Exorcist,"27, 53",05-04-2023,en,6.071,6.922,3191,Horror|Thriller,Movie
539745,Animal Farm,"16, 35, 18, 10751, 878",30-04-2026,en,6.0701,6.462,79,Animation|Comedy|Drama|Family|Science Fiction,Movie
1127166,The Tearsmith,"10749, 18",03-04-2024,it,6.0683,6.495,977,Romance|Drama,Movie
1139087,Once Upon a Studio,"16, 10751, 14, 18, 35",24-09-2023,en,6.0666,8.264,435,Animation|Family|Fantasy|Drama|Comedy,Movie
1662414,Propeller One-Way Night Coach,"12, 18, 10751",15-05-2026,en,6.0652,6.671,38,Adventure|Drama|Family,Movie
219811,English Education,"35, 18",07-06-1983,fr,6.0639,4.8,16,Comedy|Drama,Movie
8920,Garfield,"35, 10751",10-06-2004,en,6.0614,5.733,4262,Comedy|Family,Movie
709,Licence to Kill,"12, 28, 53",13-06-1989,en,6.0606,6.4,2179,Adventure|Action|Thriller,Movie
11778,The Deer Hunter,"18, 10752",08-12-1978,en,6.0604,7.971,4267,Drama|War,Movie
488623,Forgotten,"53, 9648, 80",29-11-2017,ko,6.0579,7.885,1342,Thriller|Mystery|Crime,Movie
9342,The Mask of Zorro,"28, 12",16-07-1998,en,6.0571,6.585,4354,Action|Adventure,Movie
9378,Thir13en Ghosts,"27, 53",25-10-2001,en,6.0565,6.297,2389,Horror|Thriller,Movie
1498,Teenage Mutant Ninja Turtles,"878, 28, 12, 35, 10751",30-03-1990,en,6.0542,6.7,1972,Science Fiction|Action|Adventure|Comedy|Family,Movie
876792,That Time I Got Reincarnated as a Slime the Movie: Scarlet Bond,"16, 14, 12",25-11-2022,ja,6.0541,7.389,438,Animation|Fantasy|Adventure,Movie
9741,Unbreakable,"53, 18, 9648",22-11-2000,en,6.0536,7.144,9962,Thriller|Drama|Mystery,Movie
1051896,Arcadian,"28, 27, 53, 878",12-04-2024,en,6.0532,6.04,881,Action|Horror|Thriller|Science Fiction,Movie
614930,Teenage Mutant Ninja Turtles: Mutant Mayhem,"16, 35, 28, 878",31-07-2023,en,6.0523,7.221,1605,Animation|Comedy|Action|Science Fiction,Movie
51608,The Man from Nowhere,"28, 53, 80",04-08-2010,ko,6.0488,7.69,1498,Action|Thriller|Crime,Movie
1225335,bodybags,27,27-10-2028,en,6.0482,0,0,Horror,Movie
1461254,Salmokji: Whispering Water,"27, 53",08-04-2026,ko,6.0474,7,12,Horror|Thriller,Movie
4032,My Girl,"35, 18",27-11-1991,en,6.0464,7.418,2301,Comedy|Drama,Movie
1717755,Sol Summer,"18, 27",02-06-2026,en,6.0462,0,0,Drama|Horror,Movie
504253,I Want to Eat Your Pancreas,"16, 18, 10749",01-09-2018,ja,6.0455,8.228,1797,Animation|Drama|Romance,Movie
64686,47 Ronin,"18, 28, 14",06-12-2013,en,6.045,6.208,4163,Drama|Action|Fantasy,Movie
218746,Young Mother,"35, 10749",31-07-2013,ko,6.0446,5,20,Comedy|Romance,Movie
399035,The Commuter,"28, 53, 9648",11-01-2018,en,6.0407,6.4,4676,Action|Thriller|Mystery,Movie
458353,High Heel Homicide,"53, 27",20-06-2017,en,6.0387,5.278,36,Thriller|Horror,Movie
11528,The Sandlot,"10751, 35, 18",07-04-1993,en,6.0379,7.564,1335,Family|Comedy|Drama,Movie
619264,The Platform,"18, 878, 53",08-11-2019,es,6.0368,6.971,7849,Drama|Science Fiction|Thriller,Movie
1533564,Bloodrunner Zero 2,27,01-01-2018,en,6.0366,4,1,Horror,Movie
324558,X-Rated: The Greatest Adult Movies of All Time,99,06-02-2015,en,6.0361,6.403,196,Documentary,Movie
406563,Insidious: The Last Key,"27, 53",03-01-2018,en,6.036,6.259,3160,Horror|Thriller,Movie
196,Back to the Future Part III,"12, 35, 878",25-05-1990,en,6.0296,7.493,11576,Adventure|Comedy|Science Fiction,Movie
16871,Drag Me to Hell,"27, 53",27-05-2009,en,6.0289,6.484,4120,Horror|Thriller,Movie
556574,Hamilton,"36, 18",05-09-2025,en,6.0281,7.748,121,History|Drama,Movie
44912,Green Lantern,"12, 28, 878",14-06-2011,en,6.028,5.186,7683,Adventure|Action|Science Fiction,Movie
2207,16 Blocks,"28, 12, 80, 53",01-03-2006,en,6.028,6.459,2117,Action|Adventure|Crime|Thriller,Movie
6947,The Village,"18, 9648, 53",30-07-2004,en,6.0252,6.489,4612,Drama|Mystery|Thriller,Movie
1519363,BABYMETAL - Live at The O2 London,10402,21-07-2025,en,6.0251,9,1,Music,Movie
9348,Species,"878, 27, 28",07-07-1995,en,6.0247,5.988,1872,Science Fiction|Horror|Action,Movie
1223584,Aşk Filmi,"18, 10749",19-04-2024,tr,6.0225,0,0,Drama|Romance,Movie
1610418,The House on Haunted Grounds,27,09-01-2026,en,6.0224,6.42,24,Horror,Movie
27449,Baby Face,18,13-07-1933,en,6.0222,7.231,154,Drama,Movie
559969,El Camino: A Breaking Bad Movie,"80, 18, 53",11-10-2019,en,6.0206,7.047,5669,Crime|Drama|Thriller,Movie
403934,Vampire Kid II,"35, 10751, 14, 27",04-04-1988,zh,6.0203,5.8,2,Comedy|Family|Fantasy|Horror,Movie
1137047,West Sex Journey 2,10749,16-06-1998,zh,6.0175,5.6,17,Romance,Movie
201085,Crimson Peak,"27, 9648, 10749, 18",13-10-2015,en,6.0148,6.658,5268,Horror|Mystery|Romance|Drama,Movie
11679,xXx: State of the Union,"28, 12, 80, 53",27-04-2005,en,6.0146,5.091,2046,Action|Adventure|Crime|Thriller,Movie
9486,Johnny English,"12, 28, 35",14-03-2003,en,6.0143,6.302,3823,Adventure|Action|Comedy,Movie
7453,The Hitchhiker's Guide to the Galaxy,"12, 35, 878",28-04-2005,en,6.0136,6.687,4273,Adventure|Comedy|Science Fiction,Movie
1555951,Salikmata,"53, 27",22-10-2025,tl,6.0096,3.3,3,Thriller|Horror,Movie
509967,6 Underground,"28, 35, 53",10-12-2019,en,6.0057,6.331,5199,Action|Comedy|Thriller,Movie
400160,The SpongeBob Movie: Sponge on the Run,"12, 16, 35, 10751, 14",14-08-2020,en,6.005,7.395,2996,Adventure|Animation|Comedy|Family|Fantasy,Movie
1966,Alexander,"10752, 36, 28, 12, 18, 10749",21-11-2004,en,6.0049,5.954,3521,War|History|Action|Adventure|Drama|Romance,Movie
1100465,Breathe,"18, 10751",13-10-2021,zh,6.0044,0,0,Drama|Family,Movie
363173,Cleopatra's Tomb,27,1899-01-01,xx,6.0021,1.7,3,Horror,Movie
28339,Hard to Die,"28, 35, 53",09-10-1990,en,6.0017,6.1,68,Action|Comedy|Thriller,Movie
9354,"Honey, I Shrunk the Kids","12, 35, 10751, 878",23-06-1989,en,5.9981,6.325,3352,Adventure|Comedy|Family|Science Fiction,Movie
677638,We Bare Bears: The Movie,"16, 12, 10751, 35, 10770",30-06-2020,en,5.9979,7.825,859,Animation|Adventure|Family|Comedy|TV Movie,Movie
395991,Only the Brave,"18, 36",22-09-2017,en,5.997,7.5,1887,Drama|History,Movie
57212,War Horse,"10752, 36, 12, 18",25-12-2011,en,5.997,7.305,3701,War|History|Adventure|Drama,Movie
650,Boyz n the Hood,"80, 18",12-07-1991,en,5.9961,7.628,2272,Crime|Drama,Movie
1308821,First Taste,"10749, 18",07-07-2024,tl,5.9953,5.4,9,Romance|Drama,Movie
9714,Home Alone 3,"35, 10751",12-12-1997,en,5.9944,5.3,3294,Comedy|Family,Movie
508439,Onward,"12, 16, 35, 10751, 14",29-02-2020,en,5.9914,7.637,6598,Adventure|Animation|Comedy|Family|Fantasy,Movie
12113,Body of Lies,"28, 18, 53",09-10-2008,en,5.9908,6.631,3344,Action|Drama|Thriller,Movie
906126,Society of the Snow,"18, 36",15-12-2023,es,5.9899,7.973,3515,Drama|History,Movie
794,The Omen,"27, 53",25-06-1976,en,5.9894,7.412,2413,Horror|Thriller,Movie
428045,Iron Mask,"28, 12, 10751, 14",16-08-2019,ru,5.9889,6.088,553,Action|Adventure|Family|Fantasy,Movie
151960,Planes,"16, 10751, 12, 35",09-08-2013,en,5.988,5.933,1838,Animation|Family|Adventure|Comedy,Movie
11451,Herbie Fully Loaded,"35, 10751, 12, 14, 10749",19-06-2005,en,5.9873,5.831,2433,Comedy|Family|Adventure|Fantasy|Romance,Movie
1717931,TKM,"9648, 878",20-12-2025,it,5.987,0,0,Mystery|Science Fiction,Movie
123069,Swedish Wildcats,18,20-01-1972,en,5.9869,4.7,13,Drama,Movie
200727,"Love, Rosie","10749, 18, 35",16-10-2014,en,5.9841,7.811,6515,Romance|Drama|Comedy,Movie
20662,Robin Hood,"28, 12, 36, 18",12-05-2010,en,5.9827,6.398,5036,Action|Adventure|History|Drama,Movie
11397,Not Another Teen Movie,35,07-12-2001,en,5.982,5.819,2315,Comedy,Movie
274862,The Lego Ninjago Movie,"28, 12, 16, 35, 10751",21-09-2017,en,5.9819,6.5,1174,Action|Adventure|Animation|Comedy|Family,Movie
1255,The Host,"27, 18, 878",27-07-2006,ko,5.9811,6.975,3145,Horror|Drama|Science Fiction,Movie
695253,DDR - die entsorgte Republik,99,02-10-2019,de,5.9802,6,1,Documentary,Movie
1076364,Carl's Date,"16, 10751, 35, 10749",15-06-2023,en,5.9777,7.437,447,Animation|Family|Comedy|Romance,Movie
9772,Air Force One,"28, 53",25-07-1997,en,5.9776,6.469,3335,Action|Thriller,Movie
1719171,Le Corsaire,"10402, 10749, 18",09-07-2025,en,5.9734,0,0,Music|Romance|Drama,Movie
74308,Detachment,18,24-04-2011,en,5.9708,7.63,2020,Drama,Movie
9833,The Phantom of the Opera,"53, 18, 10749",08-12-2004,en,5.9661,7.267,1783,Thriller|Drama|Romance,Movie
9078,The Sword in the Stone,"16, 10751, 14",25-12-1963,en,5.9658,7.224,4113,Animation|Family|Fantasy,Movie
44943,Battle: Los Angeles,"878, 28",08-03-2011,en,5.965,5.817,3747,Science Fiction|Action,Movie
929,Godzilla,"878, 28, 53",20-05-1998,en,5.9648,5.651,4251,Science Fiction|Action|Thriller,Movie
1140521,The Magic Faraway Tree,"12, 10751, 14",26-03-2026,en,5.9615,6.24,48,Adventure|Family|Fantasy,Movie
197796,Beauty and the Beast,"14, 10749",12-02-2014,fr,5.9604,6.24,2175,Fantasy|Romance,Movie
11351,Jeepers Creepers 2,27,08-08-2003,en,5.9594,6.181,1825,Horror,Movie
143663,Lady Black Rose,"18, 27",01-04-1978,ja,5.9568,4.5,4,Drama|Horror,Movie
238615,Self/less,"878, 28, 53",10-07-2015,en,5.9561,6.4,3311,Science Fiction|Action|Thriller,Movie
17809,Fist of Legend,28,22-12-1994,zh,5.9537,7.5,615,Action,Movie
1287536,Dora and the Search for Sol Dorado,"10751, 35, 12",02-07-2025,en,5.9523,6.575,120,Family|Comedy|Adventure,Movie
13700,Home on the Range,"16, 10751",02-04-2004,en,5.9495,6.066,2173,Animation|Family,Movie
799710,The Wild,"28, 80",15-11-2023,ko,5.9445,5.2,25,Action|Crime,Movie
399404,Darkest Hour,"18, 36",22-11-2017,en,5.9433,7.356,5542,Drama|History,Movie
1072699,Inside Furioza,"28, 80, 53",14-10-2025,pl,5.9426,6.6,94,Action|Crime|Thriller,Movie
353491,The Dark Tower,"14, 28, 878",03-08-2017,en,5.9424,5.792,5547,Fantasy|Action|Science Fiction,Movie
4553,The Machinist,"53, 18",24-09-2004,en,5.9424,7.523,6184,Thriller|Drama,Movie
462183,Wild Awakening,"18, 10749, 53",23-10-2016,es,5.9417,5.3,22,Drama|Romance|Thriller,Movie
1719149,Prehistoria,"16, 14",,en,5.9416,0,0,Animation|Fantasy,Movie
77076,Dr. Goldfoot and the Girl Bombs,"878, 35",29-07-1966,it,5.9415,5.031,64,Science Fiction|Comedy,Movie
471506,Greta,"9648, 53, 18",28-02-2019,en,5.9405,6.554,1462,Mystery|Thriller|Drama,Movie
707610,Bosomy Mom,"18, 10749",06-05-2020,ko,5.9404,6.063,16,Drama|Romance,Movie
76617,Texas Chainsaw 3D,"27, 53",03-01-2013,en,5.9401,5.5,1827,Horror|Thriller,Movie
3114,The Searchers,37,16-05-1956,en,5.9401,7.689,1586,Western,Movie
17529,True Grit,37,11-06-1969,en,5.9391,7.336,864,Western,Movie
207768,I Spit on Your Grave 2,"53, 27, 80",25-08-2013,en,5.9383,6.287,1437,Thriller|Horror|Crime,Movie
663,Saw IV,"27, 53, 80",25-10-2007,en,5.9375,6.167,4127,Horror|Thriller|Crime,Movie
1552407,Drea & Cloe,"53, 18, 10749, 35",12-06-2026,es,5.9368,5.5,2,Thriller|Drama|Romance|Comedy,Movie
61012,Silent Hill: Revelation 3D,"53, 27, 9648",10-10-2012,en,5.9364,5.544,1882,Thriller|Horror|Mystery,Movie
