id,title,genre_ids,release_date,original_language,popularity,vote_average,vote_count,genres,content_type
124364,FROM,"9648, 18, 10765",2022-02-20,en,872.1045,8.509,3852,Mystery|Drama|Sci-Fi & Fantasy,TV Show
94997,House of the Dragon,"10765, 18, 10759",2022-08-21,en,592.0857,8.352,6391,Sci-Fi & Fantasy|Drama|Action & Adventure,TV Show
2734,Law & Order: Special Victims Unit,"80, 18, 9648",1999-09-20,en,303.802,7.949,4259,Crime|Drama|Mystery,TV Show
273240,Off Campus,18,2026-05-13,en,284.1439,8.982,588,Drama,TV Show
13805,A Girl's Guide to 21st Century Sex,99,2006-10-30,en,272.7378,5.2,18,Documentary,TV Show
82452,Avatar: The Last Airbender,"10759, 10765, 18, 10751",2024-02-22,en,268.102,7.813,1164,Action & Adventure|Sci-Fi & Fantasy|Drama|Family,TV Show
241002,Adam's Sweet Agony,16,2024-01-08,ja,265.819,6.611,36,Animation,TV Show
299167,Dutton Ranch,"37, 18",2026-05-15,en,251.4897,9.28,330,Western|Drama,TV Show
79744,The Rookie,"80, 18, 35",2018-10-16,en,240.9744,8.552,3344,Crime|Drama|Comedy,TV Show
276880,"Please Put Them On, Takamine-san","16, 35",2025-04-02,ja,234.8569,7.5,163,Animation|Comedy,TV Show
549,Law & Order,"80, 18",1990-09-13,en,233.0184,7.3,693,Crime|Drama,TV Show
284631,Raakh,"80, 18",2026-06-12,hi,232.1947,9.0,6,Crime|Drama,TV Show
1622,Supernatural,"18, 9648, 10765",2005-09-13,en,214.4927,8.31,8497,Drama|Mystery|Sci-Fi & Fantasy,TV Show
1416,Grey's Anatomy,18,2005-03-27,en,214.4167,8.2,10946,Drama,TV Show
4614,NCIS,"80, 18, 10759",2003-09-23,en,211.8489,7.618,2524,Crime|Drama|Action & Adventure,TV Show
5920,The Mentalist,"80, 18, 9648",2008-09-23,en,211.1891,8.4,4368,Crime|Drama|Mystery,TV Show
1399,Game of Thrones,"10765, 18, 10759",2011-04-17,en,210.8809,8.464,27125,Sci-Fi & Fantasy|Drama|Action & Adventure,TV Show
76479,The Boys,"10765, 10759",2019-07-25,en,209.935,8.449,13004,Sci-Fi & Fantasy|Action & Adventure,TV Show
286360,Notes from the Last Row,"9648, 18",2026-06-26,ko,204.5817,8.846,13,Mystery|Drama,TV Show
296206,Agent Kim Reactivated,"10759, 80, 18",2026-06-26,ko,203.0542,8.1,12,Action & Adventure|Crime|Drama,TV Show
288603,Never-Ending Summer,18,2026-06-16,zh,200.3002,9.0,2,Drama,TV Show
290138,Gram Chikitsalay,"35, 18",2025-05-09,hi,197.3383,6.25,12,Comedy|Drama,TV Show
276161,Teach You a Lesson,"10759, 18, 35",2026-06-05,ko,187.7986,9.491,534,Action & Adventure|Drama|Comedy,TV Show
456,The Simpsons,"10751, 16, 35",1989-12-17,en,184.1614,8.0,10842,Family|Animation|Comedy,TV Show
70998,Souryo to Majiwaru Shikiyoku no Yoru ni...,"16, 18",2017-04-03,ja,183.441,5.3,14,Animation|Drama,TV Show
1434,Family Guy,"16, 35",1999-01-31,en,181.7455,7.406,4990,Animation|Comedy,TV Show
4057,Criminal Minds,"80, 18, 9648",2005-09-22,en,181.5652,8.302,4102,Crime|Drama|Mystery,TV Show
45952,Hunter x Hunter,"10765, 10759, 16, 35, 18",1999-10-16,ja,174.4669,8.442,214,Sci-Fi & Fantasy|Action & Adventure|Animation|Comedy|Drama,TV Show
322430,The Polygamist,"18, 10766",2026-06-12,zu,167.563,8.576,59,Drama|Soap,TV Show
60625,Rick and Morty,"16, 35, 10765, 10759",2013-12-02,en,164.7633,8.678,11028,Animation|Comedy|Sci-Fi & Fantasy|Action & Adventure,TV Show
95897,Overflow,16,2020-01-06,ja,164.297,7.3,88,Animation,TV Show
65334,Miraculous: Tales of Ladybug & Cat Noir,"10759, 16, 10762",2015-10-19,fr,163.388,8.058,4609,Action & Adventure|Animation|Kids,TV Show
764,Midsomer Murders,"80, 18, 9648",1997-03-23,en,158.3244,7.5,357,Crime|Drama|Mystery,TV Show
278178,I Will Find You,"18, 9648, 80",2026-06-18,en,157.4947,8.314,161,Drama|Mystery|Crime,TV Show
232393,6 Lovers,"16, 35, 18",2021-02-27,ja,154.9241,8.3,3,Animation|Comedy|Drama,TV Show
1911,Bones,"80, 18",2005-09-13,en,150.3328,8.186,3514,Crime|Drama,TV Show
1408,House,18,2004-11-16,en,149.8852,8.566,7653,Drama,TV Show
1431,CSI: Crime Scene Investigation,"80, 18, 9648",2000-10-06,en,149.2834,7.6,1393,Crime|Drama|Mystery,TV Show
34307,Shameless,"18, 35",2011-01-09,en,144.0178,8.2,3367,Drama|Comedy,TV Show
502,Sesame Street,"10762, 35",1969-11-10,en,141.9914,7.13,284,Kids|Comedy,TV Show
73586,Yellowstone,"37, 18",2018-06-20,en,141.9332,8.268,3190,Western|Drama,TV Show
33238,Running Man,"35, 10764",2010-07-11,ko,141.3731,8.2,213,Comedy|Reality,TV Show
4604,Smallville,"10765, 10759, 18",2001-10-16,en,140.4286,8.191,4489,Sci-Fi & Fantasy|Action & Adventure|Drama,TV Show
71790,S.W.A.T.,"80, 10759, 18",2017-11-02,en,139.5078,8.04,1575,Crime|Action & Adventure|Drama,TV Show
46952,The Blacklist,"18, 80, 9648",2013-09-23,en,136.8048,7.633,3607,Drama|Crime|Mystery,TV Show
66732,Stranger Things,"10759, 9648, 10765",2016-07-15,en,136.3186,8.562,21371,Action & Adventure|Mystery|Sci-Fi & Fantasy,TV Show
233643,Secret Mission - Undercover Agents Never Back Down!,16,2023-10-02,ja,133.3513,6.1,25,Animation,TV Show
1412,Arrow,"80, 18, 10759",2012-10-10,en,132.9826,6.835,6360,Crime|Drama|Action & Adventure,TV Show
1433,American Dad!,"16, 35",2005-02-06,en,132.868,7.009,2383,Animation|Comedy,TV Show
63174,Lucifer,"80, 10765",2016-01-25,en,131.1702,8.433,15520,Crime|Sci-Fi & Fantasy,TV Show
2661,Kamen Rider,"10759, 10765, 18",1971-04-03,ja,127.5793,6.45,101,Action & Adventure|Sci-Fi & Fantasy|Drama,TV Show
37680,Suits,18,2011-06-23,en,127.4074,8.221,5758,Drama,TV Show
60735,The Flash,"18, 10765",2014-10-07,en,125.7456,7.758,11642,Drama|Sci-Fi & Fantasy,TV Show
95479,JUJUTSU KAISEN,"16, 10759, 10765",2020-10-03,ja,125.2726,8.6,4505,Animation|Action & Adventure|Sci-Fi & Fantasy,TV Show
136315,The Bear,"18, 35",2022-06-23,en,122.4647,8.14,1770,Drama|Comedy,TV Show
1668,Friends,35,1994-09-22,en,120.8637,8.418,9166,Comedy,TV Show
85552,Euphoria,18,2019-06-16,en,120.7757,8.285,10902,Drama,TV Show
315038,Resort,"35, 18",2026-03-13,ta,120.0196,0.0,0,Comedy|Drama,TV Show
22980,Watch What Happens Live with Andy Cohen,"10767, 35",2009-07-16,en,119.5217,5.0,87,Talk|Comedy,TV Show
317270,Minnale,"18, 10766",2018-08-06,ta,118.863,0.0,0,Drama|Soap,TV Show
1405,Dexter,"80, 18, 9648",2006-10-01,en,117.9085,8.2,5598,Crime|Drama|Mystery,TV Show
1421,Modern Family,35,2009-09-23,en,117.824,7.913,3390,Comedy,TV Show
223911,Renegade Immortal,"10759, 16, 18, 10765",2023-09-25,zh,117.7438,8.4,37,Action & Adventure|Animation|Drama|Sci-Fi & Fantasy,TV Show
2288,Prison Break,"10759, 80, 18",2005-08-29,en,114.2493,8.068,5985,Action & Adventure|Crime|Drama,TV Show
114477,Harem in the Labyrinth of Another World,"16, 10759, 10765",2022-07-06,ja,113.4891,7.3,156,Animation|Action & Adventure|Sci-Fi & Fantasy,TV Show
57243,Doctor Who,"10759, 18, 10765",2005-03-26,en,112.9697,7.609,3383,Action & Adventure|Drama|Sci-Fi & Fantasy,TV Show
322055,The Prosecutor's Proposal,"9648, 80, 18",2026-06-25,ko,112.8279,0.0,0,Mystery|Crime|Drama,TV Show
44217,Vikings,"10759, 18, 10768",2013-03-03,en,111.5202,8.095,7664,Action & Adventure|Drama|War & Politics,TV Show
194829,My One-Hit Kill Sister,"16, 35, 10759, 10765",2023-04-08,ja,111.1977,7.0,45,Animation|Comedy|Action & Adventure|Sci-Fi & Fantasy,TV Show
65733,Doraemon,"10759, 16, 35, 10765, 10762, 10751",2005-04-22,ja,107.2793,8.067,232,Action & Adventure|Animation|Comedy|Sci-Fi & Fantasy|Kids|Family,TV Show
100937,Crazy Over His Fingers: Just the Two of Us in a Salon After Closing,16,2020-04-06,ja,106.5677,6.4,19,Animation,TV Show
1402,The Walking Dead,"10759, 18, 10765",2010-10-31,en,106.4514,8.086,17912,Action & Adventure|Drama|Sci-Fi & Fantasy,TV Show
314402,"Crazy Love, Moo-Moo!",18,2026-05-09,th,106.1003,7.5,2,Drama,TV Show
113360,Jimihen!! Jimiko o Kae Chau Jun Isei Kouyuu,"16, 35",2021-01-03,ja,105.6971,6.4,25,Animation|Comedy,TV Show
57532,PAW Patrol,"16, 10762",2013-08-12,en,105.1153,7.0,812,Animation|Kids,TV Show
4629,Stargate SG-1,"10765, 10759",1997-07-27,en,104.0897,8.3,1832,Sci-Fi & Fantasy|Action & Adventure,TV Show
2224,The Daily Show,"10763, 35",1996-07-22,en,103.7441,6.405,641,News|Comedy,TV Show
1400,Seinfeld,35,1989-07-05,en,103.2733,8.3,2359,Comedy,TV Show
63770,The Late Show with Stephen Colbert,"35, 10767",2015-09-08,en,103.0653,6.093,356,Comedy|Talk,TV Show
32798,Hawaii Five-0,"80, 18, 10759",2010-09-20,en,102.8288,7.737,1866,Crime|Drama|Action & Adventure,TV Show
2316,The Office,35,2005-03-24,en,101.9983,8.588,5257,Comedy,TV Show
59941,The Tonight Show Starring Jimmy Fallon,"35, 10767",2014-02-17,en,101.0093,5.802,378,Comedy|Talk,TV Show
94664,Mushoku Tensei: Jobless Reincarnation,"10759, 16, 10765",2021-01-11,ja,100.6472,8.57,1498,Action & Adventure|Animation|Sci-Fi & Fantasy,TV Show
693,Desperate Housewives,"9648, 18, 35",2004-10-03,en,100.1127,7.897,2084,Mystery|Drama|Comedy,TV Show
1419,Castle,"18, 80",2009-03-09,en,100.0875,7.974,2105,Drama|Crime,TV Show
154770,Hello Saturday,10764,2022-01-01,zh,99.9688,6.4,10,Reality,TV Show
108978,Reacher,"10759, 18, 80",2022-02-03,en,99.9274,8.08,2898,Action & Adventure|Drama|Crime,TV Show
82728,Bluey,"16, 35, 10751, 10762",2018-10-01,en,99.7224,8.581,707,Animation|Comedy|Family|Kids,TV Show
94722,Tagesschau,10763,1952-12-26,de,99.6157,6.759,255,News,TV Show
98031,Keep Running,"35, 10764",2014-10-10,zh,99.4683,5.714,14,Comedy|Reality,TV Show
30984,Bleach,"10759, 16, 10765",2004-10-05,ja,98.6211,8.36,2157,Action & Adventure|Animation|Sci-Fi & Fantasy,TV Show
4607,Lost,"9648, 10759, 18",2004-09-22,en,97.7276,7.956,5107,Mystery|Action & Adventure|Drama,TV Show
46298,Hunter x Hunter,"16, 10759, 10765",2011-10-02,ja,97.4917,8.668,2120,Animation|Action & Adventure|Sci-Fi & Fantasy,TV Show
32692,Blue Bloods,"80, 18",2010-09-24,en,97.1482,7.8,1004,Crime|Drama,TV Show
80748,FBI,"80, 10759, 18",2018-09-25,en,96.1887,7.929,914,Crime|Action & Adventure|Drama,TV Show
74561,Who's the Murderer,"80, 9648, 10764",2016-03-27,zh,96.078,8.4,14,Crime|Mystery|Reality,TV Show
18165,The Vampire Diaries,"18, 10765",2009-09-10,en,95.977,8.302,9641,Drama|Sci-Fi & Fantasy,TV Show
65942,Re:ZERO -Starting Life in Another World-,"16, 10759, 10765, 18, 9648",2016-04-04,ja,95.7694,7.924,668,Animation|Action & Adventure|Sci-Fi & Fantasy|Drama|Mystery,TV Show
206559,Binnelanders,10766,2005-10-13,af,95.6578,5.532,111,Soap,TV Show
45140,Teen Titans Go!,"16, 10759, 35, 10751, 10765",2013-04-23,en,95.5222,6.441,706,Animation|Action & Adventure|Comedy|Family|Sci-Fi & Fantasy,TV Show
71712,The Good Doctor,18,2017-09-25,en,95.2943,8.456,12860,Drama,TV Show
1620,CSI: Miami,"18, 9648, 80",2002-09-23,en,94.9934,7.7,1712,Drama|Mystery|Crime,TV Show
60802,The Last Ship,"10759, 18, 10765",2014-06-22,en,94.6928,6.864,1032,Action & Adventure|Drama|Sci-Fi & Fantasy,TV Show
259231,Slay the Gods,"16, 10765",2024-07-31,zh,93.9565,8.3,16,Animation|Sci-Fi & Fantasy,TV Show
250596,My Wife Has No Emotion,"16, 10765, 18, 35",2024-07-02,ja,93.7982,6.45,20,Animation|Sci-Fi & Fantasy|Drama|Comedy,TV Show
61818,Late Night with Seth Meyers,"10767, 35",2014-02-25,en,93.7073,5.156,128,Talk|Comedy,TV Show
91239,Bridgerton,18,2020-12-25,en,93.622,8.062,3330,Drama,TV Show
226637,High Potential,"18, 80, 9648",2024-09-17,en,93.02,8.2,564,Drama|Crime|Mystery,TV Show
1398,The Sopranos,"80, 18",1999-01-10,en,92.6257,8.673,3508,Crime|Drama,TV Show
60574,Peaky Blinders,"18, 80",2013-09-12,en,92.1109,8.527,11167,Drama|Crime,TV Show
90388,Fire in His Fingertips,"35, 16",2019-07-08,ja,91.6215,6.905,21,Comedy|Animation,TV Show
97072,Charmsukh,18,2019-11-22,hi,91.6186,7.0,3,Drama,TV Show
71728,Young Sheldon,"35, 10751, 18",2017-09-25,en,91.0931,8.033,3004,Comedy|Family|Drama,TV Show
58841,Chicago P.D.,"80, 18",2014-01-08,en,91.0862,8.424,2595,Crime|Drama,TV Show
4656,Raw,10764,1993-01-11,en,91.0246,6.816,359,Reality,TV Show
1407,Homeland,"18, 10768, 80",2011-10-02,en,90.5873,7.583,2592,Drama|War & Politics|Crime,TV Show
2691,Two and a Half Men,35,2003-09-22,en,90.3787,7.457,3682,Comedy,TV Show
1695,Monk,"18, 35, 80, 9648",2002-07-12,en,89.7656,7.952,1263,Drama|Comedy|Crime|Mystery,TV Show
60059,Better Call Saul,"80, 18",2015-02-08,en,89.0114,8.706,6581,Crime|Drama,TV Show
1411,Person of Interest,"18, 10759, 80, 10765",2011-09-22,en,88.832,8.095,2065,Drama|Action & Adventure|Crime|Sci-Fi & Fantasy,TV Show
284725,Not Suitable for Work,35,2026-06-02,en,88.7451,5.722,36,Comedy,TV Show
253,Star Trek,"10765, 18",1966-09-08,en,87.9425,8.001,1500,Sci-Fi & Fantasy|Drama,TV Show
102823,Mastram,"18, 35",2020-04-30,hi,87.686,7.3,10,Drama|Comedy,TV Show
2261,The Tonight Show Starring Johnny Carson,10767,1962-10-01,en,87.5969,7.538,92,Talk,TV Show
75219,9-1-1,"18, 80, 10759",2018-01-03,en,87.3534,8.218,2795,Drama|Crime|Action & Adventure,TV Show
4419,Real Time with Bill Maher,"35, 10767",2003-02-21,en,86.7291,6.068,243,Comedy|Talk,TV Show
41956,Death in Paradise,"35, 80, 18, 9648",2011-10-25,en,84.7908,7.5,326,Comedy|Crime|Drama|Mystery,TV Show
1973,24,"10759, 18, 80",2001-11-06,en,84.6415,7.784,1795,Action & Adventure|Drama|Crime,TV Show
40663,AIBOU: Tokyo Detective Duo,"18, 80, 9648",2002-10-09,ja,84.1201,7.545,22,Drama|Crime|Mystery,TV Show
1966,Horizon,99,1964-02-04,en,83.3854,7.397,34,Documentary,TV Show
873,Columbo,"80, 18, 9648",1971-09-15,en,83.2368,8.077,827,Crime|Drama|Mystery,TV Show
1526,Brookside,"10766, 18",1982-11-02,en,82.9466,6.2,20,Soap|Drama,TV Show
209867,Frieren: Beyond Journey's End,"16, 10759, 18, 10765",2023-09-29,ja,82.8724,8.793,859,Animation|Action & Adventure|Drama|Sci-Fi & Fantasy,TV Show
31132,Regular Show,"16, 35, 10759, 10765",2010-09-06,en,82.602,8.635,2261,Animation|Comedy|Action & Adventure|Sci-Fi & Fantasy,TV Show
39351,Grimm,"18, 9648, 10765",2011-10-28,en,82.4568,8.271,3555,Drama|Mystery|Sci-Fi & Fantasy,TV Show
46296,Spartacus,18,2010-01-22,en,82.1833,8.028,2958,Drama,TV Show
1636,Top of the Pops,10764,1964-01-01,en,81.7556,6.651,43,Reality,TV Show
40,Dallas,"10766, 18, 10751",1978-04-02,en,81.6263,6.854,236,Soap|Drama|Family,TV Show
4601,Law & Order: Criminal Intent,18,2001-09-30,en,81.5442,7.6,377,Drama,TV Show
224,Match of the Day,"10767, 10763",1964-08-22,en,81.4572,7.6,50,Talk|News,TV Show
62245,Club Friday,"18, 10751, 35",2012-10-06,th,81.2251,5.0,1,Drama|Family|Comedy,TV Show
90,Mayday,"99, 18, 80",2003-09-03,en,80.6828,8.2,286,Documentary|Drama|Crime,TV Show
9873,The Sky at Night,"99, 10763",1957-04-24,en,80.6092,8.357,14,Documentary|News,TV Show
4087,The X-Files,"9648, 10765, 80",1993-09-10,en,80.4971,8.375,3600,Mystery|Sci-Fi & Fantasy|Crime,TV Show
31911,Fullmetal Alchemist: Brotherhood,"16, 10759, 10765, 18",2009-04-05,ja,79.7096,8.71,2486,Animation|Action & Adventure|Sci-Fi & Fantasy|Drama,TV Show
36,Medium,"80, 18, 9648, 10765",2005-01-03,en,79.6414,7.5,575,Crime|Drama|Mystery|Sci-Fi & Fantasy,TV Show
62688,Supergirl,"18, 10765, 10759",2015-10-26,en,79.5235,7.277,4395,Drama|Sci-Fi & Fantasy|Action & Adventure,TV Show
70620,Echappées Belles,99,2006-09-30,fr,79.5037,7.8,2,Documentary,TV Show
60572,Pokémon,"16, 10759, 10765",1997-04-01,ja,79.2152,7.987,2198,Animation|Action & Adventure|Sci-Fi & Fantasy,TV Show
46260,Naruto,"16, 10759, 10765",2002-10-03,ja,78.7482,8.364,6013,Animation|Action & Adventure|Sci-Fi & Fantasy,TV Show
3034,Scene of the Crime,"18, 80",1970-11-29,de,78.4821,6.2,123,Drama|Crime,TV Show
11890,"Goede Tijden, Slechte Tijden",10766,1990-10-01,nl,78.4722,5.3,21,Soap,TV Show
200709,Weak Hero,"10759, 18",2022-11-18,ko,78.3133,8.7,468,Action & Adventure|Drama,TV Show
311858,Prisoner,"80, 10759",2026-04-30,en,77.6983,5.455,22,Crime|Action & Adventure,TV Show
70672,Men on a Mission,"10764, 35",2015-12-05,ko,77.6455,7.5,41,Reality|Comedy,TV Show
14944,Robert Montgomery Presents,18,1950-01-30,en,77.3653,6.0,8,Drama,TV Show
1413,American Horror Story,"18, 9648, 10765",2011-10-05,en,77.0768,8.079,6071,Drama|Mystery|Sci-Fi & Fantasy,TV Show
1981,Charmed,"35, 18, 9648, 10765",1998-10-07,en,76.7583,8.166,2525,Comedy|Drama|Mystery|Sci-Fi & Fantasy,TV Show
250307,The Pitt,18,2025-01-09,en,76.6003,8.737,807,Drama,TV Show
85077,The Chosen,"10759, 10751, 18",2019-04-21,en,76.5471,8.75,903,Action & Adventure|Family|Drama,TV Show
3022,Rugrats,"10751, 16, 10762, 35",1991-08-11,en,76.0969,7.621,758,Family|Animation|Kids|Comedy,TV Show
4177,Perry Mason,"9648, 18, 80",1957-09-21,en,75.8041,7.7,136,Mystery|Drama|Crime,TV Show
3562,NOVA,99,1974-03-03,en,75.7667,7.0,139,Documentary,TV Show
60622,Fargo,"80, 18",2014-04-15,en,75.7125,8.3,3283,Crime|Drama,TV Show
2122,King of the Hill,"16, 35, 10751",1997-01-12,en,75.3909,7.4,673,Animation|Comedy|Family,TV Show
96648,Sweet Home,"10765, 10759",2020-12-18,ko,75.2892,8.229,1575,Sci-Fi & Fantasy|Action & Adventure,TV Show
74823,The Pit,"80, 10759, 18",2017-10-23,tr,75.2829,7.6,86,Crime|Action & Adventure|Drama,TV Show
212568,Fufu Kokan: Modorenai Yoru,16,2023-07-03,ja,75.1999,7.6,9,Animation,TV Show
211288,Tracker,"18, 80",2024-02-11,en,74.698,7.536,290,Drama|Crime,TV Show
112732,HaHaHaHaHa,10764,2020-11-06,zh,74.2854,7.0,7,Reality,TV Show
1435,The Good Wife,18,2009-09-22,en,73.7947,7.596,672,Drama,TV Show
1415,Elementary,"18, 9648, 80",2012-09-27,en,73.6339,7.635,1841,Drama|Mystery|Crime,TV Show
228091,HK 80's,"35, 18, 10751",1981-06-08,cn,73.5939,0.0,0,Comedy|Drama|Family,TV Show
13859,The Rifleman,"10759, 37, 10751",1958-09-30,en,73.2698,7.1,51,Action & Adventure|Western|Family,TV Show
17610,NCIS: Los Angeles,"10759, 18, 80, 9648",2009-09-22,en,73.2569,7.5,1241,Action & Adventure|Drama|Crime|Mystery,TV Show
34524,Teen Wolf,"10765, 18, 35",2011-06-05,en,72.9549,8.45,4727,Sci-Fi & Fantasy|Drama|Comedy,TV Show
82873,The Kelly Clarkson Show,10767,2019-09-09,en,72.6607,6.4,70,Talk,TV Show
269,One Tree Hill,18,2003-09-23,en,72.5364,7.807,597,Drama,TV Show
1428,MythBusters,99,2003-01-23,en,72.511,7.827,631,Documentary,TV Show
655,Star Trek: The Next Generation,"10765, 10759, 18, 9648",1987-09-28,en,72.2696,8.373,1775,Sci-Fi & Fantasy|Action & Adventure|Drama|Mystery,TV Show
48866,The 100,"10765, 10759, 18, 80",2014-03-19,en,72.2325,7.88,8665,Sci-Fi & Fantasy|Action & Adventure|Drama|Crime,TV Show
289763,See You at Work Tomorrow!,"35, 18",2026-06-22,ko,72.1268,8.5,11,Comedy|Drama,TV Show
69478,The Handmaid's Tale,"18, 10765, 10759",2017-04-26,en,72.0115,8.154,3280,Drama|Sci-Fi & Fantasy|Action & Adventure,TV Show
296285,Oasis,"80, 9648, 18",2026-06-19,es,71.7359,6.528,18,Crime|Mystery|Drama,TV Show
84105,Mirzapur,"80, 10759, 18",2018-11-15,hi,71.5838,8.016,189,Crime|Action & Adventure|Drama,TV Show
81044,Joshiochi! 2-kai kara Onnanoko ga... Futtekita!?,16,2018-07-02,ja,71.3723,7.3,26,Animation,TV Show
62650,Chicago Med,18,2015-11-17,en,71.13,8.265,1255,Drama,TV Show
78191,You,"9648, 80, 18",2018-09-09,en,71.0079,8.005,3963,Mystery|Crime|Drama,TV Show
790,Agatha Christie's Poirot,"80, 18, 9648",1989-01-08,en,70.8574,8.184,552,Crime|Drama|Mystery,TV Show
45790,JoJo's Bizarre Adventure,"16, 10759, 10765",2012-10-06,ja,70.7312,8.561,1607,Animation|Action & Adventure|Sci-Fi & Fantasy,TV Show
12971,Dragon Ball Z,"16, 10765, 10759",1989-04-26,ja,70.5751,8.37,4899,Animation|Sci-Fi & Fantasy|Action & Adventure,TV Show
107447,Wanna Be Happy?,"18, 35",2021-05-19,ru,70.501,7.2,8,Drama|Comedy,TV Show
72879,Tomorrow Is Ours,"80, 18, 10766",2017-07-17,fr,70.44,6.4,71,Crime|Drama|Soap,TV Show
31910,Naruto Shippūden,"16, 10759, 10765",2007-02-15,ja,69.9627,8.533,8677,Animation|Action & Adventure|Sci-Fi & Fantasy,TV Show
1409,Sons of Anarchy,"80, 18",2008-09-03,en,69.8695,8.414,3280,Crime|Drama,TV Show
45247,Chihayafuru,"16, 18",2011-10-05,ja,69.7258,7.6,66,Animation|Drama,TV Show
4586,Gilmore Girls,"35, 18",2000-10-05,en,69.4473,7.9,1257,Comedy|Drama,TV Show
220542,The Apothecary Diaries,"16, 18, 9648",2023-10-22,ja,68.5841,8.604,582,Animation|Drama|Mystery,TV Show
12225,Peppa Pig,"16, 10762",2004-05-31,en,68.4012,6.6,749,Animation|Kids,TV Show
95557,INVINCIBLE,"16, 18, 10765, 10759",2021-03-25,en,68.3218,8.637,5888,Animation|Drama|Sci-Fi & Fantasy|Action & Adventure,TV Show
219971,The Agency,"18, 9648",2024-12-01,en,68.2111,7.082,232,Drama|Mystery,TV Show
1021,Casualty,"18, 10766",1986-09-06,en,67.7227,6.2,88,Drama|Soap,TV Show
15260,Adventure Time,"16, 35, 10765",2010-04-05,en,67.475,8.5,3140,Animation|Comedy|Sci-Fi & Fantasy,TV Show
93405,Squid Game,"10759, 9648, 18",2021-09-17,ko,66.722,7.856,17491,Action & Adventure|Mystery|Drama,TV Show
2190,South Park,"16, 35",1997-08-13,en,66.5403,8.34,5029,Animation|Comedy,TV Show
1100,How I Met Your Mother,35,2005-09-19,en,66.488,8.129,5753,Comedy,TV Show
60585,Bosch,"9648, 18, 80",2015-01-14,en,66.2122,7.919,725,Mystery|Drama|Crime,TV Show
76669,Elite,"80, 9648, 18",2018-10-05,es,66.1584,8.004,9384,Crime|Mystery|Drama,TV Show
1667,Saturday Night Live,"35, 10763",1975-10-11,en,66.0608,6.919,505,Comedy|News,TV Show
291,Coronation Street,10766,1960-12-09,en,65.929,5.3,117,Soap,TV Show
194,NYPD Blue,18,1993-09-21,en,65.8445,7.052,174,Drama,TV Show
303084,Deep In,18,2026-06-26,zh,65.7853,9.0,1,Drama,TV Show
615,Futurama,"16, 35, 10765",1999-03-28,en,65.6612,8.4,3765,Animation|Comedy|Sci-Fi & Fantasy,TV Show
1447,Psych,"18, 35, 80",2006-07-07,en,65.4941,7.89,995,Drama|Comedy|Crime,TV Show
82856,The Mandalorian,"10765, 10759",2019-11-12,en,65.4219,8.409,11009,Sci-Fi & Fantasy|Action & Adventure,TV Show
283123,Eshref Ruya,"18, 10759, 80",2025-03-19,tr,65.3891,7.1,40,Drama|Action & Adventure|Crime,TV Show
48891,Brooklyn Nine-Nine,"35, 80",2013-09-17,en,65.2918,8.21,4001,Comedy|Crime,TV Show
5092,Infinite Challenge,"10764, 35",2005-04-23,ko,65.1936,7.7,20,Reality|Comedy,TV Show
1403,Marvel's Agents of S.H.I.E.L.D.,"18, 10765, 10759",2013-09-24,en,65.133,7.479,3811,Drama|Sci-Fi & Fantasy|Action & Adventure,TV Show
287695,无法抗拒的你,"10766, 18",2025-01-11,zh,65.0942,10.0,1,Soap|Drama,TV Show
42009,Black Mirror,"10765, 18, 9648",2011-12-04,en,65.061,8.288,6257,Sci-Fi & Fantasy|Drama|Mystery,TV Show
1104,Mad Men,18,2007-07-19,en,64.9831,8.117,1520,Drama,TV Show
41727,Banshee,"80, 18",2013-01-11,en,64.8779,7.978,1402,Crime|Drama,TV Show
125988,Silo,"10765, 18",2023-05-04,en,64.7131,8.164,2122,Sci-Fi & Fantasy|Drama,TV Show
1395,Gossip Girl,18,2007-09-19,en,64.6905,8.157,2311,Drama,TV Show
4376,JAG,"18, 10759, 80",1995-09-23,en,64.4001,7.289,391,Drama|Action & Adventure|Crime,TV Show
4630,The Fairly OddParents,"16, 35, 10765, 10762",2001-03-30,en,64.2922,7.575,1113,Animation|Comedy|Sci-Fi & Fantasy|Kids,TV Show
32415,Conan,"10767, 35, 10763",2010-11-08,en,64.1983,7.153,255,Talk|Comedy|News,TV Show
30983,Detective Conan,"16, 80, 9648, 35",1996-01-08,ja,64.1629,8.01,762,Animation|Crime|Mystery|Comedy,TV Show
106449,A Record of a Mortal's Journey to Immortality,"16, 10759, 10765",2020-07-25,zh,64.1194,8.4,81,Animation|Action & Adventure|Sci-Fi & Fantasy,TV Show
50821,Among Friends,"18, 10751",1998-10-26,hu,64.1091,3.775,20,Drama|Family,TV Show
688,The West Wing,18,1999-09-22,en,63.8609,8.3,581,Drama,TV Show
1220,The Graham Norton Show,"35, 10767",2007-02-22,en,63.8164,7.214,280,Comedy|Talk,TV Show
233756,Devil's Kiss,18,1993-07-07,ja,63.6293,0.0,0,Drama,TV Show
220102,Spider-Noir,"18, 9648, 80",2026-05-25,en,63.4708,8.512,618,Drama|Mystery|Crime,TV Show
4588,ER,18,1994-09-19,en,63.4157,7.834,931,Drama,TV Show
1516,The A-Team,"10759, 35, 80",1983-01-23,en,63.333,7.492,1073,Action & Adventure|Comedy|Crime,TV Show
30981,Monster,"16, 18, 9648, 80",2004-04-07,ja,63.1143,8.521,789,Animation|Drama|Mystery|Crime,TV Show
1871,EastEnders,"10766, 18, 80",1985-02-19,en,62.9741,4.2,228,Soap|Drama|Crime,TV Show
14424,Young Hearts,"10766, 35, 18",1995-04-24,pt,62.5769,6.2,36,Soap|Comedy|Drama,TV Show
1877,Phineas and Ferb,"16, 35, 10751, 10765",2007-08-17,en,62.4313,7.9,1027,Animation|Comedy|Family|Sci-Fi & Fantasy,TV Show
87917,For All Mankind,"18, 10765, 10768",2019-11-01,en,62.4086,7.748,959,Drama|Sci-Fi & Fantasy|War & Politics,TV Show
74428,Rosario Tijeras (Mexico),"18, 80",2016-10-30,es,62.2978,7.796,2009,Drama|Crime,TV Show
3452,Frasier,"35, 10751",1993-09-16,en,62.2804,7.7,889,Comedy|Family,TV Show
2593,Without a Trace,"80, 9648, 10759, 18",2002-09-26,en,62.2594,7.242,277,Crime|Mystery|Action & Adventure|Drama,TV Show
2673,The O.C.,18,2003-08-05,en,62.0464,7.723,940,Drama,TV Show
4546,Curb Your Enthusiasm,35,2000-10-15,en,61.9309,8.0,934,Comedy,TV Show
32726,Bob's Burgers,"16, 35",2011-01-09,en,61.6736,7.841,1094,Animation|Comedy,TV Show
498,Late Show with David Letterman,"10767, 35",1993-08-30,en,61.6202,6.417,169,Talk|Comedy,TV Show
40424,Initial D,"16, 10759, 18",1998-04-18,ja,61.6188,8.0,132,Animation|Action & Adventure|Drama,TV Show
194766,The Summer I Turned Pretty,18,2022-06-16,en,61.5537,8.086,1087,Drama,TV Show
37472,Octonauts,"16, 10762",2010-10-05,en,61.155,7.158,57,Animation|Kids,TV Show
63639,The Expanse,"18, 9648, 10765",2015-12-14,en,61.0871,8.065,2836,Drama|Mystery|Sci-Fi & Fantasy,TV Show
1705,Fringe,"10765, 18, 9648",2008-09-09,en,60.9814,8.127,2812,Sci-Fi & Fantasy|Drama|Mystery,TV Show
1950,Everwood,"18, 10751",2002-09-16,en,60.9155,7.583,223,Drama|Family,TV Show
101172,Swallowed Star,"16, 10765, 10759",2020-11-29,zh,60.6481,8.5,33,Animation|Sci-Fi & Fantasy|Action & Adventure,TV Show
257161,Amazing Night,"10764, 35",2024-06-28,zh,60.3604,5.714,7,Reality|Comedy,TV Show
290856,Marshals,"18, 80, 10759",2026-03-01,en,60.2781,7.953,297,Drama|Crime|Action & Adventure,TV Show
66025,Animal Kingdom,"80, 18",2016-06-14,en,60.1767,7.766,546,Crime|Drama,TV Show
127529,Bloodhounds,"18, 10759, 80",2023-06-09,ko,60.0824,8.5,731,Drama|Action & Adventure|Crime,TV Show
95603,Kuruluş Osman,"10768, 10759, 18",2019-11-20,tr,59.853,7.917,303,War & Politics|Action & Adventure|Drama,TV Show
1823,The Love Boat,"18, 35",1977-09-24,en,59.5557,6.293,191,Drama|Comedy,TV Show
51049,Spørg Charlie,10767,2006-01-26,da,59.4611,0.0,0,Talk,TV Show
1422,The Middle,35,2009-09-30,en,59.3946,7.57,744,Comedy,TV Show
63247,Westworld,"10765, 37",2016-10-02,en,59.1401,8.0,6208,Sci-Fi & Fantasy|Western,TV Show
45950,High School DxD,"16, 10759, 35, 10765",2012-01-06,ja,58.815,8.51,2044,Animation|Action & Adventure|Comedy|Sci-Fi & Fantasy,TV Show
220118,Sazanami Soushi ni Junketsu wo Sasagu,16,2023-04-03,ja,58.6834,7.5,6,Animation,TV Show
72517,Classroom of the Elite,"16, 18, 9648",2017-07-12,ja,58.6786,8.427,824,Animation|Drama|Mystery,TV Show
57706,Ranma ½,"35, 10759, 16, 10765",1989-04-15,ja,58.6556,8.616,1520,Comedy|Action & Adventure|Animation|Sci-Fi & Fantasy,TV Show
1450,The Closer,"80, 18, 9648",2005-06-13,en,58.1595,7.849,340,Crime|Drama|Mystery,TV Show
1606,Ghost Whisperer,"10765, 9648, 18",2005-09-23,en,58.12,8.1,1872,Sci-Fi & Fantasy|Mystery|Drama,TV Show
45789,Storm of Love,"18, 10766",2005-09-26,de,58.0228,6.0,39,Drama|Soap,TV Show
953,Maverick,"35, 37",1957-09-22,en,57.915,6.94,42,Comedy|Western,TV Show
33217,Young Justice,"16, 10765, 10759",2010-11-26,en,57.6835,8.393,1223,Animation|Sci-Fi & Fantasy|Action & Adventure,TV Show
73833,The Ancient Magus' Bride,"16, 18, 10765",2017-10-08,ja,57.6699,8.358,434,Animation|Drama|Sci-Fi & Fantasy,TV Show
73375,Tom Clancy's Jack Ryan,"10759, 18",2018-08-30,en,57.6484,7.679,1808,Action & Adventure|Drama,TV Show
127532,Solo Leveling,"16, 10759, 10765",2024-01-07,ja,57.4792,8.671,1812,Animation|Action & Adventure|Sci-Fi & Fantasy,TV Show
157879,"3 Seconds Later, He Turned into a Beast","16, 35",2022-04-04,ja,57.2316,5.8,14,Animation|Comedy,TV Show
2458,CSI: NY,"80, 18, 9648",2004-09-22,en,57.2266,7.3,757,Crime|Drama|Mystery,TV Show
37678,The Voice,10764,2011-04-26,en,57.1824,5.9,221,Reality,TV Show
270476,Widow's Bay,"18, 35, 9648",2026-04-28,en,57.1773,8.239,234,Drama|Comedy|Mystery,TV Show
217772,GG Bond,"16, 10762, 10765, 10759",2006-07-01,zh,57.1053,8.333,9,Animation|Kids|Sci-Fi & Fantasy|Action & Adventure,TV Show
111803,The White Lotus,"35, 18, 9648",2021-07-11,en,57.0948,7.598,1438,Comedy|Drama|Mystery,TV Show
71789,SEAL Team,"10759, 18, 10768",2017-09-27,en,56.9761,8.0,1630,Action & Adventure|Drama|War & Politics,TV Show
38693,Ninjago: Masters of Spinjitzu,"16, 10759, 10765, 35, 10751",2012-01-11,en,56.882,8.0,777,Animation|Action & Adventure|Sci-Fi & Fantasy|Comedy|Family,TV Show
106,The Andy Griffith Show,"35, 10751",1960-10-03,en,56.8346,7.636,169,Comedy|Family,TV Show
2813,Mannix,"10759, 80, 9648, 18",1967-09-16,en,56.8111,6.759,54,Action & Adventure|Crime|Mystery|Drama,TV Show
220150,Pokémon Horizons,"16, 10759, 10765, 10762",2023-04-14,ja,56.7532,8.7,109,Animation|Action & Adventure|Sci-Fi & Fantasy|Kids,TV Show
245842,Wistoria: Wand and Sword,"16, 10759, 10765",2024-07-07,ja,56.7248,8.0,129,Animation|Action & Adventure|Sci-Fi & Fantasy,TV Show
1417,Glee,"35, 18",2009-05-19,en,56.6007,6.78,947,Comedy|Drama,TV Show
60761,Ace of the Diamond,16,2013-10-06,ja,56.4637,7.9,73,Animation,TV Show
4239,Married... with Children,35,1987-04-05,en,56.4525,7.741,1213,Comedy,TV Show
5368,Lassie,"10759, 18, 10751, 35",1954-09-12,en,56.296,6.236,70,Action & Adventure|Drama|Family|Comedy,TV Show
141,Cheers,35,1982-09-30,en,56.1473,7.558,677,Comedy,TV Show
2025,"Beverly Hills, 90210",18,1990-10-04,en,56.1103,7.315,818,Drama,TV Show
484,"Murder, She Wrote","9648, 80, 18",1984-09-30,en,55.7939,7.5,448,Mystery|Crime|Drama,TV Show
1508,Dancing with the Stars,"10764, 10751",2005-06-01,en,55.5276,6.122,131,Reality|Family,TV Show
2406,Crossing Jordan,18,2001-09-24,en,55.4216,7.188,162,Drama,TV Show
10160,Big Brother,10764,2000-07-05,en,55.3807,4.89,263,Reality,TV Show
60708,Gotham,"18, 80, 10765",2014-09-22,en,55.3266,7.6,3711,Drama|Crime|Sci-Fi & Fantasy,TV Show
5371,iCarly,"35, 10751, 18",2007-09-08,en,55.2684,7.956,1553,Comedy|Family|Drama,TV Show
78501,Sweet Punishment: I'm the Guard's Personal Pet,16,2018-04-02,ja,55.2578,7.214,14,Animation,TV Show
119051,Wednesday,"10765, 9648, 35",2022-11-23,en,55.138,8.344,10596,Sci-Fi & Fantasy|Mystery|Comedy,TV Show
236338,Gushing Over Magical Girls,"16, 10765, 35",2024-01-03,ja,55.0304,8.216,109,Animation|Sci-Fi & Fantasy|Comedy,TV Show
95480,Slow Horses,"80, 18, 35",2022-04-01,en,54.8362,8.005,869,Crime|Drama|Comedy,TV Show
69050,Riverdale,"80, 18, 9648",2017-01-26,en,54.7214,8.406,13733,Crime|Drama|Mystery,TV Show
90966,Gullak,"35, 18, 10751",2019-06-27,hi,54.7115,7.8,47,Comedy|Drama|Family,TV Show
210865,Yalı Çapkını,"10751, 18",2022-09-23,tr,54.6761,8.341,123,Family|Drama,TV Show
153312,Tulsa King,"80, 18",2022-11-13,en,54.5889,8.295,2662,Crime|Drama,TV Show
39185,Vera,"80, 18, 9648",2011-05-01,en,54.4702,7.394,174,Crime|Drama|Mystery,TV Show
240407,Sidemen,"35, 99, 10764",2016-05-15,en,54.451,9.0,1,Comedy|Documentary|Reality,TV Show
13945,"Gute Zeiten, schlechte Zeiten","18, 10766",1992-05-11,de,54.345,5.458,48,Drama|Soap,TV Show
71912,The Witcher,"18, 10759",2019-12-20,en,54.3275,7.907,6734,Drama|Action & Adventure,TV Show
81356,Sex Education,"35, 18",2019-01-11,en,54.3041,8.203,7871,Comedy|Drama,TV Show
46648,True Detective,"18, 9648",2014-01-12,en,54.2518,8.293,4180,Drama|Mystery,TV Show
17887,7de Laan,10766,2000-04-04,af,54.1951,8.333,3,Soap,TV Show
46188,Vivement dimanche,10767,1998-09-20,fr,54.1201,3.625,8,Talk,TV Show
10536,The Mike Douglas Show,"35, 10767",1961-12-11,en,53.7776,5.8,9,Comedy|Talk,TV Show
91820,Couples Therapy,99,2019-09-06,en,53.7081,7.3,19,Documentary,TV Show
260592,Every Year After,18,2026-06-10,en,53.5695,8.3,56,Drama,TV Show
118588,Seduced by My Best Friend,"16, 35",2021-04-05,ja,53.5549,6.4,26,Animation|Comedy,TV Show
203906,High (School) On Sex,"35, 18",2022-06-05,tl,53.5254,6.327,26,Comedy|Drama,TV Show
1215,Californication,"35, 18",2007-08-13,en,53.4856,7.638,1316,Comedy|Drama,TV Show
126398,Wonderland,10764,2021-05-23,zh,53.3616,6.75,6,Reality,TV Show
121,Doctor Who,"18, 10759, 10765",1963-11-23,en,53.2645,7.907,701,Drama|Action & Adventure|Sci-Fi & Fantasy,TV Show
1438,The Wire,"80, 18",2002-06-02,en,53.048,8.631,2711,Crime|Drama,TV Show
39269,Scandal,18,2012-04-05,en,52.8976,7.2,610,Drama,TV Show
261145,The Amazing Digital Circus,"16, 35, 18, 10765",2023-10-13,en,52.8514,8.666,328,Animation|Comedy|Drama|Sci-Fi & Fantasy,TV Show
62852,Billions,18,2016-01-17,en,52.8352,7.753,1036,Drama,TV Show
2352,The Nanny,"35, 10751",1993-11-03,en,52.8171,8.078,1301,Comedy|Family,TV Show
39272,Once Upon a Time,"18, 10765",2011-10-23,en,52.7565,7.397,2483,Drama|Sci-Fi & Fantasy,TV Show
2875,MacGyver,"18, 10759, 80",1985-09-29,en,52.7033,7.712,925,Drama|Action & Adventure|Crime,TV Show
110492,Peacemaker,"10759, 10765, 35",2022-01-13,en,52.686,8.194,3416,Action & Adventure|Sci-Fi & Fantasy|Comedy,TV Show
65494,The Crown,18,2016-11-04,en,52.5829,8.186,2353,Drama,TV Show
30801,2 Days and 1 Night,"35, 10764",2007-08-05,ko,52.4973,7.1,29,Comedy|Reality,TV Show
1685,Project Runway,10764,2004-12-01,en,52.433,6.289,109,Reality,TV Show
262838,India's Got Latent,"10764, 35",2024-06-14,hi,52.2713,8.75,8,Reality|Comedy,TV Show
71932,AVN Awards,10764,,en,52.2516,5.852,27,Reality,TV Show
72071,The Chi,18,2018-01-07,en,52.2127,7.868,216,Drama,TV Show
113962,Lioness,"18, 10768",2023-07-23,en,52.1298,7.991,1210,Drama|War & Politics,TV Show
14658,Survivor,10764,2000-05-31,en,51.9751,7.285,434,Reality,TV Show
79481,Fights Break Sphere,"16, 10759, 10765",2017-01-07,zh,51.9446,8.0,59,Animation|Action & Adventure|Sci-Fi & Fantasy,TV Show
46195,Monogatari,"16, 35, 18, 9648",2009-07-03,ja,51.8213,8.1,522,Animation|Comedy|Drama|Mystery,TV Show
95057,Superman & Lois,"18, 10765",2021-02-23,en,51.8185,8.061,2705,Drama|Sci-Fi & Fantasy,TV Show
1018,Bonanza,"37, 10759, 18, 10751",1959-09-12,en,51.7793,7.521,480,Western|Action & Adventure|Drama|Family,TV Show
1908,Miami Vice,"80, 18",1984-09-16,en,51.6948,7.452,511,Crime|Drama,TV Show
78648,Amazing Saturday,"35, 10764",2018-04-07,ko,51.6315,7.6,10,Comedy|Reality,TV Show
32895,Rizzoli & Isles,"80, 18, 9648, 35",2010-07-12,en,51.3971,7.888,487,Crime|Drama|Mystery|Comedy,TV Show
67075,Mob Psycho 100,"16, 10759, 35, 10765",2016-07-12,ja,51.3916,8.5,1317,Animation|Action & Adventure|Comedy|Sci-Fi & Fantasy,TV Show
607,The Powerpuff Girls,"10759, 16, 35, 10762, 10751",1998-11-18,en,51.2809,7.504,1009,Action & Adventure|Animation|Comedy|Kids|Family,TV Show
95,Buffy the Vampire Slayer,"35, 18, 10765",1997-03-10,en,51.2628,8.109,1997,Comedy|Drama|Sci-Fi & Fantasy,TV Show
2004,Malcolm in the Middle,35,2000-01-09,en,51.2138,8.469,4883,Comedy,TV Show
8514,RuPaul's Drag Race,10764,2009-02-02,en,51.0385,7.475,282,Reality,TV Show
65701,Good Mythical Morning,35,2012-01-09,en,50.9818,6.922,90,Comedy,TV Show
13654,Play for Today,18,1970-10-15,en,50.7555,6.6,10,Drama,TV Show
14610,Secret Lives,"10766, 18",1999-01-25,fi,50.5588,4.217,23,Soap|Drama,TV Show
36978,Badass,10764,,en,50.3132,3.0,3,Reality,TV Show
63333,The Last Kingdom,"10759, 18, 10768",2015-10-10,en,50.2018,8.26,1974,Action & Adventure|Drama|War & Politics,TV Show
90521,Love Island USA,10764,2019-07-09,en,50.1546,7.0,175,Reality,TV Show
204746,The Jennifer Hudson Show,10767,2022-09-12,en,50.1509,5.578,32,Talk,TV Show
1920,Twin Peaks,"18, 9648",1990-04-08,en,49.9486,8.34,2601,Drama|Mystery,TV Show
2912,Jeopardy!,"10764, 10751",1984-09-10,en,49.8991,6.896,159,Reality|Family,TV Show
125364,Palang Tod,18,2020-12-25,hi,49.8647,1.0,2,Drama,TV Show
4384,Frontline,"99, 10763",1983-01-17,en,49.7431,6.6,57,Documentary|News,TV Show
1420,New Girl,35,2011-09-20,en,49.7119,7.358,1674,Comedy,TV Show
67178,Marvel's The Punisher,"10759, 80, 18",2017-11-17,en,49.6503,8.147,3176,Action & Adventure|Crime|Drama,TV Show
4385,The Colbert Report,"10763, 35",2005-10-17,en,49.5366,6.93,301,News|Comedy,TV Show
4556,Scrubs,35,2001-10-02,en,49.4205,8.11,132,Comedy,TV Show
2883,Dark Shadows,"18, 10765, 10766",1966-06-27,en,49.0476,7.296,93,Drama|Sci-Fi & Fantasy|Soap,TV Show
46896,The Originals,"10765, 18, 9648",2013-10-03,en,48.9148,8.585,3592,Sci-Fi & Fantasy|Drama|Mystery,TV Show
71026,Super Wings,"16, 10762",2014-09-01,ko,48.8869,6.4,19,Animation|Kids,TV Show
14210,Polizeiruf 110,80,1971-06-27,de,48.8683,6.2,26,Crime,TV Show
105,Sex and the City,"18, 35",1998-06-06,en,48.8663,7.373,2159,Drama|Comedy,TV Show
4194,Star Wars: The Clone Wars,"10759, 10765, 16",2008-10-03,en,48.8585,8.469,2365,Action & Adventure|Sci-Fi & Fantasy|Animation,TV Show
195670,"XO, Kitty","35, 18",2023-05-18,en,48.7015,8.1,678,Comedy|Drama,TV Show
246,Avatar: The Last Airbender,"16, 10759, 10765",2005-02-21,en,48.6583,8.769,4912,Animation|Action & Adventure|Sci-Fi & Fantasy,TV Show
37971,The Old Fox,"80, 18",1977-04-11,de,48.638,6.3,20,Crime|Drama,TV Show
2506,Wings,"35, 18",1990-04-19,en,48.6134,6.858,141,Comedy|Drama,TV Show
14981,The Late Late Show with Craig Ferguson,"35, 10767",2005-01-03,en,48.5918,6.786,117,Comedy|Talk,TV Show
83893,KBS Drama Special,18,2010-05-15,ko,48.5785,7.4,5,Drama,TV Show
255483,Reborn,"18, 9648",2025-06-19,zh,48.552,7.818,11,Drama|Mystery,TV Show
87940,Hudson & Rex,"18, 80",2019-02-25,en,48.469,8.4,120,Drama|Crime,TV Show
45782,Sword Art Online,"16, 10765, 10759",2012-07-08,ja,48.3988,8.157,2112,Animation|Sci-Fi & Fantasy|Action & Adventure,TV Show
225171,Pluribus,"18, 10765",2025-11-06,en,48.3775,7.9,924,Drama|Sci-Fi & Fantasy,TV Show
37854,One Piece,"10759, 35, 16",1999-10-20,ja,48.3394,8.742,5376,Action & Adventure|Comedy|Animation,TV Show
12786,Murdoch Mysteries,"9648, 18",2008-01-24,en,48.3218,7.7,291,Mystery|Drama,TV Show
1418,The Big Bang Theory,35,2007-09-24,en,48.32,7.92,12524,Comedy,TV Show
119495,The Eminence in Shadow,"16, 35, 10765, 10759",2022-10-05,ja,48.2631,8.029,295,Animation|Comedy|Sci-Fi & Fantasy|Action & Adventure,TV Show
39340,2 Broke Girls,35,2011-09-19,en,48.2595,7.2,1734,Comedy,TV Show
116799,The Lincoln Lawyer,"18, 80",2022-05-13,en,48.2557,7.712,518,Drama|Crime,TV Show
14929,Heartland,"10751, 18, 35",2007-10-14,en,48.2532,8.257,577,Family|Drama|Comedy,TV Show
62223,The Late Late Show with James Corden,10767,2015-03-23,en,48.1503,5.136,147,Talk,TV Show
580,Star Trek: Deep Space Nine,"10765, 10759, 18",1993-01-03,en,47.8693,7.9,969,Sci-Fi & Fantasy|Action & Adventure|Drama,TV Show
4582,Ironside,"80, 18, 9648",1967-03-28,en,47.8622,6.857,70,Crime|Drama|Mystery,TV Show
4515,Lois & Clark: The New Adventures of Superman,"10759, 18, 10765, 35",1993-09-12,en,47.6585,6.931,495,Action & Adventure|Drama|Sci-Fi & Fantasy|Comedy,TV Show
60797,Scorpion,"10759, 18, 80",2014-09-22,en,47.6521,8.206,4153,Action & Adventure|Drama|Crime,TV Show
33765,My Little Pony: Friendship Is Magic,"16, 35, 10765, 10762",2010-10-10,en,47.5909,8.2,740,Animation|Comedy|Sci-Fi & Fantasy|Kids,TV Show
303493,Knot,"18, 10765",2026-06-30,th,47.5186,9.0,1,Drama|Sci-Fi & Fantasy,TV Show
231620,Natural High,"10764, 35",2023-08-13,zh,47.4554,7.5,6,Reality|Comedy,TV Show
157741,Landman,18,2024-11-17,en,47.4535,8.172,562,Drama,TV Show
97951,Mayor of Kingstown,"18, 80",2021-11-14,en,47.4039,7.942,635,Drama|Crime,TV Show
10083,The Fugitive,"10759, 18, 9648",1963-09-17,en,47.3389,7.323,62,Action & Adventure|Drama|Mystery,TV Show
1639,Heroes,"10765, 18",2006-09-25,en,47.316,7.441,2564,Sci-Fi & Fantasy|Drama,TV Show
21510,White Collar,"80, 18, 9648",2009-10-23,en,47.2506,8.2,1560,Crime|Drama|Mystery,TV Show
65282,Home Alone,10764,2013-03-22,ko,47.1662,7.5,18,Reality,TV Show
135934,The Legend of Vox Machina,"16, 10765, 10759",2022-01-27,en,46.7814,8.218,662,Animation|Sci-Fi & Fantasy|Action & Adventure,TV Show
111110,ONE PIECE,"10759, 10765",2023-08-31,en,46.6047,8.1,1812,Action & Adventure|Sci-Fi & Fantasy,TV Show
4313,Full House,"35, 10751",1987-09-22,en,46.5803,7.543,1140,Comedy|Family,TV Show
1855,Star Trek: Voyager,"10765, 18, 10759",1995-01-16,en,46.5701,7.782,1105,Sci-Fi & Fantasy|Drama|Action & Adventure,TV Show
212989,LEGO Ninjago: Dragons Rising,"16, 10762, 10759",2023-06-01,en,46.5512,8.05,101,Animation|Kids|Action & Adventure,TV Show
105903,Eternity Shinya no Nurekoi Channel,"16, 18",2020-10-05,ja,46.5245,5.3,12,Animation|Drama,TV Show
3716,Dragnet,"18, 80",1951-12-16,en,46.5058,6.5,34,Drama|Crime,TV Show
61222,BoJack Horseman,"16, 35, 18",2014-08-22,en,46.4405,8.528,2881,Animation|Comedy|Drama,TV Show
91121,How Do You Play?,"10764, 35",2019-07-27,ko,46.379,7.174,23,Reality|Comedy,TV Show
2327,Dawson's Creek,"18, 10766",1998-01-20,en,46.3188,7.32,611,Drama|Soap,TV Show
4349,Melrose Place,"18, 10766",1992-07-08,en,46.2574,5.9,177,Drama|Soap,TV Show
279388,Pursuit of Jade,18,2026-03-06,zh,46.0875,8.0,69,Drama,TV Show
1424,Orange Is the New Black,"18, 35, 80",2013-07-11,en,46.0233,7.643,2825,Drama|Comedy|Crime,TV Show
60863,Haikyu!!,"16, 35, 18",2014-04-06,ja,46.0077,8.6,1510,Animation|Comedy|Drama,TV Show
1181,American Experience,99,1988-10-04,en,45.9877,6.479,48,Documentary,TV Show
67136,This Is Us,18,2016-09-20,en,45.9659,8.236,1624,Drama,TV Show
2221,The View,10767,1997-08-11,en,45.8598,4.36,111,Talk,TV Show
2750,Silent Witness,"80, 18",1996-02-21,en,45.782,7.563,112,Crime|Drama,TV Show
2625,Diagnosis: Murder,"18, 10751, 9648, 80",1993-10-29,en,45.7764,7.1,120,Drama|Family|Mystery|Crime,TV Show
40075,Gravity Falls,"10759, 16, 35, 10751, 9648, 10765",2012-06-15,en,45.7193,8.615,3498,Action & Adventure|Animation|Comedy|Family|Mystery|Sci-Fi & Fantasy,TV Show
154524,Urusei Yatsura,"16, 35, 10759, 10765",2022-10-14,ja,45.6763,6.848,46,Animation|Comedy|Action & Adventure|Sci-Fi & Fantasy,TV Show
4238,The King of Queens,35,1998-09-21,en,45.6042,7.141,732,Comedy,TV Show
10545,True Blood,"10765, 18, 9648",2008-09-07,en,45.5873,7.618,2075,Sci-Fi & Fantasy|Drama|Mystery,TV Show
4018,Quantum Leap,"10765, 10759, 18",1989-03-26,en,45.5518,8.017,773,Sci-Fi & Fantasy|Action & Adventure|Drama,TV Show
14951,Nature,"99, 10751",1982-10-10,en,45.4189,7.9,44,Documentary|Family,TV Show
45857,REBORN!,"16, 35, 10759",2006-10-07,ja,45.41,8.165,185,Animation|Comedy|Action & Adventure,TV Show
202555,Daredevil: Born Again,"18, 10759, 80",2025-03-04,en,45.35,8.2,987,Drama|Action & Adventure|Crime,TV Show
300054,BAKI-DOU: The Invincible Samurai,"16, 10759",2026-02-26,ja,45.3221,9.006,80,Animation|Action & Adventure,TV Show
235484,Suidooster,10766,2015-11-16,af,45.2339,7.0,24,Soap,TV Show
207840,Harem Camp!,16,2022-10-03,ja,45.2225,7.0,25,Animation,TV Show
62643,DC's Legends of Tomorrow,"10759, 10765, 18",2016-01-21,en,45.113,7.262,2458,Action & Adventure|Sci-Fi & Fantasy|Drama,TV Show
124101,Hacks,"35, 18",2021-05-13,en,45.0239,7.468,363,Comedy|Drama,TV Show
232230,Lord of Mysteries,"16, 9648, 10765, 10759",2025-06-28,zh,45.0177,8.7,140,Animation|Mystery|Sci-Fi & Fantasy|Action & Adventure,TV Show
154385,BEEF,"35, 18",2023-04-06,en,45.0034,7.752,961,Comedy|Drama,TV Show
70523,Dark,"80, 18, 10765, 9648",2017-12-01,de,44.8252,8.427,7625,Crime|Drama|Sci-Fi & Fantasy|Mystery,TV Show
240459,Spartacus: House of Ashur,"18, 10759",2025-12-05,en,44.8249,7.2,298,Drama|Action & Adventure,TV Show
95396,Severance,"18, 9648, 10765",2022-02-17,en,44.818,8.397,2712,Drama|Mystery|Sci-Fi & Fantasy,TV Show
114410,Chainsaw Man,"16, 10759, 10765, 35",2022-10-12,ja,44.706,8.514,2188,Animation|Action & Adventure|Sci-Fi & Fantasy|Comedy,TV Show
60573,Silicon Valley,35,2014-04-06,en,44.6378,8.144,1944,Comedy,TV Show
61374,Tokyo Ghoul,"16, 18, 10765",2014-07-04,ja,44.5991,8.3,2542,Animation|Drama|Sci-Fi & Fantasy,TV Show
2171,Cold Case,"80, 18, 9648",2003-09-28,en,44.5022,7.759,441,Crime|Drama|Mystery,TV Show
129552,The Night Agent,"10759, 18, 9648",2023-03-23,en,44.4637,7.707,1176,Action & Adventure|Drama|Mystery,TV Show
31917,Pretty Little Liars,"18, 9648",2010-06-08,en,44.4339,8.0,2794,Drama|Mystery,TV Show
77169,Cobra Kai,"10759, 18, 35",2018-05-02,en,44.3814,8.206,6913,Action & Adventure|Drama|Comedy,TV Show
1429,Attack on Titan,"16, 10765, 10759",2013-04-07,ja,44.3705,8.681,7486,Animation|Sci-Fi & Fantasy|Action & Adventure,TV Show
271026,Taisho Era Contract Marriage ~ The Substitute Bride and a Soldier's Fierce Love,16,2024-10-06,ja,44.3493,6.0,2,Animation,TV Show
86342,Steve,10767,2017-09-05,en,44.3397,6.0,2,Talk,TV Show
2710,It's Always Sunny in Philadelphia,35,2005-08-04,en,44.3388,8.259,1347,Comedy,TV Show
75450,Titans,"18, 10759, 10765",2018-10-12,en,44.3134,7.867,2843,Drama|Action & Adventure|Sci-Fi & Fantasy,TV Show
110316,Alice in Borderland,"9648, 18, 10759",2020-12-10,ja,44.2084,8.094,2727,Mystery|Drama|Action & Adventure,TV Show
125282,The Cleaning Lady,"80, 18",2022-01-03,en,44.2063,7.391,244,Crime|Drama,TV Show
13887,Lawman,37,1958-10-05,en,44.1549,5.833,12,Western,TV Show
88580,Trump Card,10764,2016-01-29,zh,44.0081,6.5,4,Reality,TV Show
10118,Father Knows Best,"35, 10751",1954-10-03,en,43.9866,6.667,27,Comedy|Family,TV Show
62117,Younger,"18, 35",2015-03-31,en,43.9537,6.862,242,Drama|Comedy,TV Show
300388,Sins and Roses,18,2025-10-11,tr,43.9236,7.7,6,Drama,TV Show
84773,The Lord of the Rings: The Rings of Power,"10759, 10765, 18",2022-09-01,en,43.8821,7.238,3744,Action & Adventure|Sci-Fi & Fantasy|Drama,TV Show
65931,Bungo Stray Dogs,"16, 10759, 9648, 10765, 80",2016-04-07,ja,43.849,8.261,436,Animation|Action & Adventure|Mystery|Sci-Fi & Fantasy|Crime,TV Show
245215,"The Perfect Prince Loves Me, the Side Character?!",16,2024-04-07,ja,43.826,7.2,5,Animation,TV Show
69500,Natsume's Book of Friends,"16, 10765",2008-07-08,ja,43.8254,8.2,104,Animation|Sci-Fi & Fantasy,TV Show
47480,The Tom and Jerry Show,"10751, 16, 35, 10762",2014-04-09,en,43.7847,7.25,114,Family|Animation|Comedy|Kids,TV Show
14750,Na Wspólnej,10766,2003-01-27,pl,43.7629,4.7,12,Soap,TV Show
66465,The Kapil Sharma Show,"35, 10767",2016-04-23,hi,43.7387,7.038,39,Comedy|Talk,TV Show
1940,Entourage,"35, 18",2004-07-18,en,43.7337,7.36,652,Comedy|Drama,TV Show
291947,Inseparable,9648,2026-06-24,zh,43.6871,8.0,1,Mystery,TV Show
317883,Torn Apart,"18, 35",2026-05-31,tr,43.679,5.786,7,Drama|Comedy,TV Show
1414,The Shield,"80, 18, 10759",2002-03-12,en,43.6643,8.2,863,Crime|Drama|Action & Adventure,TV Show
123249,My Dress-Up Darling,"16, 35, 18",2022-01-09,ja,43.5224,8.424,908,Animation|Comedy|Drama,TV Show
15226,C.I.D.,"10759, 80, 18, 9648",1998-01-21,hi,43.4976,5.7,30,Action & Adventure|Crime|Drama|Mystery,TV Show
283428,The Ramparts of Ice,"16, 18",2026-04-02,ja,43.4944,8.7,20,Animation|Drama,TV Show
3769,Dynasty,"10766, 18",1981-01-12,en,43.4921,6.519,129,Soap|Drama,TV Show
79680,Snowpiercer,"10765, 18",2020-05-17,en,43.41,7.365,1423,Sci-Fi & Fantasy|Drama,TV Show
71494,Golden Globe Awards,"10764, 10767",1944-01-20,en,43.3792,6.9,19,Reality|Talk,TV Show
76075,Laid-Back Camp,"16, 35",2018-01-04,ja,43.3503,8.2,123,Animation|Comedy,TV Show
283891,The Holy Grail of Eris,"16, 9648, 10765",2026-01-08,ja,43.3063,7.211,19,Animation|Mystery|Sci-Fi & Fantasy,TV Show
119806,The Shadow Team,"10768, 18, 10759",2021-03-07,tr,43.1992,7.3,32,War & Politics|Drama|Action & Adventure,TV Show
49011,Mom,"35, 18",2013-09-23,en,43.1967,7.316,636,Comedy|Drama,TV Show
117465,Hell's Paradise,"16, 10759, 10765",2023-04-01,ja,43.1964,8.175,475,Animation|Action & Adventure|Sci-Fi & Fantasy,TV Show
39793,Call the Midwife,18,2012-01-15,en,43.1703,7.5,259,Drama,TV Show
4608,30 Rock,35,2006-10-11,en,43.1475,7.48,814,Comedy,TV Show
39429,You Hee-yeol's Sketchbook,10767,2009-04-24,ko,43.1112,6.3,9,Talk,TV Show
83121,Kaguya-sama: Love Is War,"35, 16",2019-01-12,ja,43.0728,8.538,850,Comedy|Animation,TV Show
39483,Major Crimes,"80, 18",2012-08-13,en,43.0496,7.357,210,Crime|Drama,TV Show
2473,The Avengers,"10759, 80, 10765",1961-01-07,en,42.942,7.753,150,Action & Adventure|Crime|Sci-Fi & Fantasy,TV Show
52910,Law of the Jungle,10764,2011-10-21,ko,42.8431,6.0,9,Reality,TV Show
283393,Paul American,10764,2025-03-26,en,42.8393,5.071,7,Reality,TV Show
203744,Sugar,"18, 9648",2024-04-04,en,42.8167,7.2,313,Drama|Mystery,TV Show
23915,Markus Lanz,10767,2008-06-03,de,42.5913,5.5,14,Talk,TV Show
5021,The Waltons,18,1972-09-14,en,42.5868,7.2,102,Drama,TV Show
325474,Meri Durga,"18, 10766",2017-01-26,hi,42.5728,0.0,0,Drama|Soap,TV Show
96316,Rent-a-Girlfriend,"16, 35",2020-07-11,ja,42.5532,8.306,971,Animation|Comedy,TV Show
85991,Fruits Basket,"16, 18, 10765",2019-04-06,ja,42.4663,8.0,174,Animation|Drama|Sci-Fi & Fantasy,TV Show
4598,Boston Legal,"35, 18",2004-10-03,en,42.4586,7.9,381,Comedy|Drama,TV Show
13916,Death Note,"16, 9648, 10765",2006-10-04,ja,42.2367,8.625,4958,Animation|Mystery|Sci-Fi & Fantasy,TV Show
37606,The Amazing World of Gumball,"16, 10751, 10765, 35",2011-05-03,en,42.2078,8.543,1748,Animation|Family|Sci-Fi & Fantasy|Comedy,TV Show
2290,Stargate Atlantis,"10765, 10759, 18",2004-07-15,en,42.2067,8.03,1180,Sci-Fi & Fantasy|Action & Adventure|Drama,TV Show
1941,GARO,"10759, 10765, 18",2005-10-07,ja,42.189,7.7,28,Action & Adventure|Sci-Fi & Fantasy|Drama,TV Show
91363,What If...?,"16, 10759, 10765",2021-08-11,en,42.1673,8.045,4643,Animation|Action & Adventure|Sci-Fi & Fantasy,TV Show
288577,Room of Guilty Pleasure,16,2025-10-06,ja,42.1358,5.2,4,Animation,TV Show
734,"Magnum, P.I.","80, 18, 9648",1980-12-11,en,42.0878,7.32,444,Crime|Drama|Mystery,TV Show
160,Teenage Mutant Ninja Turtles,"10759, 16, 35, 10762",1987-12-14,en,42.083,7.8,838,Action & Adventure|Animation|Comedy|Kids,TV Show
94954,Hazbin Hotel,"16, 35, 18, 10765",2024-01-18,en,42.0498,8.568,1588,Animation|Comedy|Drama|Sci-Fi & Fantasy,TV Show
60694,Last Week Tonight with John Oliver,"10767, 35, 10763",2014-04-27,en,42.0468,7.8,814,Talk|Comedy|News,TV Show
18347,Community,35,2009-09-17,en,41.9993,7.999,2086,Comedy,TV Show
4589,Arrested Development,35,2003-11-02,en,41.9365,7.927,1667,Comedy,TV Show
277439,Cape Fear,"18, 80",2026-06-04,en,41.8962,6.942,52,Drama|Crime,TV Show
10649,The Donna Reed Show,"35, 10751",1958-09-24,en,41.8316,6.474,19,Comedy|Family,TV Show
36361,Ulice,"18, 35",2005-09-05,cs,41.828,4.6,35,Drama|Comedy,TV Show
2384,Knight Rider,"10759, 10765, 80",1982-09-26,en,41.8005,7.532,1425,Action & Adventure|Sci-Fi & Fantasy|Crime,TV Show
71738,The Orville,"18, 35, 10765",2017-09-10,en,41.7948,7.614,1408,Drama|Comedy|Sci-Fi & Fantasy,TV Show
65417,PJ Masks,"16, 10762, 10751, 10765, 10759",2015-09-18,en,41.7835,6.5,69,Animation|Kids|Family|Sci-Fi & Fantasy|Action & Adventure,TV Show
292696,The First Jasmine,18,2026-06-09,zh,41.7638,9.0,5,Drama,TV Show
1028,Holby City,"10766, 18",1999-01-12,en,41.6138,5.8,48,Soap|Drama,TV Show
104716,Ride the Wind,10764,2020-06-12,zh,41.6074,6.9,11,Reality,TV Show
21145,Natural World,99,1983-10-30,en,41.5759,7.403,31,Documentary,TV Show
93740,Foundation,"10765, 18",2021-09-23,en,41.5515,7.713,1724,Sci-Fi & Fantasy|Drama,TV Show
62710,Blindspot,"80, 18, 10759",2015-09-21,en,41.5311,7.4,2545,Crime|Drama|Action & Adventure,TV Show
6467,Chicago Hope,"10766, 18",1994-09-18,en,41.5242,7.196,79,Soap|Drama,TV Show
210879,Rurouni Kenshin,"16, 10759",2023-07-07,ja,41.5024,8.348,141,Animation|Action & Adventure,TV Show
1781,Little House on the Prairie,"37, 18, 10751",1974-09-11,en,41.4542,7.948,992,Western|Drama|Family,TV Show
12976,Quinceañera,"10766, 18",1987-10-05,es,41.4429,7.0,130,Soap|Drama,TV Show
13795,Tales of Wells Fargo,"37, 18",1957-03-18,en,41.4308,7.1,15,Western|Drama,TV Show
321389,Tomfoolers,"16, 35, 18, 10765",2026-12-03,en,41.3869,0.0,0,Animation|Comedy|Drama|Sci-Fi & Fantasy,TV Show
19530,Pili,"10759, 18",1988-06-01,zh,41.2689,6.9,7,Action & Adventure|Drama,TV Show
325640,Toni Tagiam,"10764, 99, 10767, 10766, 37, 10765, 9648, 10763, 10751, 16, 80, 10762, 35, 18",2026-06-17,en,41.1608,0.0,0,Reality|Documentary|Talk|Soap|Western|Sci-Fi & Fantasy|Mystery|News|Family|Animation|Crime|Kids|Comedy|Drama,TV Show
45,Top Gear,"10764, 10767",2002-10-20,en,41.1535,7.57,874,Reality|Talk,TV Show
80671,Cells at Work!,"16, 10759, 35",2018-07-08,ja,41.1297,8.052,310,Animation|Action & Adventure|Comedy,TV Show
71446,Money Heist,"80, 18",2017-05-02,es,41.0574,8.231,19504,Crime|Drama,TV Show
3828,Hill Street Blues,"18, 80",1981-01-15,en,41.0161,7.62,125,Drama|Crime,TV Show
97617,The Misfit of Demon King Academy,"16, 10759, 10765",2020-07-04,ja,40.8479,8.4,864,Animation|Action & Adventure|Sci-Fi & Fantasy,TV Show
61511,Father Brown,"18, 80, 9648",2013-01-14,en,40.739,7.6,138,Drama|Crime|Mystery,TV Show
40008,Hannibal,"18, 80",2013-04-04,en,40.7354,8.26,2941,Drama|Crime,TV Show
5133,Leave It to Beaver,"35, 10751",1957-10-04,en,40.6827,6.943,88,Comedy|Family,TV Show
2455,Coach,35,1989-02-28,en,40.6689,6.65,60,Comedy,TV Show
1554,QI,"35, 10767",2003-09-11,en,40.5881,7.943,280,Comedy|Talk,TV Show
82684,That Time I Got Reincarnated as a Slime,"10759, 16, 10765, 35",2018-10-02,ja,40.5622,8.427,924,Action & Adventure|Animation|Sci-Fi & Fantasy|Comedy,TV Show
93,Falcon Crest,"10766, 18",1981-12-04,en,40.5243,5.648,61,Soap|Drama,TV Show
91555,All Elite Wrestling: Dynamite,"10759, 18",2019-10-02,en,40.4237,7.994,83,Action & Adventure|Drama,TV Show
4482,Bewitched,"10765, 35, 10751, 18",1964-09-17,en,40.4025,7.877,741,Sci-Fi & Fantasy|Comedy|Family|Drama,TV Show
314,Star Trek: Enterprise,"10765, 10759, 18",2001-09-26,en,40.3551,7.522,949,Sci-Fi & Fantasy|Action & Adventure|Drama,TV Show
132876,SNL Korea,35,2021-09-04,ko,40.3043,7.0,1,Comedy,TV Show
224372,A Knight of the Seven Kingdoms,"18, 10765, 10759",2026-01-18,en,40.2997,8.5,959,Drama|Sci-Fi & Fantasy|Action & Adventure,TV Show
97546,Ted Lasso,"18, 35",2020-08-14,en,40.2791,8.342,2398,Drama|Comedy,TV Show
3137,Babylon 5,"18, 10765, 10759",1994-01-26,en,40.2477,8.043,600,Drama|Sci-Fi & Fantasy|Action & Adventure,TV Show
7869,The Penguins of Madagascar,"16, 35, 10751, 10762",2008-11-28,en,40.2364,7.449,445,Animation|Comedy|Family|Kids,TV Show
278605,Archives: The Nanyang Mystery,"10759, 9648",2026-06-11,zh,40.2325,7.0,5,Action & Adventure|Mystery,TV Show
3934,Mickey Mouse Clubhouse,"10762, 16, 35, 10765, 10759",2006-05-05,en,40.2256,6.761,387,Kids|Animation|Comedy|Sci-Fi & Fantasy|Action & Adventure,TV Show
71694,Snowfall,"18, 80",2017-07-05,en,40.2203,8.38,773,Drama|Crime,TV Show
81978,You Quiz on the Block,"10767, 35",2018-08-29,ko,40.2146,8.3,6,Talk|Comedy,TV Show
94372,FBI: Most Wanted,"80, 18",2020-01-07,en,40.1814,7.624,439,Crime|Drama,TV Show
251600,The Eternal Fragrance,18,2026-06-27,zh,40.1621,9.0,2,Drama,TV Show
19885,Sherlock,"80, 18, 9648",2010-07-25,en,40.1484,8.507,6468,Crime|Drama|Mystery,TV Show
50712,Black Butler,"16, 35, 18, 9648, 10765",2008-10-02,ja,40.1442,7.725,271,Animation|Comedy|Drama|Mystery|Sci-Fi & Fantasy,TV Show
61175,Steven Universe,"16, 10759, 35, 10765, 10751",2013-11-04,en,40.0995,8.4,1343,Animation|Action & Adventure|Comedy|Sci-Fi & Fantasy|Family,TV Show
61387,NCIS: New Orleans,"10759, 18, 35",2014-09-23,en,40.0743,7.3,463,Action & Adventure|Drama|Comedy,TV Show
4324,"Dr. Quinn, Medicine Woman","37, 18",1993-01-01,en,40.0131,7.631,474,Western|Drama,TV Show
709,Robot Chicken,"35, 16",2005-02-20,en,39.9743,7.632,574,Comedy|Animation,TV Show
53787,Aria,"16, 10765",2005-10-06,ja,39.9164,8.5,35,Animation|Sci-Fi & Fantasy,TV Show
207468,Kaiju No. 8,"16, 10759, 10765",2024-04-13,ja,39.774,8.452,763,Animation|Action & Adventure|Sci-Fi & Fantasy,TV Show
80350,New Amsterdam,18,2018-09-25,en,39.7496,8.3,1087,Drama,TV Show
42705,Fighting Spirit,"16, 35, 18, 10759",2000-10-03,ja,39.6428,8.7,1206,Animation|Comedy|Drama|Action & Adventure,TV Show
918,M*A*S*H,"10768, 18, 35",1972-09-17,en,39.6314,7.938,744,War & Politics|Drama|Comedy,TV Show
322512,Re:ゼロから始める異世界生活 新編集版,"16, 10759, 10765, 9648, 18",2020-01-01,ja,39.5942,6.875,4,Animation|Action & Adventure|Sci-Fi & Fantasy|Mystery|Drama,TV Show
900,Skins,"18, 35",2007-01-25,en,39.5808,8.134,1404,Drama|Comedy,TV Show
61056,How to Get Away with Murder,"80, 18, 9648",2014-09-25,en,39.5775,7.813,1766,Crime|Drama|Mystery,TV Show
94605,Arcane,"16, 10759, 10765",2021-11-06,en,39.4574,8.751,5965,Animation|Action & Adventure|Sci-Fi & Fantasy,TV Show
74280,Hey Duggee,"16, 10762, 10751, 35",2014-12-17,en,39.4472,8.3,21,Animation|Kids|Family|Comedy,TV Show
124003,Perfect World,"10759, 10765, 16",2021-04-23,zh,39.3657,8.4,24,Action & Adventure|Sci-Fi & Fantasy|Animation,TV Show
20111,Mobile Suit Gundam SEED,"10759, 16, 10765, 10768",2002-10-05,ja,39.2742,7.516,62,Action & Adventure|Animation|Sci-Fi & Fantasy|War & Politics,TV Show
61378,Madam Secretary,"18, 10768",2014-09-21,en,39.2707,6.988,335,Drama|War & Politics,TV Show
100088,The Last of Us,18,2023-01-15,en,39.2518,8.4,7084,Drama,TV Show
118824,Everything for Demon King Evelogia,"16, 10759, 10765",2021-10-02,ja,39.2474,7.2,21,Animation|Action & Adventure|Sci-Fi & Fantasy,TV Show
46923,Shetland,"80, 18, 9648",2013-03-10,en,39.2462,7.507,209,Crime|Drama|Mystery,TV Show
126027,Ghosts,"35, 10765",2021-10-07,en,39.1985,8.0,426,Comedy|Sci-Fi & Fantasy,TV Show
76572,Soul Land,"16, 18, 10765, 10759",2018-01-13,zh,39.1433,8.2,54,Animation|Drama|Sci-Fi & Fantasy|Action & Adventure,TV Show
578,Numb3rs,"80, 18, 9648",2005-01-23,en,39.0694,7.0,436,Crime|Drama|Mystery,TV Show
206180,Another Self,18,2022-07-28,tr,39.0506,7.868,114,Drama,TV Show
79141,Scissor Seven,"16, 35, 10759, 10765",2018-04-25,zh,39.0332,8.588,774,Animation|Comedy|Action & Adventure|Sci-Fi & Fantasy,TV Show
203003,The Truth,10764,2022-06-03,zh,38.9155,7.9,8,Reality,TV Show
3346,Petticoat Junction,"35, 10751",1963-09-24,en,38.8927,5.817,41,Comedy|Family,TV Show
320118,Nayanatara,"18, 10751",2021-02-07,kn,38.8168,0.0,0,Drama|Family,TV Show
1432,Veronica Mars,"9648, 18, 35",2004-09-22,en,38.7995,7.8,711,Mystery|Drama|Comedy,TV Show
240411,Dan Da Dan,"16, 10759, 35, 10765",2024-10-04,ja,38.7446,8.54,873,Animation|Action & Adventure|Comedy|Sci-Fi & Fantasy,TV Show
4386,Baywatch,"10759, 18, 80",1989-04-23,en,38.7226,6.0,541,Action & Adventure|Drama|Crime,TV Show
4583,Derrick,"18, 80",1974-10-20,de,38.6692,6.061,49,Drama|Crime,TV Show
231100,Boundless Love,"18, 80, 10766",2023-09-21,tr,38.578,8.1,30,Drama|Crime|Soap,TV Show
112470,Ici tout commence,"10766, 18",2020-11-02,fr,38.5435,6.852,91,Soap|Drama,TV Show
2026,Judging Amy,18,1999-09-19,en,38.5368,7.506,84,Drama,TV Show
11912,Run for Your Life,18,1965-09-13,en,38.4349,7.143,7,Drama,TV Show
251356,Zdrada,"18, 9648, 80",2024-05-10,pl,38.4112,8.0,1,Drama|Mystery|Crime,TV Show
196950,Witch Hat Atelier,"16, 18, 10765",2026-04-06,ja,38.3899,8.9,118,Animation|Drama|Sci-Fi & Fantasy,TV Show
79593,Magnum P.I.,"10759, 18, 80",2018-09-24,en,38.3516,7.587,335,Action & Adventure|Drama|Crime,TV Show
131041,BLUE LOCK,"16, 10759, 18",2022-10-09,ja,38.2796,8.2,618,Animation|Action & Adventure|Drama,TV Show
2426,Angel,"10765, 18",1999-10-05,en,38.2311,7.862,1002,Sci-Fi & Fantasy|Drama,TV Show
208569,Will Trent,"80, 18, 35",2023-01-03,en,38.2057,7.242,190,Crime|Drama|Comedy,TV Show
2187,Reno 911!,35,2003-07-23,en,38.1965,7.239,188,Comedy,TV Show
67198,Star Trek: Discovery,"10765, 10759, 18",2017-09-24,en,38.1453,6.954,2034,Sci-Fi & Fantasy|Action & Adventure|Drama,TV Show
3172,Private Practice,18,2007-09-26,en,38.0323,7.528,352,Drama,TV Show
61852,Henry Danger,"35, 10751, 10762, 10765",2014-07-26,en,37.9439,8.282,1155,Comedy|Family|Kids|Sci-Fi & Fantasy,TV Show
283884,Chuhai Lips: Canned Flavor of Married Women,"16, 35",2025-07-02,ja,37.8361,5.6,5,Animation|Comedy,TV Show
4500,The Wonder Years,"35, 18, 10751",1988-01-31,en,37.8317,8.337,1091,Comedy|Drama|Family,TV Show
6836,Kangxi Coming,10767,2004-01-05,zh,37.8313,7.7,3,Talk,TV Show
1489,Jimmy Kimmel Live!,"10767, 35",2003-01-26,en,37.796,5.303,208,Talk|Comedy,TV Show
512,Third Watch,"18, 80",1999-09-23,en,37.7757,7.949,234,Drama|Crime,TV Show
61744,Mozart in the Jungle,"35, 18",2014-02-06,en,37.7624,7.5,257,Comedy|Drama,TV Show
33907,Downton Abbey,18,2010-09-26,en,37.7501,8.122,1208,Drama,TV Show
1425,House of Cards,18,2013-02-01,en,37.7165,8.007,3185,Drama,TV Show
32608,Ancient Aliens,"99, 9648, 10765",2010-04-20,en,37.6926,7.063,309,Documentary|Mystery|Sci-Fi & Fantasy,TV Show
259140,Ranma1/2,"16, 10759, 35",2024-10-06,ja,37.6575,8.201,157,Animation|Action & Adventure|Comedy,TV Show
6081,Wagon Train,"37, 18, 10751",1957-09-18,en,37.6364,6.6,30,Western|Drama|Family,TV Show
299989,Quiet Please!,"35, 16",2025-09-02,ko,37.5498,7.5,13,Comedy|Animation,TV Show
43168,NARUTO Spin-Off: Rock Lee & His Ninja Pals,"16, 35, 10759, 10765",2012-04-03,ja,37.5435,6.3,51,Animation|Comedy|Action & Adventure|Sci-Fi & Fantasy,TV Show
69740,Ozark,"80, 18",2017-07-21,en,37.5066,8.198,2792,Crime|Drama,TV Show
21728,The Alfred Hitchcock Hour,"80, 9648, 18",1962-09-20,en,37.4355,7.8,80,Crime|Mystery|Drama,TV Show
4616,Xena: Warrior Princess,"18, 10759, 10765",1995-09-04,en,37.4149,7.562,1412,Drama|Action & Adventure|Sci-Fi & Fantasy,TV Show
4544,Strong Medicine,18,2000-07-23,en,37.3968,7.4,16,Drama,TV Show
49009,The Goldbergs,"10751, 35",2013-09-24,en,37.3766,7.45,370,Family|Comedy,TV Show
1972,Battlestar Galactica,"10765, 10759, 18",2004-10-18,en,37.3559,8.209,1775,Sci-Fi & Fantasy|Action & Adventure|Drama,TV Show
75266,Nimki Mukhiya,"18, 35",2017-08-28,hi,37.3122,0.0,0,Drama|Comedy,TV Show
3570,Sailor Moon,"10759, 16, 35, 10765, 10762",1992-03-07,ja,37.2723,8.348,1023,Action & Adventure|Animation|Comedy|Sci-Fi & Fantasy|Kids,TV Show
10809,The Philco Television Playhouse,18,1948-10-03,en,37.2636,6.625,8,Drama,TV Show
2253,Ultraman Tiga,"10765, 10759, 18",1996-09-07,ja,37.2362,8.108,120,Sci-Fi & Fantasy|Action & Adventure|Drama,TV Show
119769,Taxi Driver,"10759, 80, 18",2021-04-09,ko,37.225,8.144,191,Action & Adventure|Crime|Drama,TV Show
106379,Fallout,"10759, 10765, 18",2024-04-10,en,37.215,8.122,2883,Action & Adventure|Sci-Fi & Fantasy|Drama,TV Show
76773,Station 19,"18, 10759",2018-03-22,en,37.1849,8.193,1549,Drama|Action & Adventure,TV Show
65270,Radio Star,10767,2007-05-30,ko,37.1734,5.2,5,Talk,TV Show
240727,TeleEncyclopedia,99,1965-05-22,ro,37.1385,10.0,1,Documentary,TV Show
8592,Parks and Recreation,35,2009-04-09,en,37.1296,8.039,1837,Comedy,TV Show
113269,Molkki,18,2020-11-16,hi,37.1075,0.0,0,Drama,TV Show
65844,KONOSUBA - God's blessing on this wonderful world!,"10759, 16, 35, 10765",2016-01-14,ja,37.0319,8.554,1443,Action & Adventure|Animation|Comedy|Sci-Fi & Fantasy,TV Show
240,Jackie Chan Adventures,"10759, 16, 35, 10765",2000-09-09,en,36.9991,8.2,878,Action & Adventure|Animation|Comedy|Sci-Fi & Fantasy,TV Show
308014,Berlin and the Lady with an Ermine,"18, 80, 10759",2026-05-15,es,36.9719,8.206,177,Drama|Crime|Action & Adventure,TV Show
68854,From Me to You: Kimi ni Todoke,"16, 18",2009-10-07,ja,36.9138,8.4,358,Animation|Drama,TV Show
31991,WWE NXT,"10759, 18, 10764",2010-02-23,en,36.8932,6.7,127,Action & Adventure|Drama|Reality,TV Show
4333,The Saint,"10759, 80, 18, 9648",1962-10-04,en,36.8599,7.371,128,Action & Adventure|Crime|Drama|Mystery,TV Show
203737,【OSHI NO KO】,"16, 18",2023-04-12,ja,36.8195,8.288,332,Animation|Drama,TV Show
2962,The Mary Tyler Moore Show,35,1970-09-19,en,36.8066,7.641,85,Comedy,TV Show
890,Neon Genesis Evangelion,"10765, 16, 18",1995-10-04,ja,36.7673,8.57,2105,Sci-Fi & Fantasy|Animation|Drama,TV Show
4068,Hogan's Heroes,"10768, 35",1965-09-17,en,36.7453,7.579,183,War & Politics|Comedy,TV Show
2354,Home and Away,"18, 10766",1988-01-18,en,36.6284,6.3,77,Drama|Soap,TV Show
316830,Seeking Persephone,18,2026-03-01,en,36.616,8.7,10,Drama,TV Show
2595,Knots Landing,"18, 10766",1979-12-27,en,36.5775,6.932,44,Drama|Soap,TV Show
61662,Schitt's Creek,35,2015-01-13,en,36.4985,7.787,702,Comedy,TV Show
73048,SNL Korea,"10764, 35",2011-12-03,ko,36.4813,8.2,5,Reality|Comedy,TV Show
2098,Batman: The Animated Series,"10759, 16, 18, 9648",1992-09-05,en,36.4621,8.579,1836,Action & Adventure|Animation|Drama|Mystery,TV Show
63401,We Bare Bears,"16, 35, 10762",2015-08-24,en,36.442,7.7,1848,Animation|Comedy|Kids,TV Show
305469,Another Chance,"18, 9648, 10765",2025-12-18,tr,36.4297,10.0,1,Drama|Mystery|Sci-Fi & Fantasy,TV Show
83867,Andor,"10765, 10759, 18",2022-09-21,en,36.4219,8.298,2056,Sci-Fi & Fantasy|Action & Adventure|Drama,TV Show
97525,To Your Eternity,"16, 10759, 10765",2021-04-12,ja,36.4147,8.209,325,Animation|Action & Adventure|Sci-Fi & Fantasy,TV Show
2585,Heartbeat,"80, 18, 35",1992-04-10,en,36.4019,7.2,33,Crime|Drama|Comedy,TV Show
3091,Family Affairs,"18, 10766",1997-03-30,en,36.3713,3.7,6,Drama|Soap,TV Show
3382,Charlie's Angels,10759,1976-09-22,en,36.3686,6.692,232,Action & Adventure,TV Show
52,That '70s Show,"35, 10751, 18",1998-08-23,en,36.3554,7.925,1604,Comedy|Family|Drama,TV Show
1338,Alarm for Cobra 11: The Motorway Police,"18, 35, 10759",1996-03-12,de,36.2955,6.564,132,Drama|Comedy|Action & Adventure,TV Show
6809,El hormiguero,"35, 10767",2006-09-24,es,36.2751,4.8,39,Comedy|Talk,TV Show
50825,Sleepy Hollow,"18, 9648, 10765",2013-09-16,en,36.2521,7.422,1115,Drama|Mystery|Sci-Fi & Fantasy,TV Show
272711,My Stubborn,18,2025-04-20,th,36.2355,7.63,23,Drama,TV Show
307325,The Eyes,"80, 18, 9648, 16",2026-12-18,en,36.2114,0.0,0,Crime|Drama|Mystery|Animation,TV Show
262469,Dating Naked UK,10764,2024-08-23,en,36.2068,8.222,45,Reality,TV Show
14686,Alles was zählt,"10766, 18",2006-09-04,de,36.1518,4.875,8,Soap|Drama,TV Show
68073,The Loud House,"16, 35, 10751, 10762, 9648",2016-05-02,en,36.0795,7.8,564,Animation|Comedy|Family|Kids|Mystery,TV Show
2345,Kim Possible,"16, 10759, 35, 10762",2002-06-07,en,36.0559,7.515,563,Animation|Action & Adventure|Comedy|Kids,TV Show
46533,The Americans,"80, 18",2013-01-30,en,36.0441,7.874,1062,Crime|Drama,TV Show
135157,Alchemy of Souls,"18, 10765, 10759, 9648",2022-06-18,ko,36.0336,8.575,784,Drama|Sci-Fi & Fantasy|Action & Adventure|Mystery,TV Show
39276,Unforgettable,"80, 18, 9648",2011-09-20,en,36.0111,7.239,341,Crime|Drama|Mystery,TV Show
57911,Doraemon,"10759, 16, 35, 10765, 10762, 10751",1979-04-02,ja,35.9635,7.688,607,Action & Adventure|Animation|Comedy|Sci-Fi & Fantasy|Kids|Family,TV Show
5687,The Smurfs,"16, 10751, 10765, 10762, 35",1981-09-12,en,35.9383,6.999,572,Animation|Family|Sci-Fi & Fantasy|Kids|Comedy,TV Show
6127,Agatha Christie's Marple,"18, 80, 9648",2004-12-12,en,35.8641,7.801,143,Drama|Crime|Mystery,TV Show
2303,Hawaii Five-O,"10759, 18",1968-09-20,en,35.8425,7.165,158,Action & Adventure|Drama,TV Show
4660,Adam-12,"80, 18",1968-09-21,en,35.824,7.146,48,Crime|Drama,TV Show
46437,Kingdom,"10759, 16, 18",2012-06-04,ja,35.8153,7.657,54,Action & Adventure|Animation|Drama,TV Show
62560,Mr. Robot,"80, 18",2015-06-24,en,35.7971,8.267,5393,Crime|Drama,TV Show
2287,Batman,"10765, 35, 10759",1966-01-12,en,35.787,7.325,602,Sci-Fi & Fantasy|Comedy|Action & Adventure,TV Show
66840,Bull,"80, 18, 35",2016-09-20,en,35.7622,7.056,401,Crime|Drama|Comedy,TV Show
63926,One-Punch Man,"16, 35, 10759, 10765",2015-10-05,ja,35.7211,8.371,4140,Animation|Comedy|Action & Adventure|Sci-Fi & Fantasy,TV Show
84791,Come Home Love,"35, 18, 10751",2012-05-14,cn,35.7073,8.0,1,Comedy|Drama|Family,TV Show
274556,Far Away,"18, 10751, 10759",2024-11-11,tr,35.7065,7.6,26,Drama|Family|Action & Adventure,TV Show
67824,Quotidien,10767,2016-09-12,fr,35.6911,5.25,18,Talk,TV Show
258865,Love Beyond the Grave,"18, 10765",2026-03-28,zh,35.6815,7.9,10,Drama|Sci-Fi & Fantasy,TV Show
34742,To Love Ru,"16, 35, 10765",2008-04-04,ja,35.6701,8.206,406,Animation|Comedy|Sci-Fi & Fantasy,TV Show
13895,Bat Masterson,"37, 18",1958-10-08,en,35.6091,6.1,15,Western|Drama,TV Show
64492,SHIROBAKO,"16, 35, 18",2014-10-09,ja,35.6063,7.847,72,Animation|Comedy|Drama,TV Show
72351,Hilda Hurricane,"18, 10768, 10766",1998-05-27,pt,35.5996,8.063,32,Drama|War & Politics|Soap,TV Show
609,Green Acres,35,1965-09-15,en,35.5965,7.209,74,Comedy,TV Show
3469,Minder,"35, 18, 10759, 80",1979-10-29,en,35.5954,7.172,29,Comedy|Drama|Action & Adventure|Crime,TV Show
42912,Inazuma Eleven,"16, 10765",2008-10-05,ja,35.5513,8.0,310,Animation|Sci-Fi & Fantasy,TV Show
91801,Welcome to Demon School! Iruma-kun,"16, 35, 10765",2019-10-05,ja,35.5368,8.216,291,Animation|Comedy|Sci-Fi & Fantasy,TV Show
216467,Mission: Yozakura Family,"16, 35, 10759",2024-04-07,ja,35.5177,7.492,66,Animation|Comedy|Action & Adventure,TV Show
17463,Kid vs. Kat,"10759, 16, 35, 10765, 10751, 10762",2008-10-25,en,35.4873,7.9,327,Action & Adventure|Animation|Comedy|Sci-Fi & Fantasy|Family|Kids,TV Show
92892,Ahiru no Sora,"16, 18",2019-10-01,ja,35.3785,8.434,188,Animation|Drama,TV Show
186,Weeds,"35, 80, 18",2005-08-07,en,35.3724,7.471,993,Comedy|Crime|Drama,TV Show
100565,86 EIGHTY-SIX,"16, 10759, 10765, 10768",2021-04-11,ja,35.3656,8.079,246,Animation|Action & Adventure|Sci-Fi & Fantasy|War & Politics,TV Show
301507,Heated Rivalry,18,2025-11-28,en,35.3334,8.7,525,Drama,TV Show
1558,Home Improvement,35,1991-09-17,en,35.3151,7.388,718,Comedy,TV Show
51817,Teenage Mutant Ninja Turtles,"10759, 10762, 16, 10765, 35",2012-09-28,en,35.2695,8.3,792,Action & Adventure|Kids|Animation|Sci-Fi & Fantasy|Comedy,TV Show
18495,Nonstop,"18, 35",2000-05-15,ko,35.1765,5.333,6,Drama|Comedy,TV Show
61923,Star vs. the Forces of Evil,"10759, 16, 35, 10765, 10751",2015-01-18,en,35.1488,8.359,1507,Action & Adventure|Animation|Comedy|Sci-Fi & Fantasy|Family,TV Show
2919,Burn Notice,"10759, 18, 80",2007-06-28,en,35.1447,7.464,590,Action & Adventure|Drama|Crime,TV Show
13778,The Deputy,37,1959-09-12,en,35.1247,6.5,6,Western,TV Show
4229,Dexter's Laboratory,"16, 35, 10765",1996-04-28,en,35.1038,7.651,897,Animation|Comedy|Sci-Fi & Fantasy,TV Show
67133,MacGyver,"18, 10759",2016-09-23,en,35.0547,7.3,967,Drama|Action & Adventure,TV Show
12637,Rebelde,"18, 35",2004-10-04,es,35.0545,8.411,5198,Drama|Comedy,TV Show
1486,21 Jump Street,"80, 9648, 18",1987-04-12,en,35.0143,7.286,196,Crime|Mystery|Drama,TV Show
30980,A Certain Magical Index,"16, 10765, 35, 9648",2008-10-05,ja,35.0111,7.51,192,Animation|Sci-Fi & Fantasy|Comedy|Mystery,TV Show
4610,Hannah Montana,"35, 10751",2006-03-24,en,34.9999,7.138,734,Comedy|Family,TV Show
72649,Hot Ones,"10767, 35",2015-03-12,en,34.9922,7.088,74,Talk|Comedy,TV Show
63351,Narcos,"80, 18",2015-08-28,en,34.9549,8.076,3318,Crime|Drama,TV Show
86848,Evil,"80, 18, 9648",2019-09-26,en,34.9093,7.824,1037,Crime|Drama|Mystery,TV Show
3750,Nip/Tuck,18,2003-07-22,en,34.7748,7.191,522,Drama,TV Show
211089,Strange Tales of Tang Dynasty,"9648, 80, 18, 10759",2022-09-27,zh,34.767,8.3,51,Mystery|Crime|Drama|Action & Adventure,TV Show
323243,One Pace,"16, 10759, 10765",2020-12-02,en,34.6819,10.0,1,Animation|Action & Adventure|Sci-Fi & Fantasy,TV Show
24835,Clannad,"16, 35, 18, 10765",2007-10-05,ja,34.6586,8.3,483,Animation|Comedy|Drama|Sci-Fi & Fantasy,TV Show
4920,Damages,"9648, 18, 80",2007-07-24,en,34.657,7.4,238,Mystery|Drama|Crime,TV Show
1404,Chuck,"10759, 35, 18",2007-09-24,en,34.6384,7.707,1205,Action & Adventure|Comedy|Drama,TV Show
45854,Yu-Gi-Oh! Zexal,"16, 35, 10759, 10765, 10762",2011-04-11,ja,34.6271,7.325,57,Animation|Comedy|Action & Adventure|Sci-Fi & Fantasy|Kids,TV Show
2102,Simon & Simon,18,1981-11-24,en,34.58,6.716,95,Drama,TV Show
2132,The Dick Van Dyke Show,35,1961-10-03,en,34.5642,7.571,105,Comedy,TV Show
79917,Bares für Rares,"10767, 10764, 99",2013-08-04,de,34.4821,7.6,9,Talk|Reality|Documentary,TV Show
62992,DAS!,"10767, 10763",1991-01-02,de,34.4765,4.7,6,Talk|News,TV Show
213249,Sausage Party: Foodtopia,"16, 35, 10759, 10765",2024-07-11,en,34.4614,6.835,203,Animation|Comedy|Action & Adventure|Sci-Fi & Fantasy,TV Show
127,Boston Public,18,2000-10-23,en,34.3716,7.6,49,Drama,TV Show
323480,Apocalipse 13,"10759, 16, 18, 10751, 9648",2025-11-23,pt,34.341,10.0,1,Action & Adventure|Animation|Drama|Family|Mystery,TV Show
105660,색녀도,"10764, 35",2013-10-24,ko,34.332,9.5,2,Reality|Comedy,TV Show
4455,Get Smart,"35, 10765",1965-09-18,en,34.3186,7.924,434,Comedy|Sci-Fi & Fantasy,TV Show
157744,1923,"18, 37",2022-12-18,en,34.2972,8.2,777,Drama|Western,TV Show
65682,Sister-in-Law Is at Home!,"35, 18, 10751, 10766",2015-03-02,hi,34.2682,5.6,8,Comedy|Drama|Family|Soap,TV Show
95226,Champs-Elysées,10767,1982-01-16,fr,34.2574,6.8,8,Talk,TV Show
231503,Wild heart,18,2023-09-12,tr,34.2277,8.679,53,Drama,TV Show
204269,Caressing My Hibernating Bear,16,2022-07-04,ja,34.2255,6.0,5,Animation,TV Show
99071,Redo of Healer,"16, 10759, 10765, 18, 80",2021-01-13,ja,34.2169,8.317,1031,Animation|Action & Adventure|Sci-Fi & Fantasy|Drama|Crime,TV Show
62286,Fear the Walking Dead,"10759, 18",2015-08-23,en,34.1642,7.617,5182,Action & Adventure|Drama,TV Show
80752,See,"18, 10765, 10759",2019-11-01,en,34.0807,8.078,2835,Drama|Sci-Fi & Fantasy|Action & Adventure,TV Show
2093,Matlock,"18, 80",1986-03-03,en,34.0733,7.149,134,Drama|Crime,TV Show
1850,Caroline in the City,"35, 18, 16",1995-09-21,en,34.0479,6.636,33,Comedy|Drama|Animation,TV Show
259837,The WONDERfools,"10759, 35, 10765, 18",2026-05-15,ko,34.0216,9.044,194,Action & Adventure|Comedy|Sci-Fi & Fantasy|Drama,TV Show
87108,Chernobyl,18,2019-05-06,en,33.9375,8.716,7971,Drama,TV Show
4274,Tom & Jerry Kids Show,"10762, 16, 35",1990-09-08,en,33.937,6.5,129,Kids|Animation|Comedy,TV Show
47640,The Strain,"10765, 18, 9648",2014-07-13,en,33.9314,7.463,2003,Sci-Fi & Fantasy|Drama|Mystery,TV Show
202411,Monarch: Legacy of Monsters,"10765, 18, 10759",2023-11-16,en,33.8983,7.753,1324,Sci-Fi & Fantasy|Drama|Action & Adventure,TV Show
276609,Thukra Ke Mera Pyaar,18,2024-11-22,hi,33.8585,6.0,3,Drama,TV Show
245927,Paradise,"80, 18",2025-01-26,en,33.8332,7.501,472,Crime|Drama,TV Show
306887,Matrix Dreads,"10759, 16, 35, 9648",2026-10-17,en,33.8022,0.0,0,Action & Adventure|Animation|Comedy|Mystery,TV Show
1274,Six Feet Under,18,2001-06-03,en,33.7825,8.1,1124,Drama,TV Show
68398,Dr. Romantic,18,2016-11-07,ko,33.7736,8.2,123,Drama,TV Show
13286,Peak Practice,18,1993-05-10,en,33.7566,6.5,10,Drama,TV Show
62649,Superstore,35,2015-11-30,en,33.7249,7.551,818,Comedy,TV Show
72896,My Little Old Boy,"10764, 10767",2016-08-26,ko,33.7147,7.0,10,Reality|Talk,TV Show
95205,The Equalizer,"80, 18",2021-02-07,en,33.7128,7.275,318,Crime|Drama,TV Show
12598,Black Lagoon,"10759, 16, 18, 80",2006-04-09,ja,33.702,8.017,529,Action & Adventure|Animation|Drama|Crime,TV Show
6744,The Merv Griffin Show,10767,1962-10-01,en,33.6811,6.6,10,Talk,TV Show
112613,Ranking of Kings,"16, 10759, 10765",2021-10-15,ja,33.6701,8.031,322,Animation|Action & Adventure|Sci-Fi & Fantasy,TV Show
20477,Wogan,10767,1982-05-04,en,33.6072,5.286,7,Talk,TV Show
61663,Your Lie in April,"16, 35, 18",2014-10-10,ja,33.5774,8.565,1147,Animation|Comedy|Drama,TV Show
65763,New Looney Tunes,"16, 35, 10751, 10762",2015-09-21,en,33.573,7.029,153,Animation|Comedy|Family|Kids,TV Show
41149,Die Rosenheim-Cops,"80, 35",2002-01-09,de,33.5616,6.444,27,Crime|Comedy,TV Show
84958,Loki,"18, 10765",2021-06-09,en,33.5494,8.17,12439,Drama|Sci-Fi & Fantasy,TV Show
5675,Panorama,"99, 10763",1953-11-11,en,33.4764,6.3,14,Documentary|News,TV Show
35610,InuYasha,"16, 10759, 10765",2000-10-16,ja,33.4224,8.6,2086,Animation|Action & Adventure|Sci-Fi & Fantasy,TV Show
217972,Survivor Romania,10764,2020-01-18,ro,33.4085,7.0,5,Reality,TV Show
494,Alice,"35, 18",1976-08-31,en,33.3337,7.085,59,Comedy|Drama,TV Show
2942,The Tudors,"18, 10749",2007-04-01,en,33.3085,7.818,829,Drama|Romance,TV Show
61418,Jane the Virgin,"35, 18",2014-10-13,en,33.3055,7.9,899,Comedy|Drama,TV Show
39358,Revenge,"18, 9648",2011-09-21,en,33.3003,7.562,839,Drama|Mystery,TV Show
103254,Yashahime: Princess Half-Demon,"16, 10759",2020-10-03,ja,33.2642,8.305,169,Animation|Action & Adventure,TV Show
201834,ted,35,2024-01-11,en,33.2458,7.951,688,Comedy,TV Show
30395,Yawara!,"16, 35, 18",1989-10-16,ja,33.2373,7.143,7,Animation|Comedy|Drama,TV Show
15069,American Masters,99,1986-06-23,en,33.2205,7.0,25,Documentary,TV Show
4454,Will & Grace,35,1998-09-21,en,33.209,6.872,567,Comedy,TV Show
14743,El cor de la ciutat,10766,2000-09-11,ca,33.1742,5.4,7,Soap,TV Show
123591,The Smurfs,"16, 35, 10751, 10762",2021-04-18,fr,33.1185,7.079,190,Animation|Comedy|Family|Kids,TV Show
296286,Smoking Behind the Supermarket with You,"16, 18, 35",2026-07-09,ja,33.0913,0.0,0,Animation|Drama|Comedy,TV Show
265167,ZIBB,"10763, 10767",2003-11-10,de,33.0904,7.0,1,News|Talk,TV Show
242965,After Midnight,"35, 10767",2024-01-17,en,33.0764,5.273,22,Comedy|Talk,TV Show
1621,Boardwalk Empire,"80, 18",2010-09-19,en,32.9875,8.026,1275,Crime|Drama,TV Show
256059,"Ready, Steady, Cook",10764,1994-10-24,en,32.9754,8.0,1,Reality,TV Show
325936,Pippi Longstocking,"16, 10751",,en,32.8856,0.0,0,Animation|Family,TV Show
10029,Great Performances,"35, 99, 18",1971-01-28,en,32.8636,6.1,25,Comedy|Documentary|Drama,TV Show
259695,Shutline,"16, 35, 18",2024-07-18,ko,32.8515,6.5,2,Animation|Comedy|Drama,TV Show
33880,The Legend of Korra,"16, 10759, 10765, 18",2012-04-14,en,32.8283,8.2,2342,Animation|Action & Adventure|Sci-Fi & Fantasy|Drama,TV Show
158282,Lock Upp,10764,2022-02-27,hi,32.8281,9.2,5,Reality,TV Show
64198,Blaze and the Monster Machines,"10762, 16, 10751, 35",2014-10-13,en,32.8182,7.4,56,Kids|Animation|Family|Comedy,TV Show
213194,Cranberry Sorbet,"10751, 18",2022-10-28,tr,32.8154,6.7,18,Family|Drama,TV Show
4397,V.I.P.,"10759, 35, 80",1998-09-26,en,32.8136,5.304,69,Action & Adventure|Comedy|Crime,TV Show
114478,Star Wars: Visions,"16, 10765, 10759",2021-09-22,en,32.7264,7.1,476,Animation|Sci-Fi & Fantasy|Action & Adventure,TV Show
879,All My Children,10766,1970-01-05,en,32.7198,6.558,26,Soap,TV Show
10283,Archer,"35, 10759, 16",2009-09-17,en,32.7006,7.942,1433,Comedy|Action & Adventure|Animation,TV Show
2179,"Quincy, M.E.","80, 18, 9648",1976-10-03,en,32.6778,7.513,119,Crime|Drama|Mystery,TV Show
30991,Cowboy Bebop,"16, 10759, 10765, 37",1998-04-03,ja,32.6579,8.5,1956,Animation|Action & Adventure|Sci-Fi & Fantasy|Western,TV Show
93816,Great Pretender,"16, 18, 35, 10759",2020-07-09,ja,32.6412,7.521,146,Animation|Drama|Comedy|Action & Adventure,TV Show
247718,MobLand,"80, 18",2025-03-30,en,32.6159,8.349,706,Crime|Drama,TV Show
6357,The Twilight Zone,"10765, 9648, 18",1959-10-02,en,32.6114,8.503,1038,Sci-Fi & Fantasy|Mystery|Drama,TV Show
90937,BEASTARS,"16, 18, 9648, 80",2019-10-10,ja,32.6078,8.42,1308,Animation|Drama|Mystery|Crime,TV Show
222766,The Day of the Jackal,"18, 10759, 9648",2024-11-07,en,32.5948,8.2,1176,Drama|Action & Adventure|Mystery,TV Show
216445,Fireworks of My Heart,"10759, 18",2023-07-05,zh,32.5943,7.971,68,Action & Adventure|Drama,TV Show
99966,All of Us Are Dead,"10759, 18, 10765",2022-01-28,ko,32.5907,8.278,4382,Action & Adventure|Drama|Sci-Fi & Fantasy,TV Show
64196,Overlord,"16, 10765, 10759",2015-07-07,ja,32.5889,8.459,1095,Animation|Sci-Fi & Fantasy|Action & Adventure,TV Show
325940,BEAT & MOTION,"16, 18, 35",,en,32.5826,0.0,0,Animation|Drama|Comedy,TV Show
73362,The Ladies' Paradise,"35, 10766, 18",2015-12-08,it,32.5688,7.6,15,Comedy|Soap|Drama,TV Show
244224,Spécial cinéma,10767,1974-09-25,fr,32.5584,9.5,2,Talk,TV Show
325153,CODE RED SEASON 1,"10759, 16, 18, 9648, 10765",2027-05-20,en,32.5531,0.0,0,Action & Adventure|Animation|Drama|Mystery|Sci-Fi & Fantasy,TV Show
2389,Las Vegas,"18, 10759, 80",2003-09-22,en,32.5326,7.049,263,Drama|Action & Adventure|Crime,TV Show
318353,Story of His Maid,18,2026-06-02,ru,32.4555,0.0,0,Drama,TV Show
79696,Manifest,"10765, 9648, 18",2018-09-24,en,32.4454,7.633,1796,Sci-Fi & Fantasy|Mystery|Drama,TV Show
34860,Ninja Boy Rantaro,"35, 10759, 10762, 16, 10751",1993-04-10,ja,32.4439,6.705,22,Comedy|Action & Adventure|Kids|Animation|Family,TV Show
37757,MasterChef Greece,10764,2010-10-03,el,32.4158,5.6,8,Reality,TV Show
3322,Oz,"80, 18",1997-07-12,en,32.4022,8.051,844,Crime|Drama,TV Show
241609,Your Friends & Neighbors,"18, 80",2025-04-10,en,32.3998,7.76,275,Drama|Crime,TV Show
111115,Sacrée soirée,10767,1987-09-02,fr,32.3641,5.7,5,Talk,TV Show
58981,The Thundermans,"10759, 35, 10751, 10765",2013-10-14,en,32.3476,8.015,602,Action & Adventure|Comedy|Family|Sci-Fi & Fantasy,TV Show
61692,Fresh Off the Boat,35,2015-02-04,en,32.3062,7.2,297,Comedy,TV Show
45596,Masterpiece,18,2017-01-15,en,32.24,9.0,3,Drama,TV Show
38464,Blue Exorcist,"16, 10765, 9648, 10759",2011-04-17,ja,32.2241,7.859,534,Animation|Sci-Fi & Fantasy|Mystery|Action & Adventure,TV Show
605,"Sabrina, the Teenage Witch","35, 10751, 10765",1996-09-27,en,32.2138,7.8,1221,Comedy|Family|Sci-Fi & Fantasy,TV Show
1678,The Golden Girls,35,1985-09-14,en,32.1852,7.59,394,Comedy,TV Show
45094,The Following,"80, 18",2013-01-21,en,32.178,6.889,591,Crime|Drama,TV Show
18123,Scooby-Doo! Mystery Incorporated,"16, 9648, 10751, 10765",2010-07-12,en,32.1631,8.227,1119,Animation|Mystery|Family|Sci-Fi & Fantasy,TV Show
2085,Courage the Cowardly Dog,"16, 10751, 10765, 35, 10762",1999-11-12,en,32.1443,8.204,1643,Animation|Family|Sci-Fi & Fantasy|Comedy|Kids,TV Show
2370,Hell's Kitchen,10764,2005-05-30,en,32.1327,6.809,329,Reality,TV Show
97860,Tower of God,"16, 10759, 9648, 10765",2020-04-02,ja,32.1138,8.177,515,Animation|Action & Adventure|Mystery|Sci-Fi & Fantasy,TV Show
237560,Chachi No.1,18,2023-10-17,hi,32.1028,0.0,0,Drama,TV Show
10929,The Wild Wild West,"10759, 35, 18, 37, 10765",1965-09-17,en,32.0956,7.56,83,Action & Adventure|Comedy|Drama|Western|Sci-Fi & Fantasy,TV Show
1436,Justified,"80, 18",2010-03-16,en,32.0607,7.977,850,Crime|Drama,TV Show
37288,Morgenmagazin,"10763, 10767",1992-07-19,de,32.0302,5.333,3,News|Talk,TV Show
3219,Murphy Brown,35,1988-11-14,en,32.0238,6.44,84,Comedy,TV Show
93166,The Capture,"80, 18, 9648",2019-09-03,en,31.9835,7.7,329,Crime|Drama|Mystery,TV Show
3136,E Street,"10766, 18",1989-01-24,en,31.9449,6.7,6,Soap|Drama,TV Show
49347,Elif,"18, 10751, 10766",2014-09-15,tr,31.9024,5.7,10,Drama|Family|Soap,TV Show
3763,Dinosaurs,"10765, 35, 10751",1991-04-26,en,31.8882,7.8,1090,Sci-Fi & Fantasy|Comedy|Family,TV Show
3845,Happy Days,35,1974-01-15,en,31.7933,7.636,306,Comedy,TV Show
125935,Abbott Elementary,35,2021-12-07,en,31.7838,7.446,299,Comedy,TV Show
2191,One Day at a Time,35,1975-12-16,en,31.743,6.794,63,Comedy,TV Show
162,Night Court,35,1984-01-04,en,31.7398,7.316,141,Comedy,TV Show
1530,My Three Sons,"35, 10751",1960-09-29,en,31.736,6.613,40,Comedy|Family,TV Show
21762,Parenthood,18,2010-03-02,en,31.7345,7.464,181,Drama,TV Show
4464,Homicide: Life on the Street,"9648, 18, 80",1993-01-31,en,31.7188,8.098,143,Mystery|Drama|Crime,TV Show
3425,Ultraman,"10759, 10765, 9648",1966-07-17,ja,31.6557,8.356,59,Action & Adventure|Sci-Fi & Fantasy|Mystery,TV Show
1848,Winx Club,"10762, 16, 10765, 10759",2004-01-28,it,31.6365,8.026,544,Kids|Animation|Sci-Fi & Fantasy|Action & Adventure,TV Show
80318,CentoVetrine,"10766, 18",2001-01-08,it,31.6121,6.5,2,Soap|Drama,TV Show
194916,Chiikawa,"16, 35, 10751, 10762, 10765",2022-04-04,ja,31.6094,8.2,14,Animation|Comedy|Family|Kids|Sci-Fi & Fantasy,TV Show
126506,Smiling Friends,"16, 35, 10765",2020-04-01,en,31.5958,8.522,435,Animation|Comedy|Sci-Fi & Fantasy,TV Show
4297,The Equalizer,"10759, 80, 18",1985-09-18,en,31.5725,7.136,66,Action & Adventure|Crime|Drama,TV Show
52083,Amagami SS,"16, 35, 18",2010-07-02,ja,31.5599,7.327,52,Animation|Comedy|Drama,TV Show
2129,The Adventures of Jimmy Neutron: Boy Genius,"16, 35, 10765, 10759, 10762",2002-07-20,en,31.5447,7.39,862,Animation|Comedy|Sci-Fi & Fantasy|Action & Adventure|Kids,TV Show
69158,The Good Fight,18,2017-02-19,en,31.498,7.53,337,Drama,TV Show
537,Hey Arnold!,"10751, 16, 35, 18",1996-10-07,en,31.4814,8.019,984,Family|Animation|Comedy|Drama,TV Show
3050,The Practice,18,1997-03-04,en,31.4738,7.664,110,Drama,TV Show
67116,Lethal Weapon,"10759, 80, 18, 35",2016-09-21,en,31.4707,7.317,794,Action & Adventure|Crime|Drama|Comedy,TV Show
44953,El Señor de los Cielos,"80, 18, 10766",2013-04-15,es,31.4309,7.939,3453,Crime|Drama|Soap,TV Show
79460,Legacies,"10765, 18",2018-10-25,en,31.4203,8.419,3029,Sci-Fi & Fantasy|Drama,TV Show
945,Burke's Law,18,1963-09-20,en,31.3842,6.25,12,Drama,TV Show
257530,Laughter Chefs Unlimited Entertainment,"35, 10751",2024-06-01,hi,31.3291,5.5,2,Comedy|Family,TV Show
5375,Emergency!,"10759, 18",1972-01-22,en,31.3291,7.913,52,Action & Adventure|Drama,TV Show
228429,Soul Land 2: The Peerless Tang Clan,"16, 10765, 10759, 18",2023-06-24,zh,31.3194,7.9,14,Animation|Sci-Fi & Fantasy|Action & Adventure|Drama,TV Show
61440,Strike the Blood,"16, 10759, 10765",2013-10-04,ja,31.2891,6.9,80,Animation|Action & Adventure|Sci-Fi & Fantasy,TV Show
15819,Warehouse 13,"10765, 35, 10759, 18",2009-07-07,en,31.2743,7.681,752,Sci-Fi & Fantasy|Comedy|Action & Adventure|Drama,TV Show
63409,Gokusen,"18, 35",2002-04-17,ja,31.2707,8.0,47,Drama|Comedy,TV Show
31724,Code Geass: Lelouch of the Rebellion,"16, 10765, 10759, 18",2006-10-05,ja,31.2404,8.3,891,Animation|Sci-Fi & Fantasy|Action & Adventure|Drama,TV Show
46786,Bates Motel,"18, 80, 9648",2013-03-18,en,31.2389,8.058,1771,Drama|Crime|Mystery,TV Show
96102,Hospital Playlist,"18, 35",2020-03-12,ko,31.2349,8.547,171,Drama|Comedy,TV Show
14814,Keeping Up with the Kardashians,10764,2007-10-14,en,31.215,7.4,918,Reality,TV Show
224942,This Is Not a Murder Mystery,"80, 18",2025-08-14,en,31.1438,4.917,12,Crime|Drama,TV Show
4496,Meet the Press,"10763, 10767",1947-11-06,en,31.1325,4.6,20,News|Talk,TV Show
126437,Aoashi,16,2022-04-09,ja,31.1078,7.6,61,Animation,TV Show
30623,Shin Chan,"16, 35",1992-04-13,ja,31.1035,7.7,112,Animation|Comedy,TV Show
104877,Love Is in the Air,"18, 35",2020-07-08,tr,31.0963,8.223,3128,Drama|Comedy,TV Show
4658,ALF,"35, 10751, 10765",1986-09-22,en,31.0775,7.7,1225,Comedy|Family|Sci-Fi & Fantasy,TV Show
79,Dora the Explorer,"10759, 16, 10751, 10762",2000-08-14,en,31.0554,6.2,343,Action & Adventure|Animation|Family|Kids,TV Show
34634,Gold Rush,10764,2010-12-03,en,31.0533,7.1,185,Reality,TV Show
4606,Garfield and Friends,"16, 35, 10762",1988-09-17,en,31.0469,7.281,400,Animation|Comedy|Kids,TV Show
61733,Empire,"18, 10766",2015-01-07,en,31.0246,7.147,757,Drama|Soap,TV Show
66788,13 Reasons Why,"18, 9648",2017-03-31,en,30.9905,7.539,4558,Drama|Mystery,TV Show
38320,Sofias änglar,10764,2011-01-25,sv,30.9497,0.0,0,Reality,TV Show
86831,"Love, Death & Robots","16, 10765",2019-03-15,en,30.897,8.209,4029,Animation|Sci-Fi & Fantasy,TV Show
202297,Fire Country,"18, 80",2022-10-07,en,30.8528,8.1,173,Drama|Crime,TV Show
1663,The Six Million Dollar Man,"10765, 10759, 18",1974-01-18,en,30.8195,7.272,432,Sci-Fi & Fantasy|Action & Adventure|Drama,TV Show
236994,Dragon Ball DAIMA,"16, 10759, 35, 10765",2024-10-11,ja,30.8131,8.162,597,Animation|Action & Adventure|Comedy|Sci-Fi & Fantasy,TV Show
31572,Lupin the 3rd,"16, 10759, 10765",1971-10-24,ja,30.8113,8.0,129,Animation|Action & Adventure|Sci-Fi & Fantasy,TV Show
72350,DuckTales,"10751, 35, 16",2017-08-12,en,30.7787,7.8,311,Family|Comedy|Animation,TV Show
2140,Everybody Loves Raymond,35,1996-09-13,en,30.7687,6.822,656,Comedy,TV Show
10180,The Virginian,"37, 18",1962-09-19,en,30.7676,6.5,35,Western|Drama,TV Show
113268,The Uncanny Counter,"18, 9648, 10759",2020-11-28,ko,30.7634,8.332,434,Drama|Mystery|Action & Adventure,TV Show
30667,The George Burns and Gracie Allen Show,35,1950-10-12,en,30.7171,7.1,19,Comedy,TV Show
97,The Drew Carey Show,35,1995-09-13,en,30.7011,6.483,181,Comedy,TV Show
287641,Dazzling,18,2026-05-27,zh,30.62,7.5,6,Drama,TV Show
85338,Movie Room,10767,2018-05-04,ko,30.5782,9.4,5,Talk,TV Show
197906,Infinity and Beyond,10764,2022-04-24,zh,30.5623,6.7,7,Reality,TV Show
4026,CBS News Sunday Morning,10763,1979-01-28,en,30.5416,7.0,22,News,TV Show
4357,Mission: Impossible,"10759, 80, 18",1966-09-17,en,30.5409,7.561,311,Action & Adventure|Crime|Drama,TV Show
954,The Rockford Files,"80, 18, 9648",1974-09-13,en,30.5251,7.614,127,Crime|Drama|Mystery,TV Show
2144,The Lucy Show,35,1962-10-01,en,30.5086,7.108,51,Comedy,TV Show
7225,Merlin,"10759, 18, 10765",2008-09-20,en,30.4726,7.833,1147,Action & Adventure|Drama|Sci-Fi & Fantasy,TV Show
218559,Ekka Dokka,"18, 10751",2022-07-18,bn,30.4593,0.0,0,Drama|Family,TV Show
226285,Elsbeth,"80, 18, 35, 9648",2024-02-29,en,30.432,6.8,121,Crime|Drama|Comedy|Mystery,TV Show
55582,Solitary Gourmet,18,2012-01-04,ja,30.3993,8.9,24,Drama,TV Show
124394,Power Book III: Raising Kanan,"18, 80",2021-07-18,en,30.3788,8.065,217,Drama|Crime,TV Show
108188,Barbara Karlich – Talk um 4,10767,1999-10-27,de,30.3776,4.5,4,Talk,TV Show
11576,Bob Hope Presents the Chrysler Theatre,"18, 35, 10767",1963-10-04,en,30.3633,5.875,8,Drama|Comedy|Talk,TV Show
131040,Call Me By Fire,10764,2021-08-12,zh,30.3405,8.0,6,Reality,TV Show
92592,BNA,"16, 10759, 10765",2020-04-09,ja,30.336,8.17,435,Animation|Action & Adventure|Sci-Fi & Fantasy,TV Show
72974,Downtown no Gaki no Tsukai ya Arahende!!,"10759, 35, 10767",1989-10-03,ja,30.2842,0.0,0,Action & Adventure|Comedy|Talk,TV Show
67026,Designated Survivor,"18, 10768",2016-09-21,en,30.2616,7.146,1130,Drama|War & Politics,TV Show
5917,90210,18,2008-09-02,en,30.2434,5.763,207,Drama,TV Show
71971,Detective Investigation Files,"9648, 80, 18",1995-03-13,cn,30.2397,8.1,10,Mystery|Crime|Drama,TV Show
302063,Deep In Love,"18, 10751, 10766",2025-10-10,tr,30.2265,8.053,19,Drama|Family|Soap,TV Show
71914,The Wheel of Time,"10765, 18",2021-11-18,en,30.1951,7.598,2414,Sci-Fi & Fantasy|Drama,TV Show
1948,Degrassi,"18, 10766",2001-10-14,en,30.1177,7.593,113,Drama|Soap,TV Show
1423,Ray Donovan,18,2013-06-30,en,30.1158,7.498,835,Drama,TV Show
8358,Lie to Me,"80, 18, 9648",2009-01-21,en,30.1021,7.878,1684,Crime|Drama|Mystery,TV Show
2405,Johnny Bravo,"16, 35, 10751",1997-07-07,en,29.9919,7.285,644,Animation|Comedy|Family,TV Show
2153,Arthur,"16, 35, 10762, 10751",1996-10-07,en,29.9644,7.0,185,Animation|Comedy|Kids|Family,TV Show
57775,Chibi Maruko-chan,"16, 35",1990-01-07,ja,29.9594,7.8,24,Animation|Comedy,TV Show
106621,An Exciting Offer,10764,2019-10-30,zh,29.9586,8.0,5,Reality,TV Show
28032,Eurovision Song Contest,"10764, 10767",1956-05-24,en,29.9563,7.2,36,Reality|Talk,TV Show
62017,The Man in the High Castle,"10765, 18",2015-01-15,en,29.9387,7.526,1492,Sci-Fi & Fantasy|Drama,TV Show
2908,The Sullivans,"18, 10766",1976-11-15,en,29.9192,5.375,8,Drama|Soap,TV Show
4266,Party of Five,18,1994-09-12,en,29.9149,7.0,131,Drama,TV Show
233526,A Rainha da Pérsia,"18, 10766, 10768, 10759, 9648",2024-06-17,pt,29.8827,8.769,13,Drama|Soap|War & Politics|Action & Adventure|Mystery,TV Show
210081,Sherri,10767,2022-09-12,en,29.8796,2.6,14,Talk,TV Show
101972,Our Last Crusade or the Rise of a New World,"16, 10759, 10765, 10768",2020-10-04,ja,29.8635,8.163,245,Animation|Action & Adventure|Sci-Fi & Fantasy|War & Politics,TV Show
280932,Khelaghor,"18, 10751",2020-11-30,bn,29.8257,0.0,0,Drama|Family,TV Show
204832,MASHLE: MAGIC AND MUSCLES,"16, 35, 10759, 10765",2023-04-08,ja,29.7961,8.297,650,Animation|Comedy|Action & Adventure|Sci-Fi & Fantasy,TV Show
278573,Perfect Crown,"35, 18",2026-04-10,ko,29.7843,8.975,158,Comedy|Drama,TV Show
3004,Newhart,"35, 18",1982-10-02,en,29.7836,7.136,59,Comedy|Drama,TV Show
324556,Intekhab,"18, 10751",2026-06-10,ur,29.7768,0.0,0,Drama|Family,TV Show
219290,Blood Flowers,18,2022-12-05,tr,29.7719,7.6,24,Drama,TV Show
44549,Nashville,18,2012-10-10,en,29.7421,6.6,250,Drama,TV Show
242866,33 días,"80, 18",2026-06-07,es,29.7346,1.0,1,Crime|Drama,TV Show
206484,Jade Dynasty,"16, 10759",2022-08-02,zh,29.7329,8.091,22,Animation|Action & Adventure,TV Show
154526,MF GHOST,"16, 10759",2023-10-02,ja,29.7082,8.114,35,Animation|Action & Adventure,TV Show
6489,Klan,10766,1997-09-22,pl,29.7078,5.455,11,Soap,TV Show
99466,Yarichin Bitch Club,"16, 35",2018-09-21,ja,29.6902,7.1,46,Animation|Comedy,TV Show
90802,The Sandman,"10765, 18, 10759",2022-08-05,en,29.6375,7.869,2625,Sci-Fi & Fantasy|Drama|Action & Adventure,TV Show
139060,Chained Soldier,"16, 10759, 10765",2024-01-04,ja,29.632,7.925,106,Animation|Action & Adventure|Sci-Fi & Fantasy,TV Show
246621,Mehmed: Sultan of Conquests,"10768, 18",2024-02-27,tr,29.5937,8.5,19,War & Politics|Drama,TV Show
121964,The Case Study of Vanitas,"16, 10759, 9648, 10765",2021-07-03,ja,29.5895,8.3,249,Animation|Action & Adventure|Mystery|Sci-Fi & Fantasy,TV Show
200875,IT: Welcome to Derry,"18, 9648",2025-10-26,en,29.5729,8.224,1514,Drama|Mystery,TV Show
6732,Pleasant Goat and Big Big Wolf,"16, 10762, 10759, 35, 10765",2005-08-03,zh,29.5086,7.455,22,Animation|Kids|Action & Adventure|Comedy|Sci-Fi & Fantasy,TV Show
797,Have I Got News for You,"35, 10763",1990-09-28,en,29.4983,7.167,81,Comedy|News,TV Show
89393,9-1-1: Lone Star,"18, 10759, 80",2020-01-19,en,29.4422,8.037,1218,Drama|Action & Adventure|Crime,TV Show
3670,Cops,10764,1989-03-11,en,29.4378,6.62,188,Reality,TV Show
121658,FBI: International,"80, 18",2021-09-21,en,29.4176,7.564,236,Crime|Drama,TV Show
125928,My Adventures with Superman,"16, 10759, 10765",2023-07-07,en,29.4037,8.186,236,Animation|Action & Adventure|Sci-Fi & Fantasy,TV Show
155256,Happy Toon,"10762, 16, 35, 10765, 10759",2010-07-02,zh,29.3872,7.3,6,Kids|Animation|Comedy|Sci-Fi & Fantasy|Action & Adventure,TV Show
62816,Quantico,"80, 18, 9648",2015-09-27,en,29.3832,6.538,714,Crime|Drama|Mystery,TV Show
107113,Only Murders in the Building,"35, 9648, 80",2021-08-31,en,29.3826,8.447,2204,Comedy|Mystery|Crime,TV Show
136311,Shrinking,"18, 35",2023-01-26,en,29.378,7.832,641,Drama|Comedy,TV Show
81329,Chronicles of the Sun,10766,2018-08-27,fr,29.3615,6.57,128,Soap,TV Show
82591,Goblin Slayer,"16, 10759, 10765",2018-10-07,ja,29.3596,8.03,612,Animation|Action & Adventure|Sci-Fi & Fantasy,TV Show
9027,Rebelde Way,"10766, 18",2002-05-27,es,29.3488,8.0,366,Soap|Drama,TV Show
60833,The Irregular at Magic High School,"16, 10759, 10765",2014-04-06,ja,29.3311,7.758,312,Animation|Action & Adventure|Sci-Fi & Fantasy,TV Show
88090,Araiya-san! Ore to Aitsu ga Onnayu de!?,16,2019-04-08,ja,29.3262,5.9,34,Animation,TV Show
15844,A Kindred Spirit,"18, 35",1995-05-15,cn,29.2798,0.0,0,Drama|Comedy,TV Show
45016,The Bridge,"80, 9648, 18",2011-09-21,sv,29.2587,8.089,708,Crime|Mystery|Drama,TV Show
69557,Fauda,"18, 10759, 10768",2015-02-15,he,29.2283,7.496,250,Drama|Action & Adventure|War & Politics,TV Show
1803,The Facts of Life,"18, 35",1979-08-24,en,29.2243,7.076,105,Drama|Comedy,TV Show
63726,Alone,10764,2015-06-18,en,29.1993,7.181,105,Reality,TV Show
50035,Clarence,"16, 35",2014-04-14,en,29.1955,7.971,339,Animation|Comedy,TV Show
11053,Daniel Boone,"10759, 37",1964-09-24,en,29.193,7.0,33,Action & Adventure|Western,TV Show
138909,The Prince's Favorite Is the Villainess,"16, 10765",2022-01-10,ja,29.1439,5.071,7,Animation|Sci-Fi & Fantasy,TV Show
1825,"Love, American Style",35,1969-09-29,en,29.1426,6.238,21,Comedy,TV Show
2304,Thomas & Friends,"16, 10762",1984-10-09,en,29.137,6.753,154,Animation|Kids,TV Show
219246,When Life Gives You Tangerines,18,2025-03-07,ko,29.126,8.8,543,Drama,TV Show
297577,Rizzler News,"18, 80, 35, 9648",2026-09-30,en,29.1208,0.0,0,Drama|Crime|Comedy|Mystery,TV Show
67384,Goliath,"80, 18",2016-10-13,en,29.1207,7.575,480,Crime|Drama,TV Show
284780,Unexpectedly Naughty Fukami,"16, 35",2025-04-07,ja,29.1155,5.9,9,Animation|Comedy,TV Show
61381,black-ish,35,2014-09-24,en,29.1135,7.074,340,Comedy,TV Show
2260,H2O: Just Add Water,"18, 10751, 10765",2006-07-07,en,29.1115,7.812,706,Drama|Family|Sci-Fi & Fantasy,TV Show
5707,X-Man,"35, 10767",2003-11-08,ko,29.109,7.2,5,Comedy|Talk,TV Show
54650,Power,"80, 18",2014-06-07,en,29.094,7.686,1292,Crime|Drama,TV Show
11366,Big Brother,10764,2000-07-18,en,29.0776,4.369,65,Reality,TV Show
98123,The Daily Life of the Immortal King,"16, 35, 10759, 10765",2020-01-18,zh,29.0562,8.32,705,Animation|Comedy|Action & Adventure|Sci-Fi & Fantasy,TV Show
2321,The Unit,"10759, 18",2006-03-07,en,29.0529,7.321,215,Action & Adventure|Drama,TV Show
46004,Date A Live,"16, 10765, 35, 10759",2013-04-06,ja,29.0444,8.245,496,Animation|Sci-Fi & Fantasy|Comedy|Action & Adventure,TV Show
271607,The Fragrant Flower Blooms with Dignity,"16, 18",2025-07-06,ja,29.0232,8.643,224,Animation|Drama,TV Show
52814,Halo,"10765, 10759",2022-03-24,en,29.0022,8.202,3188,Sci-Fi & Fantasy|Action & Adventure,TV Show
30977,A Certain Scientific Railgun,"16, 10759, 35, 10765",2009-10-02,ja,28.9977,7.349,129,Animation|Action & Adventure|Comedy|Sci-Fi & Fantasy,TV Show
321623,The Season,18,2026-06-17,en,28.9631,7.0,2,Drama,TV Show
198182,Throne of Seal,"16, 10759, 18, 10765",2022-04-28,zh,28.9559,8.6,31,Animation|Action & Adventure|Drama|Sci-Fi & Fantasy,TV Show
281009,The Jewel of Section E,"35, 18",2025-01-03,tl,28.9113,8.318,96,Comedy|Drama,TV Show
1346,Wow! Wow! Wubbzy!,"16, 10765, 35, 10762, 10751",2006-08-28,en,28.9026,8.0,35,Animation|Sci-Fi & Fantasy|Comedy|Kids|Family,TV Show
4316,Combat!,"10768, 18",1962-10-02,en,28.8683,7.781,112,War & Politics|Drama,TV Show
196400,Mobile Suit Gundam: The Witch from Mercury,"16, 10765, 10759",2022-10-02,ja,28.8524,7.47,99,Animation|Sci-Fi & Fantasy|Action & Adventure,TV Show
83631,What We Do in the Shadows,"35, 10765",2019-03-27,en,28.8524,8.005,1006,Comedy|Sci-Fi & Fantasy,TV Show
79166,Grand Blue Dreaming,"16, 35",2018-07-14,ja,28.8314,7.713,178,Animation|Comedy,TV Show
114863,Mentiras verdaderas,"10767, 10763",2011-10-11,es,28.8198,5.5,2,Talk|News,TV Show
44264,Endeavour,"80, 18, 9648",2013-04-14,en,28.7873,8.083,283,Crime|Drama|Mystery,TV Show
103863,The Rap of China,10764,2017-06-24,zh,28.7849,7.0,3,Reality,TV Show
2947,Veep,"35, 10768",2012-04-22,en,28.7811,7.495,527,Comedy|War & Politics,TV Show
226174,Matlock,"18, 80",2024-09-22,en,28.7699,7.1,136,Drama|Crime,TV Show
5500,SOKO München,80,1978-01-02,de,28.7672,5.857,7,Crime,TV Show
42883,Tropical Paradise,"10766, 18, 35",2007-03-05,pt,28.7604,8.1,14,Soap|Drama|Comedy,TV Show
67460,Yu-Gi-Oh! Arc-V,"10759, 16, 10765",2014-04-06,ja,28.7251,7.326,43,Action & Adventure|Animation|Sci-Fi & Fantasy,TV Show
279041,Speed and Love,18,2025-12-12,zh,28.6983,8.188,40,Drama,TV Show
92685,The Owl House,"16, 10759, 35, 10765, 10751",2020-01-10,en,28.6898,8.668,1806,Animation|Action & Adventure|Comedy|Sci-Fi & Fantasy|Family,TV Show
46153,Wagnaria!!,"16, 35",2010-04-04,ja,28.6773,8.1,57,Animation|Comedy,TV Show
261471,Stand-up Comedy,"10767, 35",2024-08-20,zh,28.6461,5.8,4,Talk|Comedy,TV Show
74204,Big Mouth,"35, 16",2017-09-29,en,28.6347,7.62,1225,Comedy|Animation,TV Show
902,Yu-Gi-Oh! Duel Monsters,"16, 10759",2000-04-18,ja,28.6288,8.257,1038,Animation|Action & Adventure,TV Show
2243,Touched by an Angel,"10765, 18, 10751",1994-09-21,en,28.6189,7.173,182,Sci-Fi & Fantasy|Drama|Family,TV Show
88939,Back to Field,10764,2017-01-15,zh,28.6099,8.2,11,Reality,TV Show
112888,True Beauty,"35, 18",2020-12-09,ko,28.5759,8.263,2663,Comedy|Drama,TV Show
138357,Call of the Night,"16, 35, 10765",2022-07-08,ja,28.5565,7.692,159,Animation|Comedy|Sci-Fi & Fantasy,TV Show
43901,Longmire,"37, 80, 18",2012-06-03,en,28.5406,7.7,317,Western|Crime|Drama,TV Show
732,L.A. Law,"18, 10768",1986-09-15,en,28.4868,7.1,77,Drama|War & Politics,TV Show
321,Voyage to the Bottom of the Sea,"10759, 18, 10765",1964-09-14,en,28.446,7.752,135,Action & Adventure|Drama|Sci-Fi & Fantasy,TV Show
3940,Judge Judy,80,1996-09-16,en,28.3938,5.758,96,Crime,TV Show
106158,Law & Order: Organized Crime,"80, 18",2021-04-01,en,28.3744,7.893,299,Crime|Drama,TV Show
212907,La promesa,"18, 9648, 10766",2023-01-12,es,28.3733,8.119,101,Drama|Mystery|Soap,TV Show
226688,Beyblade X,"16, 10759, 35, 10765, 10762",2023-10-06,ja,28.3718,6.6,11,Animation|Action & Adventure|Comedy|Sci-Fi & Fantasy|Kids,TV Show
105248,Cyberpunk: Edgerunners,"16, 10759, 18, 10765",2022-09-13,ja,28.3388,8.462,1840,Animation|Action & Adventure|Drama|Sci-Fi & Fantasy,TV Show
46052,Doctor-X: Surgeon Michiko Daimon,"18, 9648",2012-10-18,ja,28.336,7.433,30,Drama|Mystery,TV Show
2199,Tales of the Unexpected,18,1979-03-24,en,28.3323,6.776,49,Drama,TV Show
2840,Earth: Final Conflict,"10765, 18, 10759, 9648",1997-10-06,en,28.298,6.776,96,Sci-Fi & Fantasy|Drama|Action & Adventure|Mystery,TV Show
100281,Moriarty the Patriot,"16, 9648",2020-10-11,ja,28.2933,8.3,238,Animation|Mystery,TV Show
324537,Fight Dirty,"35, 18",2026-05-16,en,28.2904,10.0,1,Comedy|Drama,TV Show
323380,WWE Metal,"10759, 18, 10762",1999-08-28,en,28.2397,0.0,0,Action & Adventure|Drama|Kids,TV Show
72750,Killing Eve,"80, 18",2018-04-08,en,28.2393,7.899,1496,Crime|Drama,TV Show
46034,Die Küchenschlacht,10764,2008-01-14,de,28.2343,8.0,1,Reality,TV Show
223564,"The 100 Girlfriends Who Really, Really, Really, Really, REALLY Love You","16, 35",2023-10-08,ja,28.2322,8.1,191,Animation|Comedy,TV Show
116724,The aquatope on white sand,"16, 18, 35",2021-07-09,ja,28.2272,6.5,28,Animation|Drama|Comedy,TV Show
196944,My Happy Marriage,"16, 18, 10765",2023-07-05,ja,28.2012,8.308,234,Animation|Drama|Sci-Fi & Fantasy,TV Show
21641,Good Luck Charlie,"35, 10751, 10762",2010-04-04,en,28.1941,7.895,447,Comedy|Family|Kids,TV Show
21729,Gurren Lagann,"16, 10759, 10765",2007-04-01,ja,28.19,8.181,594,Animation|Action & Adventure|Sci-Fi & Fantasy,TV Show
49071,Valley of the Wolves: Ambush,"18, 10768, 10759, 80",2007-04-19,tr,28.1826,6.068,37,Drama|War & Politics|Action & Adventure|Crime,TV Show
91097,Ling Cage,"16, 10765, 10759, 18, 9648",2019-07-13,zh,28.1533,8.394,104,Animation|Sci-Fi & Fantasy|Action & Adventure|Drama|Mystery,TV Show
41018,SOKO Wismar,80,2004-10-06,de,28.1336,6.364,11,Crime,TV Show
61865,When Calls the Heart,"18, 37",2014-01-11,en,28.1294,8.25,158,Drama|Western,TV Show
64153,Kölner Treff,10767,1976-01-25,de,28.1087,6.75,4,Talk,TV Show
341,Brothers and Sisters,18,2006-09-24,en,28.1054,7.126,198,Drama,TV Show
1514,The One Show,10767,2006-08-14,en,28.0758,4.4,30,Talk,TV Show
12415,Egoli: Place of Gold,10766,1992-04-06,af,28.0435,7.2,5,Soap,TV Show
69291,Miss Kobayashi's Dragon Maid,"16, 35, 10765",2017-01-12,ja,28.0432,8.301,877,Animation|Comedy|Sci-Fi & Fantasy,TV Show
799,Sherlock Holmes,"80, 18, 9648",1984-04-24,en,28.0224,8.176,255,Crime|Drama|Mystery,TV Show
331,America's Next Top Model,10764,2003-05-20,en,28.0193,5.361,147,Reality,TV Show
10184,Snapped,"80, 99",2004-08-06,en,27.9991,7.8,40,Crime|Documentary,TV Show
259537,Sword of Coming,"16, 10759, 10765",2024-08-15,zh,27.9981,8.333,27,Animation|Action & Adventure|Sci-Fi & Fantasy,TV Show
111979,Leute heute,10763,1997-07-23,de,27.9707,5.2,5,News,TV Show
28136,Rurouni Kenshin,"10759, 16, 35",1996-01-10,ja,27.9533,8.539,810,Action & Adventure|Animation|Comedy,TV Show
126280,Sex/Life,18,2021-06-25,en,27.9491,7.058,1390,Drama,TV Show
254017,YAIBA: Samurai Legend,"10759, 16, 10765, 35",2025-04-05,ja,27.9256,7.091,22,Action & Adventure|Animation|Sci-Fi & Fantasy|Comedy,TV Show
46392,Duel Masters,"10759, 16, 10765, 10762",2002-10-21,ja,27.8723,6.19,21,Action & Adventure|Animation|Sci-Fi & Fantasy|Kids,TV Show
303143,My Royal Nemesis,"18, 35, 10765",2026-05-08,ko,27.8712,8.7,60,Drama|Comedy|Sci-Fi & Fantasy,TV Show
30669,Yu Yu Hakusho,"16, 10759, 10765",1992-10-10,ja,27.8636,8.455,490,Animation|Action & Adventure|Sci-Fi & Fantasy,TV Show
110070,Horimiya,"16, 35, 18",2021-01-10,ja,27.8041,8.504,1140,Animation|Comedy|Drama,TV Show
8838,Texhnolyze,"16, 18, 10765",2003-04-17,ja,27.7963,7.047,74,Animation|Drama|Sci-Fi & Fantasy,TV Show
76757,Golden Kamuy,"10759, 16, 35",2018-04-09,ja,27.7789,7.575,87,Action & Adventure|Animation|Comedy,TV Show
137726,Mao Xue Woof,10764,2021-11-01,zh,27.7683,8.8,5,Reality,TV Show
3626,American Idol,10764,2002-06-11,en,27.7657,5.025,179,Reality,TV Show
113137,"Girlfriend, Girlfriend","16, 35",2021-07-03,ja,27.7419,7.2,78,Animation|Comedy,TV Show
4344,Rescue Me,18,2004-07-21,en,27.7084,7.561,190,Drama,TV Show
4573,Late Night with Conan O'Brien,"35, 10767",1993-09-13,en,27.6845,7.275,158,Comedy|Talk,TV Show
65676,My Teen Romantic Comedy SNAFU,"16, 35, 18",2013-04-05,ja,27.6608,8.2,564,Animation|Comedy|Drama,TV Show
133490,Family Secrets,"10751, 18, 80",2021-09-19,tr,27.6334,8.6,49,Family|Drama|Crime,TV Show
79061,Craig of the Creek,"16, 10759, 35, 10762",2018-03-30,en,27.616,8.1,262,Animation|Action & Adventure|Comedy|Kids,TV Show
90282,The Morning Show,18,2019-11-01,en,27.6088,7.7,902,Drama,TV Show
108545,3 Body Problem,"10765, 9648, 18",2024-03-21,en,27.5899,7.477,1533,Sci-Fi & Fantasy|Mystery|Drama,TV Show
1406,Deadwood,"37, 80, 18",2004-03-21,en,27.5752,8.101,954,Western|Crime|Drama,TV Show
30,St. Elsewhere,18,1982-10-26,en,27.5652,5.672,93,Drama,TV Show
229192,The Demon Hunter,"16, 10759",2023-06-22,zh,27.5587,9.2,18,Animation|Action & Adventure,TV Show
1900,LIVE with Kelly and Mark,10767,1988-09-05,en,27.5491,5.6,49,Talk,TV Show
127235,Invasion,"10765, 18",2021-10-21,en,27.5466,7.1,1175,Sci-Fi & Fantasy|Drama,TV Show
75050,Sıfır Bir,"10759, 80",2016-06-01,tr,27.5363,7.8,21,Action & Adventure|Crime,TV Show
51704,Defiance,"18, 10765",2013-04-15,en,27.5005,6.76,550,Drama|Sci-Fi & Fantasy,TV Show
64189,NDR Talk Show,10767,1979-02-09,de,27.4852,6.6,5,Talk,TV Show
34141,D.Gray-man,"16, 10759, 9648, 10765",2006-10-03,ja,27.4714,8.009,167,Animation|Action & Adventure|Mystery|Sci-Fi & Fantasy,TV Show
2317,My Name Is Earl,35,2005-09-20,en,27.4705,7.656,1131,Comedy,TV Show
3764,Hustle,"35, 80, 18, 9648",2004-02-24,en,27.4598,7.716,183,Comedy|Crime|Drama|Mystery,TV Show
10952,Rawhide,"37, 18",1959-01-09,en,27.4567,7.224,49,Western|Drama,TV Show
35024,Show! Music Core,10764,2005-10-29,ko,27.4547,7.0,1,Reality,TV Show
1660,I Dream of Jeannie,"10765, 35, 10751",1965-09-18,en,27.4411,7.839,827,Sci-Fi & Fantasy|Comedy|Family,TV Show
46078,The Voronins,35,2009-11-16,ru,27.4233,6.745,47,Comedy,TV Show
112261,Abendschau,10767,2000-05-04,de,27.4169,4.333,3,Talk,TV Show
260463,Daemons of the Shadow Realm,"16, 10759, 10765",2026-04-04,ja,27.4042,8.7,48,Animation|Action & Adventure|Sci-Fi & Fantasy,TV Show
241372,56 Days,"18, 80, 9648",2026-02-18,en,27.3976,7.341,189,Drama|Crime|Mystery,TV Show
95842,Joy of Life,"18, 35",2019-11-26,zh,27.3943,8.0,117,Drama|Comedy,TV Show
841,Newsnight,10763,1980-01-30,en,27.3432,6.042,12,News,TV Show
500,Mad About You,35,1992-09-23,en,27.3394,6.734,252,Comedy,TV Show
19758,SOKO Leipzig,"80, 18",2001-01-31,de,27.2904,6.2,19,Crime|Drama,TV Show
205050,Shangri-La Frontier,"10765, 10759, 35, 16",2023-10-01,ja,27.2526,8.2,232,Sci-Fi & Fantasy|Action & Adventure|Comedy|Animation,TV Show
37567,Dr. Slump,"16, 35, 10765",1981-04-08,ja,27.2342,7.929,133,Animation|Comedy|Sci-Fi & Fantasy,TV Show
4046,Spooks,"18, 10759, 80",2002-05-13,en,27.1942,7.7,141,Drama|Action & Adventure|Crime,TV Show
66958,Orange,"16, 18, 10765",2016-07-04,ja,27.1878,7.992,472,Animation|Drama|Sci-Fi & Fantasy,TV Show
947,Cheyenne,"37, 18",1955-09-20,en,27.184,6.1,23,Western|Drama,TV Show
201859,Love Class,18,2022-05-13,ko,27.1833,7.1,26,Drama,TV Show
155,3rd Rock from the Sun,"10751, 10765, 35, 18",1996-01-09,en,27.1763,7.497,561,Family|Sci-Fi & Fantasy|Comedy|Drama,TV Show
36737,Lady Chatterley,18,1993-06-06,en,27.1657,6.32,25,Drama,TV Show
205715,Gen V,"10759, 18, 10765",2023-09-28,en,27.1643,7.66,1507,Action & Adventure|Drama|Sci-Fi & Fantasy,TV Show
2527,Emmerdale,"10766, 18",1972-10-16,en,27.1582,4.3,100,Soap|Drama,TV Show
1906,Shameless,"35, 18",2004-01-13,en,27.1532,7.565,153,Comedy|Drama,TV Show
68809,iPartment,"18, 35",2009-08-05,zh,27.1505,6.86,50,Drama|Comedy,TV Show
3365,Grange Hill,18,1978-02-08,en,27.1069,6.731,26,Drama,TV Show
207784,Delicious in Dungeon,"16, 35, 10759, 10765",2024-01-04,ja,27.1065,8.407,329,Animation|Comedy|Action & Adventure|Sci-Fi & Fantasy,TV Show
15804,Batman: The Brave and the Bold,"16, 10759, 10765",2008-11-14,en,27.0676,7.617,282,Animation|Action & Adventure|Sci-Fi & Fantasy,TV Show
309328,Underground,"18, 10759",2026-01-28,tr,27.0539,8.0,7,Drama|Action & Adventure,TV Show
47665,Black Sails,"18, 10759",2014-01-25,en,27.0426,7.6,1464,Drama|Action & Adventure,TV Show
153581,Hello Again!,"35, 80, 18",2022-02-02,ru,27.031,7.7,22,Comedy|Crime|Drama,TV Show
227975,Fatal Seduction,"80, 9648, 18",2023-07-07,en,27.0178,6.562,89,Crime|Mystery|Drama,TV Show
79501,Doom Patrol,"10765, 18",2019-02-15,en,27.011,7.498,1452,Sci-Fi & Fantasy|Drama,TV Show
31389,Republic of Doyle,"35, 18",2010-01-06,en,27.0091,7.0,38,Comedy|Drama,TV Show
2808,Totally Spies!,"16, 10762, 35, 10759",2002-04-03,fr,27.0003,7.325,286,Animation|Kids|Comedy|Action & Adventure,TV Show
223500,WIND BREAKER,"16, 10759",2024-04-05,ja,26.9703,8.1,184,Animation|Action & Adventure,TV Show
13796,Underbelly,18,2008-02-13,en,26.9645,6.468,47,Drama,TV Show
107703,The Big Game,10759,2020-08-31,ru,26.9528,7.35,60,Action & Adventure,TV Show
24684,Lights Out,"10765, 80, 18, 10764",1949-07-19,en,26.9509,6.0,5,Sci-Fi & Fantasy|Crime|Drama|Reality,TV Show
99084,Princess Connect! Re:Dive,"16, 35, 10759, 10765",2020-04-07,ja,26.9504,6.8,49,Animation|Comedy|Action & Adventure|Sci-Fi & Fantasy,TV Show
91759,Come Home Love: Lo and Behold,"10751, 35, 18",2017-02-20,cn,26.9377,5.4,46,Family|Comedy|Drama,TV Show
246246,Beauty in Black,18,2024-10-24,en,26.9341,7.807,192,Drama,TV Show
82428,All American,18,2018-10-10,en,26.9235,8.1,484,Drama,TV Show
10980,"Have Gun, Will Travel","37, 10759, 18",1957-09-14,en,26.9201,7.314,43,Western|Action & Adventure|Drama,TV Show
199318,Bad Sisters,"18, 80",2022-08-19,en,26.9058,7.482,277,Drama|Crime,TV Show
34587,Valley of the Wolves,"10759, 18, 10768, 80",2003-01-15,tr,26.8873,7.3,82,Action & Adventure|Drama|War & Politics|Crime,TV Show
61456,Free!,"16, 35, 18",2013-07-04,ja,26.8727,8.2,245,Animation|Comedy|Drama,TV Show
27845,The Prince of Tennis,"16, 35",2001-10-10,ja,26.8707,8.3,146,Animation|Comedy,TV Show
651,60 Minutes,10763,1968-09-24,en,26.8575,6.611,81,News,TV Show
218642,My Senior Brother is Too Steady,"16, 35, 10765, 10759",2023-01-19,zh,26.8302,9.0,7,Animation|Comedy|Sci-Fi & Fantasy|Action & Adventure,TV Show
34891,Jake and the Never Land Pirates,"10751, 16, 10759",2011-02-14,en,26.8119,6.153,62,Family|Animation|Action & Adventure,TV Show
302478,Forbidden & Captivity,18,2025-11-15,zh,26.8008,6.0,1,Drama,TV Show
204135,Dragon Striker,"16, 10765, 10751, 10759",2026-06-09,en,26.7965,7.9,13,Animation|Sci-Fi & Fantasy|Family|Action & Adventure,TV Show
298583,PrestonPlayz,10764,2022-04-17,en,26.7717,0.0,0,Reality,TV Show
70311,Full-Time Magister,"35, 16, 10759, 10765",2016-09-02,zh,26.7646,7.408,49,Comedy|Animation|Action & Adventure|Sci-Fi & Fantasy,TV Show
32294,Hot in Cleveland,35,2010-06-16,en,26.6762,7.244,135,Comedy,TV Show
480,Lou Grant,"35, 18",1977-09-20,en,26.6641,7.328,29,Comedy|Drama,TV Show
107371,A Will Eternal,"16, 10765, 18",2020-08-12,zh,26.657,8.9,16,Animation|Sci-Fi & Fantasy|Drama,TV Show
67335,Sin senos sí hay paraíso,"10759, 80, 18, 9648",2016-07-19,es,26.6357,7.568,2924,Action & Adventure|Crime|Drama|Mystery,TV Show
61345,Z Nation,"9648, 10759, 18",2014-09-12,en,26.6147,7.262,956,Mystery|Action & Adventure|Drama,TV Show
66599,Private Eyes,"80, 18, 35",2016-05-26,en,26.6067,7.297,145,Crime|Drama|Comedy,TV Show
233347,Study Group,"10759, 35, 18",2025-01-23,ko,26.5998,8.508,128,Action & Adventure|Comedy|Drama,TV Show
45998,KissXSis,"16, 35",2010-04-05,ja,26.5812,6.4,123,Animation|Comedy,TV Show
299648,Civil War,"10768, 18, 10759",2027-02-01,ar,26.533,0.0,0,War & Politics|Drama|Action & Adventure,TV Show
17404,Chopped,10764,2009-01-13,en,26.5315,6.373,63,Reality,TV Show
44277,Amazing Detective Di Renjie,"18, 9648",2004-08-05,zh,26.5279,9.0,18,Drama|Mystery,TV Show
271,Ellen,35,1994-03-29,en,26.5215,6.089,56,Comedy,TV Show
323847,Ti Blan,"18, 35",2026-03-28,en,26.5203,10.0,1,Drama|Comedy,TV Show
71013,Sakura Quest,"16, 35, 18",2017-04-06,ja,26.5153,6.955,22,Animation|Comedy|Drama,TV Show
1549,WWE Friday Night SmackDown,10764,1999-04-29,en,26.4883,7.5,187,Reality,TV Show
44857,The Mindy Project,35,2012-09-25,en,26.4669,6.228,186,Comedy,TV Show
31251,Victorious,"35, 10762",2010-03-27,en,26.4631,8.216,1723,Comedy|Kids,TV Show
82596,Emily in Paris,"18, 35",2020-10-02,en,26.4571,7.567,1559,Drama|Comedy,TV Show
207332,SAKAMOTO DAYS,"16, 35, 10759",2025-01-11,ja,26.4499,8.1,325,Animation|Comedy|Action & Adventure,TV Show
90955,The Naked Director,"35, 18",2019-08-08,ja,26.434,7.315,192,Comedy|Drama,TV Show
278158,Ticket to Heaven,18,2026-05-30,th,26.4191,9.6,5,Drama,TV Show
324512,Malandragem Ninja,"10759, 16, 35",2020-05-09,pt,26.4047,10.0,1,Action & Adventure|Animation|Comedy,TV Show
62564,Sound! Euphonium,"16, 18",2015-04-08,ja,26.3979,8.0,102,Animation|Drama,TV Show
3772,"Walker, Texas Ranger","18, 37, 80",1993-04-21,en,26.3949,7.024,568,Drama|Western|Crime,TV Show
4013,Virtues of Harmony II,"35, 10751, 18",2003-05-05,cn,26.3877,7.5,2,Comedy|Family|Drama,TV Show
46080,Masha and the Bear,"16, 10751, 10762, 35",2009-01-07,ru,26.3817,6.8,417,Animation|Family|Kids|Comedy,TV Show
2774,The Untouchables,"18, 80",1959-10-15,en,26.3693,7.959,135,Drama|Crime,TV Show
75865,Teasing Master Takagi-san,"16, 35",2018-01-08,ja,26.3596,8.163,399,Animation|Comedy,TV Show
600,Renegade,"10759, 18, 80",1992-09-19,en,26.3563,6.733,146,Action & Adventure|Drama|Crime,TV Show
280110,My Hero Academia: Vigilantes,"16, 10759, 18, 10765",2025-04-07,ja,26.3432,7.6,74,Animation|Action & Adventure|Drama|Sci-Fi & Fantasy,TV Show
322499,Possible Love,35,2026-06-18,tr,26.3416,8.0,2,Comedy,TV Show
496,Family Ties,"35, 18, 10751",1982-09-22,en,26.3377,7.242,267,Comedy|Drama|Family,TV Show
1649,Sliders,"10759, 10765",1995-03-22,en,26.3218,7.588,471,Action & Adventure|Sci-Fi & Fantasy,TV Show
65820,Van Helsing,"9648, 10765, 10759",2016-09-23,en,26.3164,7.043,928,Mystery|Sci-Fi & Fantasy|Action & Adventure,TV Show
117933,Summer Time Rendering,"16, 18, 9648",2022-04-15,ja,26.3111,8.12,184,Animation|Drama|Mystery,TV Show
112191,The Guardians of Carcosa,"16, 10762, 10765, 18",2013-01-01,zh,26.2851,7.0,1,Animation|Kids|Sci-Fi & Fantasy|Drama,TV Show
4613,Band of Brothers,"18, 10768",2001-09-09,en,26.2765,8.6,4213,Drama|War & Politics,TV Show
20532,BBC Play of the Month,18,1965-10-19,en,26.2447,5.25,8,Drama,TV Show
13700,Indian Idol,10764,2004-10-28,hi,26.2417,5.706,17,Reality,TV Show
1737,Four Star Playhouse,"18, 35",1952-09-25,en,26.2075,6.8,11,Drama|Comedy,TV Show
105556,"DON'T TOY WITH ME, MISS NAGATORO","16, 35, 18",2021-04-11,ja,26.1828,8.2,813,Animation|Comedy|Drama,TV Show
14328,Dick Powell's Zane Grey Theatre,"37, 18",1956-10-05,en,26.1205,6.2,10,Western|Drama,TV Show
84980,MÄR: Märchen Awakens Romance,"16, 10759, 35",2005-04-03,ja,26.0595,7.8,12,Animation|Action & Adventure|Comedy,TV Show
117648,Clarkson's Farm,"10764, 35",2021-06-11,en,26.0585,8.499,420,Reality|Comedy,TV Show
16807,Jornal Nacional,10763,1969-09-01,pt,26.0549,7.0,7,News,TV Show
302463,Dinastía Casillas,"18, 10759, 9648, 10766",2025-10-07,es,26.0409,8.285,354,Drama|Action & Adventure|Mystery|Soap,TV Show
4686,Ben 10,"16, 10765, 10759, 35, 10762",2005-12-27,en,26.0294,8.2,1800,Animation|Sci-Fi & Fantasy|Action & Adventure|Comedy|Kids,TV Show
30826,La rosa de Guadalupe,"18, 10766",2008-02-05,es,26.0153,7.12,297,Drama|Soap,TV Show
1998,Moonlighting,"35, 18, 9648, 80",1985-03-03,en,25.9963,7.515,399,Comedy|Drama|Mystery|Crime,TV Show
12433,A Case For Two,"18, 80",1981-09-11,de,25.9913,5.611,18,Drama|Crime,TV Show
322356,Undoes Rust,"16, 10759",2024-12-14,en,25.9477,10.0,1,Animation|Action & Adventure,TV Show
113808,Seirei Gensouki: Spirit Chronicles,"16, 18, 10759, 10765",2021-07-06,ja,25.9367,8.2,252,Animation|Drama|Action & Adventure|Sci-Fi & Fantasy,TV Show
2777,Oggy and the Cockroaches,"16, 35, 10751, 10759, 10765",1999-09-06,fr,25.9297,7.5,374,Animation|Comedy|Family|Action & Adventure|Sci-Fi & Fantasy,TV Show
43865,Psycho-Pass,"16, 80, 10765, 10759",2012-10-12,ja,25.9101,7.731,468,Animation|Crime|Sci-Fi & Fantasy|Action & Adventure,TV Show
308277,Mr. Kurosaki's Pure Love Never Stops,18,2026-01-07,ja,25.9086,0.0,0,Drama,TV Show
39852,The Sinner,"80, 18",2017-08-02,en,25.8765,7.466,1249,Crime|Drama,TV Show
42444,Saint Seiya,"16, 18, 10759, 10765",1986-10-11,ja,25.8529,8.478,1428,Animation|Drama|Action & Adventure|Sci-Fi & Fantasy,TV Show
34899,The Magnificent Century,"18, 10759",2011-01-06,tr,25.8321,8.1,799,Drama|Action & Adventure,TV Show
40521,Home with Kids,"35, 10751",2005-02-12,zh,25.797,7.409,22,Comedy|Family,TV Show
146176,Berlin,"18, 10759, 80",2023-12-29,es,25.7953,7.591,669,Drama|Action & Adventure|Crime,TV Show
89620,Go Fighting,"10759, 10764, 35",2015-06-14,zh,25.7834,8.6,13,Action & Adventure|Reality|Comedy,TV Show
19538,Fantástico,"99, 10763",1973-08-05,pt,25.779,8.0,4,Documentary|News,TV Show
82,Animaniacs,"16, 10762, 35, 10751",1993-09-13,en,25.7785,8.007,774,Animation|Kids|Comedy|Family,TV Show
14069,In Treatment,18,2008-01-28,en,25.7779,7.644,184,Drama,TV Show
65929,Aikatsu Stars!,"16, 35, 18, 10751, 10762, 10765",2016-04-07,ja,25.7454,7.594,16,Animation|Comedy|Drama|Family|Kids|Sci-Fi & Fantasy,TV Show
63181,Marvel's Guardians of the Galaxy,"16, 10759, 10765",2015-09-05,en,25.7333,7.215,93,Animation|Action & Adventure|Sci-Fi & Fantasy,TV Show
54344,The Leftovers,"10765, 18",2014-06-29,en,25.7285,7.658,1228,Sci-Fi & Fantasy|Drama,TV Show
3947,Verliebt in Berlin,10766,2005-02-28,de,25.7203,4.4,8,Soap,TV Show
90462,Chucky,"80, 35, 9648",2021-10-12,en,25.719,7.82,4182,Crime|Comedy|Mystery,TV Show
888,Spider-Man,"16, 10759",1994-11-19,en,25.7042,8.3,1138,Animation|Action & Adventure,TV Show
239770,Doctor Who,"10759, 18, 10765",2024-05-11,en,25.6817,6.4,305,Action & Adventure|Drama|Sci-Fi & Fantasy,TV Show
2394,This Old House,"99, 10764",1979-01-01,en,25.6805,5.7,37,Documentary|Reality,TV Show
2437,Pocoyo,"16, 10762, 10751",2005-05-10,en,25.6414,0.0,0,Animation|Kids|Family,TV Show
34805,Sekirei,"16, 35, 10759",2008-07-02,ja,25.6406,7.4,104,Animation|Comedy|Action & Adventure,TV Show
49036,Love Stories in the Countryside,"10751, 35",2006-09-30,zh,25.6388,6.1,8,Family|Comedy,TV Show
230311,Love Has Fireworks,"18, 35",2026-06-15,zh,25.6244,8.5,2,Drama|Comedy,TV Show
3673,Crown Court,18,1972-10-11,en,25.6137,5.667,6,Drama,TV Show
119267,My Siblings,"10751, 18",2021-02-20,tr,25.6105,7.5,31,Family|Drama,TV Show
37632,Switched at Birth,"18, 10751",2011-06-06,en,25.6076,7.449,217,Drama|Family,TV Show
71963,Let's Eat Dinner Together,10764,2016-10-19,ko,25.599,7.0,8,Reality,TV Show
126485,Moving,"9648, 18, 10759",2023-08-09,ko,25.5793,8.505,288,Mystery|Drama|Action & Adventure,TV Show
2251,Taxi,"35, 18",1978-09-12,en,25.5604,7.287,174,Comedy|Drama,TV Show
237529,Medalist,"16, 18",2025-01-05,ja,25.5058,8.3,54,Animation|Drama,TV Show
94523,Magia Record: Puella Magi Madoka Magica Side Story,"16, 9648, 10765, 18",2020-01-05,ja,25.5031,6.9,80,Animation|Mystery|Sci-Fi & Fantasy|Drama,TV Show
248947,FAIRY TAIL 100 YEARS QUEST,"16, 10759, 10765",2024-07-07,ja,25.4242,8.0,39,Animation|Action & Adventure|Sci-Fi & Fantasy,TV Show
10957,Australian Survivor,10764,2016-08-21,en,25.4158,8.089,28,Reality,TV Show
207347,Blue Box,"16, 35, 18",2024-10-03,ja,25.4143,7.91,89,Animation|Comedy|Drama,TV Show
246700,Furuya Ikkou's Great Detective Kindaichi Kousuke Series,"18, 9648",1983-02-19,ja,25.4138,7.0,1,Drama|Mystery,TV Show
35790,Cardcaptor Sakura,"16, 10765, 10759",1998-04-07,ja,25.4005,8.6,794,Animation|Sci-Fi & Fantasy|Action & Adventure,TV Show
4529,Cannon,"18, 10759",1971-09-14,en,25.3989,6.641,39,Drama|Action & Adventure,TV Show
35007,De Fabeltjeskrant,10762,1968-09-29,nl,25.3815,8.0,5,Kids,TV Show
7482,Leverage,"18, 35, 10759, 80",2008-12-07,en,25.3621,7.579,434,Drama|Comedy|Action & Adventure|Crime,TV Show
61565,The Brokenwood Mysteries,"9648, 18, 80",2014-09-28,en,25.3551,7.6,89,Mystery|Drama|Crime,TV Show
206296,Golden Horse Awards,99,1962-10-31,zh,25.3521,9.0,1,Documentary,TV Show
106342,I Want to Be His Prey!,16,2020-09-06,ja,25.3098,4.9,15,Animation,TV Show
4620,Eureka,"10765, 35, 18",2006-07-18,en,25.3098,7.738,717,Sci-Fi & Fantasy|Comedy|Drama,TV Show
39416,Geordie Shore,"10764, 18",2011-05-24,en,25.3004,6.0,49,Reality|Drama,TV Show
320721,Sodor516,"35, 9648, 10765",2028-04-15,en,25.2864,0.0,0,Comedy|Mystery|Sci-Fi & Fantasy,TV Show
64347,Amachan,18,2013-04-01,ja,25.2784,8.143,14,Drama,TV Show
74440,Harley Quinn,"10759, 16, 35, 10765",2019-11-29,en,25.2657,8.301,1156,Action & Adventure|Animation|Comedy|Sci-Fi & Fantasy,TV Show
236534,Tales of Herding Gods,"16, 10765, 10759",2024-10-27,zh,25.2653,8.1,13,Animation|Sci-Fi & Fantasy|Action & Adventure,TV Show
323411,The Vampire Lestat,"18, 10765",2026-06-07,en,25.2485,6.75,28,Drama|Sci-Fi & Fantasy,TV Show
38112,The Qwaser of Stigmata,"16, 10759, 10765, 35",2010-01-10,ja,25.242,7.417,72,Animation|Action & Adventure|Sci-Fi & Fantasy|Comedy,TV Show
13844,The Rebel,37,1959-10-04,en,25.2365,5.091,11,Western,TV Show
16321,Casi Ángeles,"35, 18, 9648, 10765, 10766",2007-03-21,es,25.1959,7.2,25,Comedy|Drama|Mystery|Sci-Fi & Fantasy|Soap,TV Show
96580,Resident Alien,10765,2021-01-27,en,25.1954,7.797,978,Sci-Fi & Fantasy,TV Show
35935,Berserk,"10759, 10765, 16",1997-10-08,ja,25.1912,8.5,804,Action & Adventure|Sci-Fi & Fantasy|Animation,TV Show
7723,The Promise,"18, 10751, 10766",2019-02-18,tr,25.1842,5.8,9,Drama|Family|Soap,TV Show
897,The Grim Adventures of Billy and Mandy,"16, 35, 10762",2001-08-24,en,25.1783,8.052,1018,Animation|Comedy|Kids,TV Show
12500,Rainbow,"35, 10762",1972-10-16,en,25.1781,6.75,20,Comedy|Kids,TV Show
127865,The Chestnut Man,"18, 80, 9648",2021-09-29,da,25.1743,7.489,700,Drama|Crime|Mystery,TV Show
208921,Rivals,18,2024-10-18,en,25.1568,7.432,81,Drama,TV Show
314554,From Overshadowed to Overpowered: Second Reincarnation of a Talentless Sage,"16, 10759, 10765",2026-07-02,ja,25.1534,6.0,1,Animation|Action & Adventure|Sci-Fi & Fantasy,TV Show
257509,Empini,18,2024-05-23,en,25.1427,3.0,2,Drama,TV Show
116135,Vikings: Valhalla,"10759, 18, 10768",2022-02-25,en,25.1155,7.626,1045,Action & Adventure|Drama|War & Politics,TV Show
252107,Star City,"18, 10765, 10768",2026-05-28,en,25.0946,7.235,34,Drama|Sci-Fi & Fantasy|War & Politics,TV Show
46261,Fairy Tail,"16, 10759, 35, 10765",2009-10-12,ja,25.0933,7.916,1038,Animation|Action & Adventure|Comedy|Sci-Fi & Fantasy,TV Show
11095,Tour of Duty,"10768, 18, 10759",1987-09-24,en,25.0864,8.106,180,War & Politics|Drama|Action & Adventure,TV Show
208891,Tengoku Daimakyo,"16, 9648, 10759, 10765",2023-04-01,ja,25.0751,7.9,271,Animation|Mystery|Action & Adventure|Sci-Fi & Fantasy,TV Show
562,The Ellen DeGeneres Show,"35, 10767",2003-09-08,en,25.0639,5.54,176,Comedy|Talk,TV Show
154743,The Angel Next Door Spoils Me Rotten,"16, 35",2023-01-07,ja,25.0565,7.743,112,Animation|Comedy,TV Show
201453,Sweet Tasks,"10767, 35",2019-02-04,zh,25.033,0.0,0,Talk|Comedy,TV Show
43982,Line of Duty,"80, 18, 9648",2012-06-26,en,25.0254,8.235,477,Crime|Drama|Mystery,TV Show
314576,The Siege,"10759, 18",,en,25.0195,0.0,0,Action & Adventure|Drama,TV Show
4467,Late Night with David Letterman,"35, 10767",1982-02-01,en,25.0072,6.083,60,Comedy|Talk,TV Show
3755,"Sister, Sister","35, 10751, 10762, 18",1994-04-01,en,24.9991,7.105,124,Comedy|Family|Kids|Drama,TV Show
105009,Tokyo Revengers,"16, 10759, 80, 18",2021-04-11,ja,24.9904,0.0,0,Animation|Action & Adventure|Crime|Drama,TV Show
239526,Dreams of Freedom,"18, 10766",2024-02-25,es,24.9792,6.1,16,Drama|Soap,TV Show
219783,The Seasons,10767,2023-02-05,ko,24.9772,7.5,4,Talk,TV Show
85949,Star Trek: Picard,"10765, 10759, 18",2020-01-23,en,24.9685,7.24,1897,Sci-Fi & Fantasy|Action & Adventure|Drama,TV Show
12272,Thriller,80,1960-09-13,en,24.9621,6.675,20,Crime,TV Show
61457,Grantchester,"80, 18, 9648",2014-10-06,en,24.9485,7.2,146,Crime|Drama|Mystery,TV Show
3753,Crossroads,18,1964-11-02,en,24.9243,5.5,6,Drama,TV Show
42410,Durarara!!,"10759, 16, 18, 9648, 80",2010-01-08,ja,24.9213,7.646,222,Action & Adventure|Animation|Drama|Mystery|Crime,TV Show
75287,Agniphera,"18, 10766, 35",2017-01-14,hi,24.9212,4.5,2,Drama|Soap|Comedy,TV Show
4303,Superman: The Animated Series,"16, 10759, 10765, 10762",1996-09-06,en,24.9212,7.7,377,Animation|Action & Adventure|Sci-Fi & Fantasy|Kids,TV Show
1891,Rome,"10759, 18",2005-08-28,en,24.9206,8.235,1508,Action & Adventure|Drama,TV Show
2730,I Love Lucy,"35, 10751",1951-10-15,en,24.9071,7.9,253,Comedy|Family,TV Show
126308,Shōgun,"18, 10768",2024-02-27,en,24.892,8.4,1769,Drama|War & Politics,TV Show
67199,Saint Seiya: The Hades Chapter,"10759, 16",2002-11-09,ja,24.8773,8.0,92,Action & Adventure|Animation,TV Show
21220,Father Matteo,"18, 35, 9648, 80, 10751",2000-01-07,it,24.8699,6.313,72,Drama|Comedy|Mystery|Crime|Family,TV Show
65278,Inkigayo,"10764, 10751",1998-02-01,ko,24.8519,7.5,4,Reality|Family,TV Show
75006,The Umbrella Academy,"10759, 10765, 18",2019-02-15,en,24.8394,8.473,9999,Action & Adventure|Sci-Fi & Fantasy|Drama,TV Show
63210,Shadowhunters,"10759, 18, 10765",2016-01-12,en,24.839,7.6,1220,Action & Adventure|Drama|Sci-Fi & Fantasy,TV Show
96402,"BOFURI: I Don't Want to Get Hurt, so I'll Max Out My Defense.","16, 10759, 35, 10765",2020-01-08,ja,24.8389,7.394,161,Animation|Action & Adventure|Comedy|Sci-Fi & Fantasy,TV Show
9237,Striscia la Notizia,"35, 10763",1988-11-07,it,24.8328,0.0,0,Comedy|News,TV Show
17611,Southland,18,2009-04-09,en,24.826,7.876,214,Drama,TV Show
97645,Solar Opposites,"35, 16, 10765",2020-05-08,en,24.8189,7.796,628,Comedy|Animation|Sci-Fi & Fantasy,TV Show
130237,Aharen-san wa Hakarenai,"16, 35",2022-04-02,ja,24.8173,7.378,82,Animation|Comedy,TV Show
296202,Wow The World,10764,2025-07-27,zh,24.8014,8.8,4,Reality,TV Show
39659,TIGER & BUNNY,"10759, 16, 35, 10765",2011-04-03,ja,24.7775,6.821,56,Action & Adventure|Animation|Comedy|Sci-Fi & Fantasy,TV Show
35094,Wild Kratts,"10751, 16, 35",2011-01-03,en,24.7767,7.5,64,Family|Animation|Comedy,TV Show
78173,Dragons: Race to the Edge,"10751, 16, 10759, 10765",2015-06-26,en,24.7637,8.36,481,Family|Animation|Action & Adventure|Sci-Fi & Fantasy,TV Show
215943,The Traitors,10764,2023-01-12,en,24.7629,6.2,55,Reality,TV Show
33001,Haven,"18, 10765, 9648",2010-07-09,en,24.7616,7.518,513,Drama|Sci-Fi & Fantasy|Mystery,TV Show
244557,Mahsun J,35,2024-01-26,tr,24.7613,7.789,19,Comedy,TV Show
278196,The Summer Hikaru Died,"16, 18, 9648, 10765",2025-07-06,ja,24.7531,8.277,112,Animation|Drama|Mystery|Sci-Fi & Fantasy,TV Show
82739,Rascal Does Not Dream of Bunny Girl Senpai,"16, 35, 18",2018-10-04,ja,24.7399,8.516,1314,Animation|Comedy|Drama,TV Show
92749,Moon Knight,"10765, 9648, 10759",2022-03-30,en,24.6988,7.645,3527,Sci-Fi & Fantasy|Mystery|Action & Adventure,TV Show
61463,The Affair,18,2014-10-12,en,24.6948,6.699,412,Drama,TV Show
81144,The Neighborhood,35,2018-10-01,en,24.6856,7.595,173,Comedy,TV Show
2119,Airwolf,"10759, 10765",1984-01-22,en,24.6793,7.616,487,Action & Adventure|Sci-Fi & Fantasy,TV Show
67063,Hitori No Shita - The Outcast,"16, 10765, 10759, 35",2016-07-09,zh,24.645,6.9,53,Animation|Sci-Fi & Fantasy|Action & Adventure|Comedy,TV Show
3051,Lost in Space,"10765, 35",1965-09-15,en,24.6441,7.192,130,Sci-Fi & Fantasy|Comedy,TV Show
104699,SHAMAN KING,"16, 35, 10765, 10759",2021-04-01,ja,24.6389,8.189,307,Animation|Comedy|Sci-Fi & Fantasy|Action & Adventure,TV Show
46262,Doc McStuffins,"16, 10762, 10751",2012-03-23,en,24.6381,5.9,74,Animation|Kids|Family,TV Show
8712,Endless Summer,"35, 18",1998-01-26,es,24.6315,7.0,3,Comedy|Drama,TV Show
114294,Judy Justice,10764,2021-10-31,en,24.628,4.6,17,Reality,TV Show
317991,Meowcats,"35, 10751, 9648, 80",2020-07-21,en,24.6211,10.0,1,Comedy|Family|Mystery|Crime,TV Show
32390,The Real Housewives of Beverly Hills,10764,2010-10-14,en,24.6156,6.3,105,Reality,TV Show
1918,The Twilight Zone,"10765, 18, 9648",1985-09-27,en,24.6151,7.713,253,Sci-Fi & Fantasy|Drama|Mystery,TV Show
3253,Barney Miller,35,1975-01-23,en,24.6108,7.364,59,Comedy,TV Show
281233,Beyond Time's Gaze,"16, 10765",2025-12-28,zh,24.6093,9.4,9,Animation|Sci-Fi & Fantasy,TV Show
40862,SOKO Köln,80,2003-10-22,de,24.6068,7.143,7,Crime,TV Show
119100,BOCCHI THE ROCK!,"16, 35",2022-10-09,ja,24.592,8.372,234,Animation|Comedy,TV Show
56568,NANA,"16, 18",2006-04-05,ja,24.5832,8.473,259,Animation|Drama,TV Show
316387,WWE Pay Per View,10764,1985-03-31,en,24.5773,0.0,0,Reality,TV Show
4271,Farscape,"10765, 10759, 18",1999-03-19,en,24.5753,7.883,605,Sci-Fi & Fantasy|Action & Adventure|Drama,TV Show
71915,Good Omens,"35, 18, 10765",2019-05-31,en,24.5727,8.033,2345,Comedy|Drama|Sci-Fi & Fantasy,TV Show
4396,Northern Exposure,"35, 18, 10765",1990-07-12,en,24.5577,7.86,200,Comedy|Drama|Sci-Fi & Fantasy,TV Show
1930,The Beverly Hillbillies,"35, 10751",1962-09-26,en,24.5569,6.919,130,Comedy|Family,TV Show
323130,Laços,"18, 10751",2026-05-22,pt,24.5554,10.0,1,Drama|Family,TV Show
131660,Show Time!,"16, 18",2021-10-04,ja,24.5462,7.2,9,Animation|Drama,TV Show
38974,Jessie,"35, 10762, 18, 10751",2011-09-30,en,24.5154,8.016,677,Comedy|Kids|Drama|Family,TV Show
4414,Highlander: The Series,"10765, 18, 10759",1992-10-03,en,24.5112,7.37,422,Sci-Fi & Fantasy|Drama|Action & Adventure,TV Show
50,Pacific Blue,"18, 10759, 80",1996-03-02,en,24.5098,5.4,95,Drama|Action & Adventure|Crime,TV Show
2985,Andromeda,"10759, 18, 10765",2000-10-02,en,24.5079,7.099,299,Action & Adventure|Drama|Sci-Fi & Fantasy,TV Show
47990,Grand Hotel,"18, 9648, 80, 10766",2011-05-10,es,24.4952,7.823,110,Drama|Mystery|Crime|Soap,TV Show
121876,Divas Hit the Road,10764,2014-04-25,zh,24.4776,6.9,12,Reality,TV Show
40382,Diya Aur Baati Hum,"18, 10751, 10766",2011-08-29,hi,24.4647,2.5,2,Drama|Family|Soap,TV Show
298949,Ozymandias,"80, 18",2043-08-22,en,24.4585,0.0,0,Crime|Drama,TV Show
50137,RWBY,"16, 10759, 10765",2013-07-18,en,24.4463,7.78,207,Animation|Action & Adventure|Sci-Fi & Fantasy,TV Show
34163,Urusei Yatsura,"16, 35, 10765, 18",1981-10-14,ja,24.4389,7.3,44,Animation|Comedy|Sci-Fi & Fantasy|Drama,TV Show
46880,The Fosters,18,2013-06-03,en,24.4015,7.476,332,Drama,TV Show
65988,Wynonna Earp,"10759, 10765, 37",2016-04-01,en,24.3931,7.855,808,Action & Adventure|Sci-Fi & Fantasy|Western,TV Show
2408,The Wild Thornberrys,"16, 35, 10759, 10762, 10751",1998-09-01,en,24.3896,7.002,299,Animation|Comedy|Action & Adventure|Kids|Family,TV Show
1386,Tales from the Darkside,"18, 10765",1984-09-30,en,24.3655,7.239,92,Drama|Sci-Fi & Fantasy,TV Show
224941,The Boroughs,"10765, 9648",2026-05-21,en,24.363,7.34,197,Sci-Fi & Fantasy|Mystery,TV Show
131378,Adventure Time: Fionna and Cake,"16, 10759, 35, 10765",2023-08-31,en,24.3588,8.647,331,Animation|Action & Adventure|Comedy|Sci-Fi & Fantasy,TV Show
604,Teen Titans,"16, 10759, 10765",2003-07-19,en,24.3479,8.354,1328,Animation|Action & Adventure|Sci-Fi & Fantasy,TV Show
81665,Summer Camp Island,"16, 35, 10765, 10751",2018-07-07,en,24.343,7.8,57,Animation|Comedy|Sci-Fi & Fantasy|Family,TV Show
117376,Vincenzo,"10759, 35, 18, 80",2021-02-20,ko,24.3069,8.513,1079,Action & Adventure|Comedy|Drama|Crime,TV Show
12447,Climax!,"18, 9648",1954-10-07,en,24.2947,3.833,12,Drama|Mystery,TV Show
324237,Bathurst 1000,"99, 10759",1973-09-30,en,24.2906,10.0,1,Documentary|Action & Adventure,TV Show
319124,Taskmaster NL,"35, 10764",2026-08-29,nl,24.2862,0.0,0,Comedy|Reality,TV Show
128839,La Brea,"10765, 18, 10759",2021-09-28,en,24.2769,7.419,1598,Sci-Fi & Fantasy|Drama|Action & Adventure,TV Show
287009,Doctor on the Edge,"35, 18",2026-06-01,ko,24.2683,9.0,6,Comedy|Drama,TV Show
4551,America's Got Talent,10764,2006-06-21,en,24.2559,5.682,269,Reality,TV Show
227098,For Him,18,2023-11-30,th,24.2302,7.3,10,Drama,TV Show
208067,My Love Story with Yamada-kun at Lv999,"16, 35",2023-04-02,ja,24.2292,8.0,182,Animation|Comedy,TV Show
320516,Ask Yarası,"18, 10766",2026-03-30,ar,24.2049,0.0,0,Drama|Soap,TV Show
109096,Great Escape Super Version,10764,2019-04-01,zh,24.2027,8.2,4,Reality,TV Show
31654,Digimon: Digital Monsters,"16, 10759, 10765",1999-03-07,ja,24.1995,8.076,920,Animation|Action & Adventure|Sci-Fi & Fantasy,TV Show
47,El Chavo del Ocho,"35, 10751, 18",1973-02-26,es,24.1802,8.047,2038,Comedy|Family|Drama,TV Show
136283,The Glory,18,2022-12-30,ko,24.1616,8.5,916,Drama,TV Show
196285,Farming Life in Another World,"16, 35, 10765",2023-01-06,ja,24.1615,7.537,149,Animation|Comedy|Sci-Fi & Fantasy,TV Show
75820,Mr. Sunshine,18,2018-07-07,ko,24.1533,8.448,183,Drama,TV Show
89180,Dimension 20,"10765, 35, 10764, 10759",2018-09-19,en,24.1407,9.176,17,Sci-Fi & Fantasy|Comedy|Reality|Action & Adventure,TV Show
32377,Armored Trooper VOTOMS,"16, 18, 10765",1983-04-01,ja,24.1355,7.1,16,Animation|Drama|Sci-Fi & Fantasy,TV Show
216,Duck Dodgers,"16, 35, 10765, 10762",2003-08-23,en,24.1317,7.419,135,Animation|Comedy|Sci-Fi & Fantasy|Kids,TV Show
1059,T. J. Hooker,"18, 80",1982-03-13,en,24.1009,6.5,96,Drama|Crime,TV Show
60554,Star Wars Rebels,"10759, 16, 10765",2014-10-13,en,24.0923,7.727,1001,Action & Adventure|Animation|Sci-Fi & Fantasy,TV Show
157239,Alien: Earth,"10765, 18",2025-08-12,en,24.0824,7.331,1050,Sci-Fi & Fantasy|Drama,TV Show
64513,American Crime Story,"80, 18",2016-02-02,en,24.0701,7.567,1052,Crime|Drama,TV Show
31585,Rookie Blue,"18, 80",2010-06-24,en,24.0497,7.6,218,Drama|Crime,TV Show
3475,The L Word,"18, 10766",2004-01-18,en,24.0488,7.7,859,Drama|Soap,TV Show
64190,Volle Kanne,10763,1999-08-30,de,24.048,4.429,7,News,TV Show
34075,Yes! PreCure 5,"16, 35, 10759, 10762, 10751, 10765",2007-02-04,ja,24.0315,8.1,14,Animation|Comedy|Action & Adventure|Kids|Family|Sci-Fi & Fantasy,TV Show
4223,Cagney & Lacey,"80, 18",1982-03-25,en,24.0238,6.958,71,Crime|Drama,TV Show
38867,Lab Rats,"35, 10765, 10762",2012-02-27,en,24.0111,8.1,173,Comedy|Sci-Fi & Fantasy|Kids,TV Show
56387,Fist of the North Star,"10759, 16, 10765, 18",1984-10-11,ja,24.0007,8.0,128,Action & Adventure|Animation|Sci-Fi & Fantasy|Drama,TV Show
2802,Waterloo Road,18,2006-03-09,en,23.9816,7.135,37,Drama,TV Show
1527,Due South,"18, 80, 35",1994-09-22,en,23.9787,7.62,79,Drama|Crime|Comedy,TV Show
114922,Citadel,"18, 80, 10759",2023-04-27,en,23.9746,6.861,539,Drama|Crime|Action & Adventure,TV Show
1706,The Pretender,"18, 9648, 10765",1996-09-19,en,23.9631,7.356,217,Drama|Mystery|Sci-Fi & Fantasy,TV Show
4327,Mr. Bean,35,1990-01-01,en,23.9626,7.995,1580,Comedy,TV Show
2723,Samurai Jack,"10765, 10759, 16",2001-08-10,en,23.9617,8.424,897,Sci-Fi & Fantasy|Action & Adventure|Animation,TV Show
8872,Aquarion,"16, 10759, 18, 10765",2005-04-05,ja,23.9459,6.5,24,Animation|Action & Adventure|Drama|Sci-Fi & Fantasy,TV Show
120998,Poker Face,"80, 9648",2023-01-26,en,23.9355,7.5,502,Crime|Mystery,TV Show
37863,Fullmetal Alchemist,"16, 10759, 10765",2003-10-04,ja,23.928,8.228,1047,Animation|Action & Adventure|Sci-Fi & Fantasy,TV Show
85349,Amphibia,"16, 10759, 35, 10765, 10751",2019-06-17,en,23.9225,8.6,347,Animation|Action & Adventure|Comedy|Sci-Fi & Fantasy|Family,TV Show
17892,Unter Uns,10766,1994-11-28,de,23.9161,7.8,5,Soap,TV Show
474,Nash Bridges,"10759, 18",1996-03-29,en,23.9108,6.644,111,Action & Adventure|Drama,TV Show
4860,Waking the Dead,"80, 9648, 18",2001-06-18,en,23.8897,7.2,45,Crime|Mystery|Drama,TV Show
66046,Mystery Music Show: King of Mask Singer,10764,2015-04-05,ko,23.8763,5.6,11,Reality,TV Show
245318,Margo's Got Money Troubles,"18, 35",2026-04-14,en,23.8694,7.887,137,Drama|Comedy,TV Show
55923,Reel Rock,99,2010-01-01,en,23.8645,7.5,2,Documentary,TV Show
121787,takt op.Destiny,"16, 10759, 10765",2021-10-06,ja,23.8583,7.034,104,Animation|Action & Adventure|Sci-Fi & Fantasy,TV Show
231003,Lazarus,"10765, 10759, 16",2025-04-06,en,23.8498,7.633,120,Sci-Fi & Fantasy|Action & Adventure|Animation,TV Show
52645,Forbidden Fruit,"10751, 18, 35",2018-03-19,tr,23.8429,6.9,23,Family|Drama|Comedy,TV Show
44371,Spaceship Sagittarius,"16, 10759, 10765, 35",1986-01-10,ja,23.8165,6.625,8,Animation|Action & Adventure|Sci-Fi & Fantasy|Comedy,TV Show
158373,NieR:Automata Ver1.1a,"16, 10759, 10765",2023-01-08,ja,23.8116,8.1,191,Animation|Action & Adventure|Sci-Fi & Fantasy,TV Show
58937,Masters of Sex,18,2013-09-29,en,23.8078,7.09,416,Drama,TV Show
210899,UniteUp!,16,2023-01-07,ja,23.791,6.0,9,Animation,TV Show
4550,7th Heaven,"10751, 18, 35",1996-08-26,en,23.7735,6.438,235,Family|Drama|Comedy,TV Show
2685,Family Matters,"35, 10751",1989-09-22,en,23.7689,6.753,352,Comedy|Family,TV Show
31730,Casshern Sins,"16, 18, 10765",2008-10-01,ja,23.7657,7.1,42,Animation|Drama|Sci-Fi & Fantasy,TV Show
225920,Yonimo Kimyou na Monogatari Tokubetsuhen,"9648, 10765",1990-10-04,ja,23.7618,9.5,2,Mystery|Sci-Fi & Fantasy,TV Show
95269,Toilet-Bound Hanako-kun,"16, 9648, 10765",2020-01-10,ja,23.7517,8.583,777,Animation|Mystery|Sci-Fi & Fantasy,TV Show
90812,Industry,18,2020-11-09,en,23.7461,6.8,272,Drama,TV Show
2440,Highway to Heaven,"10751, 18, 10765",1984-09-19,en,23.7436,7.414,198,Family|Drama|Sci-Fi & Fantasy,TV Show
128098,Interview with the Vampire,"18, 10765",2022-10-02,en,23.7315,7.534,387,Drama|Sci-Fi & Fantasy,TV Show
84669,The Quintessential Quintuplets,"16, 18, 35",2019-01-11,ja,23.725,8.4,756,Animation|Drama|Comedy,TV Show
39297,Last Man Standing,35,2011-10-11,en,23.7069,7.246,357,Comedy,TV Show
67744,MINDHUNTER,"18, 80",2017-10-13,en,23.7062,8.127,2985,Drama|Crime,TV Show
44984,The Shine,18,1991-09-16,el,23.6984,5.0,3,Drama,TV Show
62110,Assassination Classroom,"16, 35, 10759, 10765",2015-01-10,ja,23.6852,8.396,1231,Animation|Comedy|Action & Adventure|Sci-Fi & Fantasy,TV Show
96444,Interspecies Reviewers,"16, 35, 10765",2020-01-11,ja,23.6712,7.924,633,Animation|Comedy|Sci-Fi & Fantasy,TV Show
2233,Blue Heelers,18,1993-09-10,en,23.6654,6.469,16,Drama,TV Show
1791,The Guardian,18,2001-09-25,en,23.644,7.0,57,Drama,TV Show
88329,Hawkeye,"18, 35, 10759",2021-11-24,en,23.6387,7.788,3723,Drama|Comedy|Action & Adventure,TV Show
321127,The Anchors,"80, 35",2026-04-17,en,23.6339,10.0,1,Crime|Comedy,TV Show
3218,Caillou,"16, 10751, 10762",1997-09-15,fr,23.6286,5.4,76,Animation|Family|Kids,TV Show
62320,Grace and Frankie,"35, 18",2015-05-08,en,23.6261,7.706,371,Comedy|Drama,TV Show
39373,Red vs. Blue,"16, 35, 10765",2003-04-01,en,23.6124,7.488,82,Animation|Comedy|Sci-Fi & Fantasy,TV Show
195648,CCTV Spring Festival Gala: Crosstalk and Sketch,"10764, 10767",1983-02-12,zh,23.6051,9.0,1,Reality|Talk,TV Show
71785,Mr. Osomatsu,"16, 35",2015-10-05,ja,23.5962,6.569,29,Animation|Comedy,TV Show
1596,Bergerac,18,1981-10-18,en,23.592,6.739,23,Drama,TV Show
3427,Virtues of Harmony,"10751, 35, 18",2001-09-17,cn,23.5448,7.0,3,Family|Comedy|Drama,TV Show
994,Inspector Rex,"80, 9648, 18",1994-11-10,de,23.5407,7.2,284,Crime|Mystery|Drama,TV Show
34967,Falling Skies,"10759, 10765, 18",2011-06-19,en,23.5374,7.118,1334,Action & Adventure|Sci-Fi & Fantasy|Drama,TV Show
453,Mister Ed,"35, 10751",1961-01-05,en,23.5159,6.741,54,Comedy|Family,TV Show
80020,Super Dragon Ball Heroes,"16, 10759, 10765",2018-07-01,ja,23.5092,7.569,3142,Animation|Action & Adventure|Sci-Fi & Fantasy,TV Show
3229,Number 96,"35, 80, 18",1972-03-13,en,23.5074,4.25,8,Comedy|Crime|Drama,TV Show
236385,T・P BON,"16, 10759, 18, 10765",2024-05-02,ja,23.5022,7.3,22,Animation|Action & Adventure|Drama|Sci-Fi & Fantasy,TV Show
71715,Good Girls,"18, 80",2018-02-26,en,23.4974,7.827,687,Drama|Crime,TV Show
117581,Ginny & Georgia,"35, 18",2021-02-24,en,23.468,8.032,1796,Comedy|Drama,TV Show
9937,Intimate Portrait,99,1993-11-14,en,23.4256,4.5,5,Documentary,TV Show
3752,Fort Boyard,"10751, 10764, 10759",1990-07-07,fr,23.4209,7.3,29,Family|Reality|Action & Adventure,TV Show
4392,Big Love,18,2006-03-12,en,23.4114,6.923,150,Drama,TV Show
46732,MTV Video Music Awards,99,1984-09-14,en,23.41,7.8,23,Documentary,TV Show
30243,Apostrophes,10767,1975-01-10,fr,23.4082,8.5,4,Talk,TV Show
74913,Crime Patrol Satark,"10764, 9648, 18",2003-05-09,hi,23.4063,0.0,0,Reality|Mystery|Drama,TV Show
117992,The Duke of Death and His Maid,"16, 35, 10765",2021-07-04,ja,23.4022,7.835,115,Animation|Comedy|Sci-Fi & Fantasy,TV Show
89861,Great Escape,10764,2019-03-30,zh,23.38,7.571,7,Reality,TV Show
114473,Detective Academy,"10764, 9648",2019-11-03,zh,23.3661,7.3,3,Reality|Mystery,TV Show
219934,Become a Farmer,10764,2023-02-04,zh,23.3465,8.7,3,Reality,TV Show
2407,Dark Angel,"10759, 18",2000-10-03,en,23.3425,7.528,504,Action & Adventure|Drama,TV Show
306215,The One I Love,"10751, 18",2026-02-12,tr,23.3277,7.2,5,Family|Drama,TV Show
1739,According to Jim,35,2001-10-03,en,23.3137,6.54,390,Comedy,TV Show
45994,The Kitchen,"35, 18",2012-10-22,ru,23.3104,7.722,106,Comedy|Drama,TV Show
213402,Campfire Cooking in Another World with My Absurd Skill,"16, 10759, 10765, 35",2023-01-11,ja,23.3065,8.296,291,Animation|Action & Adventure|Sci-Fi & Fantasy|Comedy,TV Show
197368,Blue Orchestra,"16, 18",2023-04-09,ja,23.2911,7.0,20,Animation|Drama,TV Show
65329,Hyouka,"16, 9648, 35",2012-04-23,ja,23.2833,8.118,364,Animation|Mystery|Comedy,TV Show
254002,Critical Role,"10765, 10759, 35, 18",2015-03-12,en,23.281,7.95,20,Sci-Fi & Fantasy|Action & Adventure|Comedy|Drama,TV Show
61445,Rage of Bahamut,"16, 10759, 10765",2014-10-06,ja,23.2765,7.707,140,Animation|Action & Adventure|Sci-Fi & Fantasy,TV Show
107840,Otona nya Koi no Shikata ga Wakaranee!,"16, 35",2020-10-04,ja,23.2682,6.6,7,Animation|Comedy,TV Show
17362,Dr. Kildare,18,1961-09-27,en,23.2666,5.711,19,Drama,TV Show
299365,Reborn Rookie,"18, 10765",2026-05-30,ko,23.2631,6.8,6,Drama|Sci-Fi & Fantasy,TV Show
85271,WandaVision,"10765, 9648, 18",2021-01-15,en,23.2525,8.188,12708,Sci-Fi & Fantasy|Mystery|Drama,TV Show
4574,X-Men,"10762, 10765, 16, 10759",1992-10-31,en,23.2381,8.2,1355,Kids|Sci-Fi & Fantasy|Animation|Action & Adventure,TV Show
42887,Sayonara Zetsubou Sensei,"16, 35",2007-07-07,ja,23.2373,7.3,42,Animation|Comedy,TV Show
292035,Revenged Love,"18, 10759",2025-06-16,zh,23.208,8.4,68,Drama|Action & Adventure,TV Show
2038,Drake & Josh,35,2004-01-11,en,23.2029,8.361,1957,Comedy,TV Show
235685,The Pendragon Cycle: Rise of the Merlin,"10765, 10759, 10751, 18",2026-01-22,en,23.1989,7.6,44,Sci-Fi & Fantasy|Action & Adventure|Family|Drama,TV Show
2359,Spin City,"35, 18",1996-09-17,en,23.197,7.025,338,Comedy|Drama,TV Show
105197,Variety Studio: Actors on Actors,10767,2014-12-21,en,23.1912,4.231,13,Talk,TV Show
823,WWF Superstars,10759,1986-09-06,en,23.1665,8.2,5,Action & Adventure,TV Show
80006,Good Trouble,18,2019-01-08,en,23.1642,7.419,179,Drama,TV Show
91185,Riverboat,10767,1992-01-03,de,23.1621,5.25,4,Talk,TV Show
40879,Dahoam is Dahoam,10766,2007-10-08,de,23.15,4.75,6,Soap,TV Show
209538,The Recipe for a Happy Marriage,18,2022-10-06,ja,23.1376,6.7,3,Drama,TV Show
67192,New Japan Pro Wrestling,18,1972-03-06,ja,23.1347,8.0,5,Drama,TV Show
2355,Lilo & Stitch: The Series,"16, 35, 10751, 10765, 10759",2003-09-20,en,23.1285,7.4,657,Animation|Comedy|Family|Sci-Fi & Fantasy|Action & Adventure,TV Show
138502,X-Men '97,"16, 10759, 10765",2024-03-20,en,23.1282,8.5,688,Animation|Action & Adventure|Sci-Fi & Fantasy,TV Show
117024,Sacrificial Princess and the King of Beasts,"16, 18, 10765",2023-04-20,ja,23.1248,6.871,31,Animation|Drama|Sci-Fi & Fantasy,TV Show
2379,Z-Cars,18,1962-01-02,en,23.0876,7.286,7,Drama,TV Show
2222,The Division,18,2001-01-07,en,23.0835,7.1,14,Drama,TV Show
2627,Surfside 6,18,1960-10-06,en,23.0724,6.333,3,Drama,TV Show
37305,Soul Eater,"16, 10759, 35, 10765",2008-04-07,ja,23.0553,7.798,351,Animation|Action & Adventure|Comedy|Sci-Fi & Fantasy,TV Show
126824,The Patrick Star Show,"10751, 35, 16",2021-07-09,en,23.0147,5.8,49,Family|Comedy|Animation,TV Show
36366,The Files of the Young Kindaichi,"18, 9648",1995-07-15,ja,23.0128,7.6,7,Drama|Mystery,TV Show
103540,Percy Jackson and the Olympians,"10759, 10765, 18, 10751",2023-12-19,en,23.0124,7.281,778,Action & Adventure|Sci-Fi & Fantasy|Drama|Family,TV Show
250670,Maxton Hall – The World Between Us,18,2024-05-09,de,22.9996,8.28,655,Drama,TV Show
123473,The Game Caterers,10764,2021-03-12,ko,22.9938,8.7,10,Reality,TV Show
251,Aqua Teen Hunger Force,"16, 35",2000-12-30,en,22.9907,7.526,252,Animation|Comedy,TV Show
648,The Incredible Hulk,"10765, 10759, 18",1977-11-04,en,22.9863,7.236,502,Sci-Fi & Fantasy|Action & Adventure|Drama,TV Show
43712,Screen Two,18,1985-01-06,en,22.9678,7.143,7,Drama,TV Show
290019,I Made Friends with the Second Prettiest Girl in My Class,"16, 35, 18",2026-04-07,ja,22.9651,8.353,34,Animation|Comedy|Drama,TV Show
215803,Batang Quiapo,"18, 10759, 35",2023-02-13,tl,22.951,6.9,108,Drama|Action & Adventure|Comedy,TV Show
33852,Lost Girl,"10765, 18",2010-09-12,en,22.951,7.732,448,Sci-Fi & Fantasy|Drama,TV Show
9537,Atashin'chi,"16, 35",2002-04-19,ja,22.9378,8.4,15,Animation|Comedy,TV Show
94404,Dorohedoro,"16, 10759, 35, 10765",2020-01-13,ja,22.9312,8.376,440,Animation|Action & Adventure|Comedy|Sci-Fi & Fantasy,TV Show
312861,[AT] Ehrlichkeit,"18, 9648",2027-07-28,de,22.915,0.0,0,Drama|Mystery,TV Show
40605,Die Harald Schmidt Show,10764,1995-12-05,de,22.9068,7.2,18,Reality,TV Show
300126,LIAR GAME,"16, 18",2026-04-07,ja,22.888,7.5,13,Animation|Drama,TV Show
39957,Perception,"80, 18, 9648",2012-07-09,en,22.8812,7.158,275,Crime|Drama|Mystery,TV Show
274671,The Beginning After the End,"16, 10759",2025-04-02,ja,22.002,6.9,71,Animation|Action & Adventure,TV Show
129600,Baki Hanma,"16, 10759, 10765",2021-09-30,ja,22.1816,8.1,557,Animation|Action & Adventure|Sci-Fi & Fantasy,TV Show
15621,The Newsroom,18,2012-06-24,en,21.3735,8.054,734,Drama,TV Show
284447,Yowayowa Sensei,"16, 35",2026-04-11,ja,20.0589,5.864,11,Animation|Comedy,TV Show
2617,Step by Step,"35, 10751",1991-09-20,en,21.0832,7.798,451,Comedy|Family,TV Show
98271,RE: European Stories,99,2017-03-13,de,19.9988,6.8,6,Documentary,TV Show
4887,Barney & Friends,"35, 10751, 10762",1992-04-06,en,21.2248,6.224,105,Comedy|Family|Kids,TV Show
11105,Forensic Files,"80, 99",1996-04-21,en,20.3532,7.877,81,Crime|Documentary,TV Show
80968,Narcos: Mexico,"18, 80",2018-11-16,en,22.0072,7.9,1505,Drama|Crime,TV Show
1716,Early Edition,"10765, 18, 35",1996-09-28,en,21.0352,7.352,165,Sci-Fi & Fantasy|Drama|Comedy,TV Show
117030,We Baby Bears,"16, 10751, 35, 10762",2022-01-01,en,22.6218,7.3,277,Animation|Family|Comedy|Kids,TV Show
306603,Gone,"80, 18",2026-03-08,en,22.6099,6.389,18,Crime|Drama,TV Show
67915,Guardian: The Lonely and Great God,"18, 10765, 35",2016-12-02,ko,22.5966,8.613,3095,Drama|Sci-Fi & Fantasy|Comedy,TV Show
289271,Ashes to Crown,18,2026-06-02,zh,22.5886,7.5,8,Drama,TV Show
117488,Yellowjackets,"18, 9648",2021-11-14,en,22.5651,7.5,974,Drama|Mystery,TV Show
46928,Sofia the First,"10751, 16, 10762",2013-01-11,en,22.5494,7.199,548,Family|Animation|Kids,TV Show
2651,Profiler,"80, 18",1996-09-21,en,22.542,6.993,72,Crime|Drama,TV Show
1532,Starsky & Hutch,"10759, 18, 80",1975-09-10,en,22.5371,7.285,200,Action & Adventure|Drama|Crime,TV Show
102085,Too Hot to Handle,10764,2020-04-17,en,22.5362,6.6,455,Reality,TV Show
4259,Studio One,18,1948-11-07,en,22.5342,5.385,13,Drama,TV Show
325622,Murder 101,"99, 80",2026-07-13,en,22.5246,0.0,0,Documentary|Crime,TV Show
312493,Viral Hit,"18, 10759",2026-06-11,ja,22.5226,7.823,31,Drama|Action & Adventure,TV Show
243875,Georgie & Mandy's First Marriage,35,2024-10-17,en,22.5084,7.9,221,Comedy,TV Show
250060,The First Frost,18,2025-02-18,zh,22.4995,8.418,79,Drama,TV Show
67117,American Housewife,35,2016-10-11,en,22.4846,7.724,176,Comedy,TV Show
42282,Girls,"18, 35",2012-04-15,en,22.4709,6.386,442,Drama|Comedy,TV Show
325349,Auzious,"10759, 9648, 80, 10768, 35, 10765",2023-04-04,en,22.4708,0.0,0,Action & Adventure|Mystery|Crime|War & Politics|Comedy|Sci-Fi & Fantasy,TV Show
324283,LegoBob,"10759, 35",2010-12-15,es,22.4684,10.0,1,Action & Adventure|Comedy,TV Show
134373,The Sex Lives of College Girls,"35, 18",2021-11-18,en,22.4572,7.176,380,Comedy|Drama,TV Show
33841,R. L. Stine's The Haunting Hour,"10751, 18",2010-10-29,en,22.4522,8.2,222,Family|Drama,TV Show
586,Martial Law,"10759, 35, 80, 18",1998-09-26,en,22.4517,7.065,108,Action & Adventure|Comedy|Crime|Drama,TV Show
589,Remington Steele,"18, 10751, 35",1982-10-01,en,22.4464,7.079,145,Drama|Family|Comedy,TV Show
139130,Skip and Loafer,"16, 18, 35",2023-04-04,ja,22.4371,7.828,87,Animation|Drama|Comedy,TV Show
271548,6 of Us,18,2024-11-13,tr,22.4324,5.5,2,Drama,TV Show
2398,Girlfriends,"18, 35",2000-09-11,en,22.4315,7.319,47,Drama|Comedy,TV Show
211684,The Walking Dead: Daryl Dixon,"10765, 10759, 18",2023-09-10,en,22.3649,8.017,871,Sci-Fi & Fantasy|Action & Adventure|Drama,TV Show
207250,The Dangers in My Heart,"16, 35, 18",2023-04-02,ja,22.3612,8.475,243,Animation|Comedy|Drama,TV Show
102321,Looney Tunes Cartoons,"16, 35, 10751",2020-05-27,en,22.359,7.8,282,Animation|Comedy|Family,TV Show
36210,Blue Dragon,"16, 10759, 10765",2007-04-07,ja,22.3527,7.9,38,Animation|Action & Adventure|Sci-Fi & Fantasy,TV Show
214875,Rubble & Crew,"16, 10762",2023-02-03,en,22.346,7.1,31,Animation|Kids,TV Show
5307,The Ed Sullivan Show,"35, 10767",1948-06-20,en,22.3442,6.8,23,Comedy|Talk,TV Show
116725,Vivy -Fluorite Eye's Song-,"16, 10759, 18, 10765",2021-04-03,ja,22.3431,7.9,172,Animation|Action & Adventure|Drama|Sci-Fi & Fantasy,TV Show
62858,Colony,"10765, 18",2016-01-14,en,22.3383,6.848,648,Sci-Fi & Fantasy|Drama,TV Show
326013,Temporary Roommates,"35, 18",2021-08-29,te,22.3353,0.0,0,Comedy|Drama,TV Show
2289,seaQuest DSV,"10765, 10759",1993-09-12,en,22.3244,7.081,154,Sci-Fi & Fantasy|Action & Adventure,TV Show
13897,Ben Casey,18,1961-10-02,en,22.3242,5.867,15,Drama,TV Show
63623,Fuller House,"10751, 35",2016-02-26,en,22.3204,7.4,585,Family|Comedy,TV Show
85937,Demon Slayer: Kimetsu no Yaiba,"16, 10759, 10765",2019-04-06,ja,22.3149,8.6,7294,Animation|Action & Adventure|Sci-Fi & Fantasy,TV Show
656,Curious George,"16, 10751, 10762",2006-09-04,en,22.3085,7.2,135,Animation|Family|Kids,TV Show
2391,Tales from the Crypt,"35, 9648, 10765",1989-06-10,en,22.2442,7.972,990,Comedy|Mystery|Sci-Fi & Fantasy,TV Show
1769,Johnny Test,"16, 35, 10759, 10765, 10762",2005-09-17,en,22.2127,6.4,255,Animation|Comedy|Action & Adventure|Sci-Fi & Fantasy|Kids,TV Show
96677,Lupin,"80, 18, 9648",2021-01-08,fr,22.2052,7.7,2588,Crime|Drama|Mystery,TV Show
30957,The Amazing Race,10764,2001-09-05,en,22.2008,6.901,166,Reality,TV Show
65336,March Comes In Like a Lion,"16, 18",2016-10-08,ja,22.1942,8.0,140,Animation|Drama,TV Show
122587,A Couple of Cuckoos,"16, 35",2022-04-24,ja,22.1897,7.171,73,Animation|Comedy,TV Show
76121,DARLING in the FRANXX,"16, 18, 10765, 35",2018-01-13,ja,22.1832,8.511,1914,Animation|Drama|Sci-Fi & Fantasy|Comedy,TV Show
15632,The Cleveland Show,"16, 35",2009-09-27,en,22.1744,5.89,462,Animation|Comedy,TV Show
63069,The Johannes B. Kerner Show,10767,1998-01-22,de,22.1554,7.667,3,Talk,TV Show
65712,Dimension W,"16, 18, 10765, 80",2016-01-10,ja,22.1429,6.699,68,Animation|Drama|Sci-Fi & Fantasy|Crime,TV Show
105249,The World Ends with You: The Animation,"16, 18, 9648, 10759",2021-04-10,ja,22.1365,7.348,46,Animation|Drama|Mystery|Action & Adventure,TV Show
94796,Crash Landing on You,"18, 35",2019-12-14,ko,22.1365,8.532,933,Drama|Comedy,TV Show
85948,Star Trek: Lower Decks,"10765, 16, 35",2020-08-06,en,22.129,7.64,449,Sci-Fi & Fantasy|Animation|Comedy,TV Show
33056,Childrens Hospital,35,2008-12-08,en,22.1253,7.0,93,Comedy,TV Show
75208,Devilman Crybaby,"16, 10759, 10765",2018-01-05,ja,22.1118,7.7,736,Animation|Action & Adventure|Sci-Fi & Fantasy,TV Show
13881,The Invaders,"10759, 10765, 18",1967-01-10,en,22.1027,6.9,61,Action & Adventure|Sci-Fi & Fantasy|Drama,TV Show
91997,PLUTO,"16, 10765, 9648, 80",2023-10-26,ja,22.0883,7.833,243,Animation|Sci-Fi & Fantasy|Mystery|Crime,TV Show
78,Dateline,"80, 99",1992-03-31,en,22.0743,6.51,51,Crime|Documentary,TV Show
66761,Medici: Masters of Florence,"18, 10768",2016-10-18,it,22.0733,7.7,326,Drama|War & Politics,TV Show
70785,Anne with an E,"18, 10751",2017-03-19,en,22.0682,8.652,4940,Drama|Family,TV Show
111576,Shadows House,"16, 9648, 10765",2021-04-11,ja,22.0607,7.995,96,Animation|Mystery|Sci-Fi & Fantasy,TV Show
278704,Mobile Suit Gundam GQuuuuuuX,"16, 10759, 10765, 18",2025-04-09,ja,22.0572,7.38,46,Animation|Action & Adventure|Sci-Fi & Fantasy|Drama,TV Show
36062,Best Friends,"35, 18, 10766",2007-09-03,nl,22.0264,3.7,9,Comedy|Drama|Soap,TV Show
19849,Blood+,"16, 10765, 10759",2005-10-08,ja,22.0263,8.1,280,Animation|Sci-Fi & Fantasy|Action & Adventure,TV Show
72636,Made in Abyss,"16, 18, 10759, 10765",2017-07-07,ja,22.0093,8.336,648,Animation|Drama|Action & Adventure|Sci-Fi & Fantasy,TV Show
2822,Felicity,"18, 10766",1998-09-29,en,22.0071,6.61,91,Drama|Soap,TV Show
70128,Genius,18,2017-04-25,en,21.9968,7.457,303,Drama,TV Show
39775,Fantasy Island,"10765, 18, 35",1978-01-28,en,21.9926,6.541,122,Sci-Fi & Fantasy|Drama|Comedy,TV Show
325553,Journey,"16, 10765, 10759, 10751",,en,21.9903,0.0,0,Animation|Sci-Fi & Fantasy|Action & Adventure|Family,TV Show
242199,贝瓦儿歌,"10762, 16",2015-01-20,zh,21.9853,0.0,0,Kids|Animation,TV Show
4602,That's So Raven,"35, 10765",2003-01-17,en,21.9833,7.223,280,Comedy|Sci-Fi & Fantasy,TV Show
291339,Memory of a Killer,"80, 18",2026-01-25,en,21.9811,7.352,44,Crime|Drama,TV Show
229676,Spice and Wolf: MERCHANT MEETS THE WISE WOLF,"16, 10765, 18, 10759",2024-04-02,ja,21.9657,7.9,58,Animation|Sci-Fi & Fantasy|Drama|Action & Adventure,TV Show
5080,Doctors,"10766, 18",2000-03-27,en,21.9526,4.8,45,Soap|Drama,TV Show
321508,Moonbeam,"10765, 10759, 16",2028-07-07,en,21.9403,0.0,0,Sci-Fi & Fantasy|Action & Adventure|Animation,TV Show
201949,Yuri Is My Job!,"16, 35, 18",2023-04-06,ja,21.9212,6.234,32,Animation|Comedy|Drama,TV Show
5660,Mobile Suit Gundam ZZ,"16, 10768, 10759, 18, 35, 10765",1986-03-01,ja,21.9105,7.284,37,Animation|War & Politics|Action & Adventure|Drama|Comedy|Sci-Fi & Fantasy,TV Show
22073,Good Day Live,10763,2001-09-17,en,21.8971,3.8,5,News,TV Show
252,Everybody Hates Chris,35,2005-09-22,en,21.8795,8.066,1113,Comedy,TV Show
88384,Astrid & Raphaëlle,80,2020-03-13,fr,21.8727,8.0,68,Crime,TV Show
40290,MasterChef,10764,2010-07-27,en,21.8588,7.1,286,Reality,TV Show
13358,Telecrime,"18, 80",1938-08-01,en,21.8531,6.0,2,Drama|Crime,TV Show
1475,The Dead Zone,"18, 10765",2002-06-16,en,21.85,7.276,170,Drama|Sci-Fi & Fantasy,TV Show
39279,Hart of Dixie,"18, 35",2011-09-26,en,21.8395,7.3,321,Drama|Comedy,TV Show
33987,Corazon Valiente,"10766, 18, 10759",2012-03-06,es,21.8347,7.728,371,Soap|Drama|Action & Adventure,TV Show
64432,The Magicians,"18, 10765",2015-12-16,en,21.8146,7.598,1698,Drama|Sci-Fi & Fantasy,TV Show
4576,Just Shoot Me!,35,1997-03-04,en,21.7984,6.621,174,Comedy,TV Show
66786,Timeless,"18, 10759, 10765",2016-10-03,en,21.7886,7.243,790,Drama|Action & Adventure|Sci-Fi & Fantasy,TV Show
210268,Burn the House Down,"18, 9648",2023-07-13,ja,21.7694,7.188,77,Drama|Mystery,TV Show
95707,Kaizoku Sentai Gokaiger,"10759, 10765, 10762",2011-02-13,ja,21.7668,7.5,22,Action & Adventure|Sci-Fi & Fantasy|Kids,TV Show
225941,I Am Nobody,"10759, 18, 10765",2023-08-04,zh,21.76,8.511,45,Action & Adventure|Drama|Sci-Fi & Fantasy,TV Show
325907,Unfinished Dinner,"80, 35",1979-09-08,lv,21.7563,0.0,0,Crime|Comedy,TV Show
7246,Blackadder,35,1983-06-15,en,21.7558,7.971,555,Comedy,TV Show
259812,Leyla,18,2024-09-11,tr,21.7546,8.4,22,Drama,TV Show
2751,The New Alfred Hitchcock Presents,"18, 9648, 80",1985-09-29,en,21.7496,7.242,60,Drama|Mystery|Crime,TV Show
3163,Foyle's War,"9648, 18, 10768, 80",2002-10-27,en,21.7427,7.861,108,Mystery|Drama|War & Politics|Crime,TV Show
91768,Ascendance of a Bookworm,"16, 18, 10765",2019-10-03,ja,21.7333,8.1,136,Animation|Drama|Sci-Fi & Fantasy,TV Show
321622,Hermanos Coraje,"10766, 10759, 18, 37",1972-01-01,es,21.7229,0.0,0,Soap|Action & Adventure|Drama|Western,TV Show
41822,Top Chef,10764,2006-03-08,en,21.7223,6.862,69,Reality,TV Show
889,Eureka Seven,"10759, 10765, 16, 18",2005-04-17,ja,21.7057,7.397,68,Action & Adventure|Sci-Fi & Fantasy|Animation|Drama,TV Show
20695,Yu-Gi-Oh! 5D's,"16, 10765, 10759",2008-04-02,ja,21.6956,8.07,194,Animation|Sci-Fi & Fantasy|Action & Adventure,TV Show
42253,K-ON!,"16, 35",2009-04-03,ja,21.6869,8.011,186,Animation|Comedy,TV Show
26663,What's My Line?,"10751, 35",1950-02-02,en,21.6634,7.034,29,Family|Comedy,TV Show
100757,Outer Banks,"10759, 18, 9648",2020-04-15,en,21.6601,8.271,1188,Action & Adventure|Drama|Mystery,TV Show
7897,Cuéntame cómo pasó,"35, 18",2001-09-13,es,21.6479,7.069,58,Comedy|Drama,TV Show
99778,The God of High School,"16, 35, 10759, 10765",2020-07-06,ja,21.6362,8.165,744,Animation|Comedy|Action & Adventure|Sci-Fi & Fantasy,TV Show
241535,Makeine: Too Many Losing Heroines!,"16, 35, 18",2024-07-14,ja,21.632,8.2,71,Animation|Comedy|Drama,TV Show
21561,The Outer Limits,"18, 10765",1995-03-26,en,21.6191,7.686,234,Drama|Sci-Fi & Fantasy,TV Show
82822,Zombie Land SAGA,"16, 35, 10765",2018-10-04,ja,21.6102,7.944,195,Animation|Comedy|Sci-Fi & Fantasy,TV Show
308254,Love Beyond Dreams,10765,2026-05-06,th,21.5954,8.0,4,Sci-Fi & Fantasy,TV Show
123876,Komi Can't Communicate,"16, 35, 18",2021-10-07,ja,21.5952,8.283,588,Animation|Comedy|Drama,TV Show
34674,Master Keaton,"9648, 16, 18, 80",1998-10-06,ja,21.5808,7.2,20,Mystery|Animation|Drama|Crime,TV Show
9890,The Dick Cavett Show,10767,1968-06-06,en,21.5807,6.818,22,Talk,TV Show
60866,iZombie,"18, 80, 10765",2015-03-17,en,21.5685,7.794,2933,Drama|Crime|Sci-Fi & Fantasy,TV Show
45845,Fate/Zero,"10759, 16, 10765",2011-10-02,ja,21.568,7.982,379,Action & Adventure|Animation|Sci-Fi & Fantasy,TV Show
1401,Hell on Wheels,"10759, 18, 37",2011-11-06,en,21.5635,7.6,465,Action & Adventure|Drama|Western,TV Show
42021,Talking Dead,10767,2011-10-16,en,21.5581,7.262,61,Talk,TV Show
198102,Hijack,18,2023-06-28,en,21.5557,7.515,811,Drama,TV Show
30703,Shark Tank,10764,2009-08-09,en,21.5544,6.746,136,Reality,TV Show
2612,Deadliest Catch,10764,2005-04-12,en,21.5433,7.185,170,Reality,TV Show
245914,Bahar,"10751, 18",2024-02-13,tr,21.5403,6.2,12,Family|Drama,TV Show
46025,Infinite Stratos,"10759, 16, 35, 10765",2011-01-07,ja,21.523,7.599,151,Action & Adventure|Animation|Comedy|Sci-Fi & Fantasy,TV Show
73107,Barry,"35, 80, 18",2018-03-25,en,21.5225,7.905,1158,Comedy|Crime|Drama,TV Show
5266,University Challenge,10767,1962-09-21,en,21.5169,6.167,12,Talk,TV Show
91914,The Chinese Restaurant,10764,2017-07-22,zh,21.5135,7.0,2,Reality,TV Show
65930,My Hero Academia,"10759, 16, 10765",2016-04-03,ja,21.5065,8.6,5300,Action & Adventure|Animation|Sci-Fi & Fantasy,TV Show
60728,Kill la Kill,"10759, 16, 35, 10765",2013-10-04,ja,21.4786,8.168,539,Action & Adventure|Animation|Comedy|Sci-Fi & Fantasy,TV Show
154494,Lycoris Recoil,"16, 10759, 35",2022-07-02,ja,21.4716,8.142,211,Animation|Action & Adventure|Comedy,TV Show
88806,The Demon Girl Next Door,"16, 35, 10765",2019-07-12,ja,21.4705,8.0,31,Animation|Comedy|Sci-Fi & Fantasy,TV Show
4014,The Flying Doctors,18,1986-05-15,en,21.4698,6.647,17,Drama,TV Show
41349,Vienna Crime Squad,80,2005-10-11,de,21.4667,5.071,7,Crime,TV Show
10020,Police Woman,"10759, 80, 18",1974-09-13,en,21.4407,6.439,33,Action & Adventure|Crime|Drama,TV Show
101352,Panchayat,"35, 18",2020-03-05,hi,21.4355,8.138,141,Comedy|Drama,TV Show
228663,Horimiya: The Missing Pieces,"16, 35, 18",2023-07-01,ja,21.4353,7.6,65,Animation|Comedy|Drama,TV Show
2167,All Saints,18,1998-02-24,en,21.4335,6.231,13,Drama,TV Show
3216,Baretta,"80, 18, 9648",1975-01-17,en,21.4184,6.536,42,Crime|Drama|Mystery,TV Show
289123,Fred and Rose West: A British Horror Story,"99, 80",2025-05-14,en,21.4177,6.943,44,Documentary|Crime,TV Show
18520,Drop Dead Diva,"35, 18",2009-07-12,en,21.4152,7.737,276,Comedy|Drama,TV Show
26867,Mushi-Shi,"16, 18, 10765",2005-10-23,ja,21.3973,8.036,239,Animation|Drama|Sci-Fi & Fantasy,TV Show
4662,Close to Home,"18, 80, 9648",2005-09-20,en,21.3955,5.886,22,Drama|Crime|Mystery,TV Show
324871,Os Adolescentes,"10766, 18, 10751, 10764, 99",1981-09-28,pt,21.3852,0.0,0,Soap|Drama|Family|Reality|Documentary,TV Show
43348,Pablo Escobar: The Drug Lord,"80, 18",2012-05-28,es,21.385,7.6,3709,Crime|Drama,TV Show
85184,The Noite com Danilo Gentili,"10767, 35",2014-03-10,pt,21.3833,5.3,10,Talk|Comedy,TV Show
136228,Pa Quererte,"18, 10766, 35, 10751",2020-01-07,es,21.3814,9.095,63,Drama|Soap|Comedy|Family,TV Show
70798,Bride of Istanbul,"18, 10751, 35",2017-03-03,tr,21.3489,7.4,213,Drama|Family|Comedy,TV Show
80867,I Want You To Make a Disgusted Face and Show Me Your Underwear,"16, 18",2018-07-14,ja,21.3469,6.8,30,Animation|Drama,TV Show
241138,Rising Impact,"16, 35, 18",2024-06-22,ja,21.3468,8.5,40,Animation|Comedy|Drama,TV Show
218342,A Good Girl's Guide to Murder,"18, 80, 9648",2024-07-10,en,21.3456,7.462,332,Drama|Crime|Mystery,TV Show
12603,Kotikatu,18,1995-08-24,fi,21.3405,3.75,4,Drama,TV Show
32815,Raising Hope,"35, 10751",2010-09-21,en,21.3263,7.424,331,Comedy|Family,TV Show
5325,Army Wives,18,2007-06-03,en,21.3152,7.459,37,Drama,TV Show
230735,My Personal Weatherman,18,2023-08-11,ja,21.3063,7.803,33,Drama,TV Show
3713,Gunsmoke,"37, 10759, 18",1955-09-10,en,21.3016,6.7,112,Western|Action & Adventure|Drama,TV Show
218843,The Seven Deadly Sins: Four Knights of the Apocalypse,"16, 10759, 10765",2023-10-08,ja,21.2952,8.1,223,Animation|Action & Adventure|Sci-Fi & Fantasy,TV Show
203448,Southern Hospitality,10764,2022-11-28,en,21.2811,4.25,4,Reality,TV Show
4086,"Diners, Drive-Ins and Dives","99, 10764",2007-04-23,en,21.2618,6.8,71,Documentary|Reality,TV Show
7677,We Got Married,10764,2008-03-16,ko,21.2485,5.938,16,Reality,TV Show
66573,The Good Place,"10765, 35",2016-09-19,en,21.2482,7.973,1975,Sci-Fi & Fantasy|Comedy,TV Show
98986,Uzaki-chan Wants to Hang Out!,"16, 35",2020-07-10,ja,21.2418,8.302,984,Animation|Comedy,TV Show
29173,House Hunters International,10764,2006-03-06,en,21.241,6.1,30,Reality,TV Show
78473,DRAGON PILOT: Hisone and Masotan,"16, 35, 18, 10765",2018-04-13,ja,21.2366,7.1,26,Animation|Comedy|Drama|Sci-Fi & Fantasy,TV Show
215199,Just an Excuse,10767,2022-11-17,ko,21.2344,9.667,6,Talk,TV Show
6174,Isidingo,"10766, 18",1998-07-07,en,21.2316,5.25,4,Soap|Drama,TV Show
61223,Akame ga Kill!,"16, 18, 10759",2014-07-07,ja,21.2301,8.261,1216,Animation|Drama|Action & Adventure,TV Show
326209,Iskole,"18, 10751, 10766",2021-03-08,si,21.2077,0.0,0,Drama|Family|Soap,TV Show
312761,Hidden Secrets,"16, 10751, 9648, 10765",2024-06-12,en,21.2073,10.0,1,Animation|Family|Mystery|Sci-Fi & Fantasy,TV Show
2254,Sunset Beach,"10766, 18",1997-01-06,en,21.1878,6.2,36,Soap|Drama,TV Show
256721,Gachiakuta,"16, 10759, 18, 10765",2025-07-06,ja,21.1692,8.544,286,Animation|Action & Adventure|Drama|Sci-Fi & Fantasy,TV Show
720,DuckTales,"16, 9648, 10765, 35, 10762",1987-09-18,en,21.1664,7.7,741,Animation|Mystery|Sci-Fi & Fantasy|Comedy|Kids,TV Show
196040,Engage Kiss,"16, 35, 10759, 10765",2022-07-03,ja,21.1558,6.102,49,Animation|Comedy|Action & Adventure|Sci-Fi & Fantasy,TV Show
244808,Nukitashi the Animation,"16, 35, 18, 10765",2025-07-19,ja,21.1487,7.597,31,Animation|Comedy|Drama|Sci-Fi & Fantasy,TV Show
4275,Prisoner,"10766, 18",1979-02-27,en,21.1305,7.6,35,Soap|Drama,TV Show
85009,锵锵三人行,"10767, 10764",1998-04-01,zh,21.124,8.833,6,Talk|Reality,TV Show
4605,The Suite Life of Zack & Cody,"35, 10751, 10762",2005-03-18,en,21.1164,7.6,701,Comedy|Family|Kids,TV Show
4278,Friday Night Lights,18,2006-10-03,en,21.1143,7.973,317,Drama,TV Show
1025,The Bullwinkle Show,"16, 10762, 35, 10751",1959-11-19,en,21.1127,7.125,60,Animation|Kids|Comedy|Family,TV Show
42951,Kaiji,"16, 18",2007-10-03,ja,21.1075,8.104,101,Animation|Drama,TV Show
103516,Star Trek: Strange New Worlds,"10765, 18",2022-05-05,en,21.1049,7.959,761,Sci-Fi & Fantasy|Drama,TV Show
76231,Mayans M.C.,"80, 18",2018-09-04,en,21.1046,7.983,823,Crime|Drama,TV Show
9410,Basilisk,"16, 10759, 18",2005-04-12,ja,21.1001,7.363,102,Animation|Action & Adventure|Drama,TV Show
82670,World War Two,"99, 10768",2018-09-01,en,21.0973,8.0,6,Documentary|War & Politics,TV Show
76806,Tales of Demons and Gods,"16, 10759, 10765",2017-05-09,zh,21.0943,8.444,9,Animation|Action & Adventure|Sci-Fi & Fantasy,TV Show
36046,City Hunter,"10759, 16, 35, 9648",1987-04-06,ja,21.0759,7.9,63,Action & Adventure|Animation|Comedy|Mystery,TV Show
44317,Saint Seiya Omega,"10765, 16, 10759",2012-04-01,ja,21.0662,7.927,241,Sci-Fi & Fantasy|Animation|Action & Adventure,TV Show
46922,Ben 10: Omniverse,"10759, 16, 10765, 10762",2012-08-01,en,21.064,8.26,531,Action & Adventure|Animation|Sci-Fi & Fantasy|Kids,TV Show
210524,Lost You Forever,"18, 10759, 10765",2023-07-24,zh,21.0549,7.1,19,Drama|Action & Adventure|Sci-Fi & Fantasy,TV Show
1931,Disney's Adventures of the Gummi Bears,"16, 10751, 10762",1985-09-14,en,21.0327,7.459,269,Animation|Family|Kids,TV Show
84121,Super Nova Games,10764,2018-11-01,zh,21.031,6.5,2,Reality,TV Show
197067,Extraordinary Attorney Woo,18,2022-06-29,ko,21.0203,8.482,941,Drama,TV Show
112439,Wonderoos,"16, 10762",2024-07-15,en,21.0065,8.8,3,Animation|Kids,TV Show
77826,SKAM Italia,18,2018-03-29,it,21.0053,7.3,86,Drama,TV Show
85904,Temptation Island,10764,2019-01-15,en,20.9914,6.8,25,Reality,TV Show
4269,The Transformers,"16, 10762, 10759, 10765",1984-10-06,en,20.9887,7.808,434,Animation|Kids|Action & Adventure|Sci-Fi & Fantasy,TV Show
58832,Naked and Afraid,10764,2013-06-23,en,20.985,6.8,111,Reality,TV Show
108178,The Drew Barrymore Show,10767,2020-09-14,en,20.9835,5.765,17,Talk,TV Show
83612,Ever Night,"10759, 18, 10765",2018-10-31,zh,20.9832,7.382,34,Action & Adventure|Drama|Sci-Fi & Fantasy,TV Show
271014,Valley of Hearts,18,2024-09-12,tr,20.9768,8.762,21,Drama,TV Show
72755,Absentia,"80, 18, 9648",2017-09-25,en,20.963,7.245,386,Crime|Drama|Mystery,TV Show
2041,McLeod's Daughters,18,2001-08-08,en,20.9402,7.266,62,Drama,TV Show
32868,Nikita,"18, 10759",2010-09-09,en,20.9345,7.261,534,Drama|Action & Adventure,TV Show
45783,Kuroko's Basketball,"16, 35, 18",2012-04-08,ja,20.9302,8.4,613,Animation|Comedy|Drama,TV Show
66980,Babylon Berlin,"18, 80, 9648",2017-10-13,de,20.9175,7.7,392,Drama|Crime|Mystery,TV Show
66203,Soy Luna,"10766, 10751, 35, 9648",2016-03-14,es,20.9159,7.975,1114,Soap|Family|Comedy|Mystery,TV Show
212963,Buddy Daddies,"16, 35, 10759, 80",2023-01-07,ja,20.9158,7.915,94,Animation|Comedy|Action & Adventure|Crime,TV Show
38472,Marvel's Jessica Jones,"10765, 18",2015-11-20,en,20.8929,7.479,2616,Sci-Fi & Fantasy|Drama,TV Show
2328,Power Rangers,"10759, 10765, 10762",1993-08-28,en,20.8918,7.086,844,Action & Adventure|Sci-Fi & Fantasy|Kids,TV Show
130174,Sex and Zen,18,2002-01-01,zh,20.8855,1.0,1,Drama,TV Show
93449,Tamron Hall,10767,2019-09-09,en,20.8831,4.7,18,Talk,TV Show
273467,The Warrior Princess and the Barbaric King,"16, 10765, 35",2026-04-09,ja,20.8694,7.853,34,Animation|Sci-Fi & Fantasy|Comedy,TV Show
107255,Dragon Raja -The Blazing Dawn-,"16, 10759, 10765",2022-08-19,zh,20.8685,7.308,26,Animation|Action & Adventure|Sci-Fi & Fantasy,TV Show
2223,The F.B.I.,"80, 18, 9648",1965-09-19,en,20.8555,5.6,25,Crime|Drama|Mystery,TV Show
39898,Kung Fu Panda: Legends of Awesomeness,"10759, 16, 35, 10765, 10762",2011-09-19,en,20.8502,7.382,211,Action & Adventure|Animation|Comedy|Sci-Fi & Fantasy|Kids,TV Show
115694,Shikimori's Not Just a Cutie,"16, 35",2022-04-10,ja,20.8498,7.7,190,Animation|Comedy,TV Show
10534,The Red Skelton Show,"35, 10767, 10751",1951-09-30,en,20.8454,7.4,19,Comedy|Talk|Family,TV Show
324500,Looney Tunes,"35, 10762, 16",,en,20.8423,8.5,2,Comedy|Kids|Animation,TV Show
1712,The Munsters,"35, 10765, 10751",1964-09-24,en,20.8394,7.946,473,Comedy|Sci-Fi & Fantasy|Family,TV Show
42421,Panty & Stocking with Garterbelt,"16, 35, 10759, 10765",2010-10-02,ja,20.8333,7.714,96,Animation|Comedy|Action & Adventure|Sci-Fi & Fantasy,TV Show
68421,Altered Carbon,"10765, 18",2018-02-02,en,20.8117,7.642,2279,Sci-Fi & Fantasy|Drama,TV Show
72002,Dynasty,"18, 10766",2017-10-11,en,20.8105,8.075,903,Drama|Soap,TV Show
4626,Ugly Betty,"35, 18",2006-09-28,en,20.8088,6.387,283,Comedy|Drama,TV Show
108255,All Creatures Great & Small,"18, 35",2020-09-01,en,20.8067,8.163,156,Drama|Comedy,TV Show
11174,The Professionals,"10759, 80, 18",1977-12-30,en,20.8016,7.564,47,Action & Adventure|Crime|Drama,TV Show
209707,The Café Terrace and Its Goddesses,"16, 35",2023-04-08,ja,20.7952,7.241,56,Animation|Comedy,TV Show
206343,Tomb of Fallen Gods,"16, 10765",2022-07-21,zh,20.7761,5.545,11,Animation|Sci-Fi & Fantasy,TV Show
1481,The 4400,"18, 10765",2004-07-11,en,20.7747,7.163,734,Drama|Sci-Fi & Fantasy,TV Show
56998,High School of the Dead,"16, 10759, 18, 10765",2010-07-05,ja,20.7728,8.142,984,Animation|Action & Adventure|Drama|Sci-Fi & Fantasy,TV Show
202284,Ninja Kamui,"16, 10759",2024-02-11,en,20.7674,8.164,350,Animation|Action & Adventure,TV Show
32708,Body of Proof,"18, 80, 9648, 35",2011-03-29,en,20.7536,7.066,190,Drama|Crime|Mystery|Comedy,TV Show
43288,Beck: Mongolian Chop Squad,"16, 18",2004-10-06,ja,20.7529,7.689,66,Animation|Drama,TV Show
34660,Saiyuki,"16, 10759, 18, 35",2000-04-04,ja,20.7456,6.3,18,Animation|Action & Adventure|Drama|Comedy,TV Show
31497,The League,35,2009-10-29,en,20.7383,7.325,226,Comedy,TV Show
62598,Wicked Tuna,"10759, 10764",2012-04-01,en,20.7313,6.7,25,Action & Adventure|Reality,TV Show
15203,South at Six,10763,1961-01-06,en,20.7296,10.0,1,News,TV Show
68006,Taken,"10759, 80, 18, 35",2017-02-27,en,20.7295,6.483,268,Action & Adventure|Crime|Drama|Comedy,TV Show
302162,Song of the Samurai - Chapter: Youthful Days in Edo,10759,2026-03-26,ja,20.7267,9.6,18,Action & Adventure,TV Show
234667,Bakuage Sentai Boonboomger,"10762, 10759, 10765",2024-03-03,ja,20.7247,8.4,10,Kids|Action & Adventure|Sci-Fi & Fantasy,TV Show
231962,Diepe Waters,10766,2022-10-03,af,20.7245,8.2,4,Soap,TV Show
139628,Love Me,18,2021-12-26,en,20.708,6.1,34,Drama,TV Show
4636,Viper,"10759, 18, 10765",1994-01-02,en,20.7066,6.157,51,Action & Adventure|Drama|Sci-Fi & Fantasy,TV Show
153485,Sazae-san,"16, 35, 10751",1969-10-05,ja,20.6945,7.0,7,Animation|Comedy|Family,TV Show
5455,Saber y Ganar,10751,1997-02-17,es,20.6939,10.0,2,Family,TV Show
75191,The Terror,"9648, 18, 10765",2018-03-26,en,20.6936,7.356,996,Mystery|Drama|Sci-Fi & Fantasy,TV Show
46331,Under the Dome,"18, 9648, 10765",2013-06-24,en,20.6847,7.131,3888,Drama|Mystery|Sci-Fi & Fantasy,TV Show
513,Batman Beyond,"16, 10759, 10765",1999-01-10,en,20.6801,8.178,615,Animation|Action & Adventure|Sci-Fi & Fantasy,TV Show
103981,ScreenPlay,18,1986-07-09,en,20.6718,6.0,2,Drama,TV Show
80623,BAKI,"16, 10759, 80, 18",2018-06-26,ja,20.6704,8.1,1381,Animation|Action & Adventure|Crime|Drama,TV Show
64163,The Testament of Sister New Devil,"16, 10759, 35, 10765",2015-01-07,ja,20.6698,7.93,358,Animation|Action & Adventure|Comedy|Sci-Fi & Fantasy,TV Show
246461,Sherlock & Daughter,"18, 9648",2025-04-16,en,20.6579,6.633,60,Drama|Mystery,TV Show
99121,Walker,"80, 18, 10759",2021-01-21,en,20.6498,7.1,395,Crime|Drama|Action & Adventure,TV Show
107124,Animaniacs,"16, 35",2020-11-20,en,20.6491,8.438,590,Animation|Comedy,TV Show
235758,Alya Sometimes Hides Her Feelings in Russian,"16, 35",2024-07-03,ja,20.6485,7.852,229,Animation|Comedy,TV Show
79086,Godfather of Harlem,"18, 80",2019-09-29,en,20.64,8.105,746,Drama|Crime,TV Show
65798,Letterkenny,35,2016-02-07,en,20.6334,7.915,205,Comedy,TV Show
5857,Macross Frontier,"16, 10759",2008-04-03,ja,20.6201,7.847,36,Animation|Action & Adventure,TV Show
21116,Das Traumschiff,"35, 10751, 18",1981-11-22,de,20.6193,5.0,17,Comedy|Family|Drama,TV Show
73544,Warrior,"80, 18, 10759, 37",2019-04-05,en,20.6176,7.973,654,Crime|Drama|Action & Adventure|Western,TV Show
38657,Ridiculousness,"35, 10767, 10764",2011-08-29,en,20.6111,6.8,121,Comedy|Talk|Reality,TV Show
2863,Time Team,"99, 9648",1994-01-16,en,20.6045,7.25,16,Documentary|Mystery,TV Show
44856,Wentworth,"18, 80",2013-05-01,en,20.598,8.0,293,Drama|Crime,TV Show
38251,Toriko,"16, 10765, 10759",2011-04-03,ja,20.5822,7.47,33,Animation|Sci-Fi & Fantasy|Action & Adventure,TV Show
1026,Amazing Stories,"10765, 18, 35, 10751, 9648, 80",1985-09-29,en,20.5796,7.5,229,Sci-Fi & Fantasy|Drama|Comedy|Family|Mystery|Crime,TV Show
64199,Sneaky Pete,"18, 80",2015-08-07,en,20.5696,7.483,412,Drama|Crime,TV Show
4330,Millennium,"80, 18, 9648, 10765",1996-10-25,en,20.5649,7.706,277,Crime|Drama|Mystery|Sci-Fi & Fantasy,TV Show
2674,Neighbours,"10766, 18, 10751, 35",1985-03-18,en,20.5645,6.074,61,Soap|Drama|Family|Comedy,TV Show
217766,Zom 100: Bucket List of the Dead,"16, 10759, 35, 10765",2023-07-09,ja,20.5491,7.551,204,Animation|Action & Adventure|Comedy|Sci-Fi & Fantasy,TV Show
139798,Single's Inferno,"10764, 35, 10767",2021-12-18,ko,20.5475,7.633,94,Reality|Comedy|Talk,TV Show
42509,Steins;Gate,"16, 10765, 9648, 35",2011-04-06,ja,20.5461,8.456,960,Animation|Sci-Fi & Fantasy|Mystery|Comedy,TV Show
1812,Peep and the Big Wide World,16,2004-04-12,en,20.538,8.5,14,Animation,TV Show
66515,Brothers,"18, 10759",2015-09-28,tl,20.5302,6.771,35,Drama|Action & Adventure,TV Show
62704,Ballers,"18, 35",2015-06-21,en,20.5245,6.793,807,Drama|Comedy,TV Show
80240,The Queen of Flow,"18, 80",2018-06-12,es,20.5217,8.008,1571,Drama|Crime,TV Show
259909,Dexter: Resurrection,"80, 18, 9648",2025-07-13,en,20.5107,8.6,548,Crime|Drama|Mystery,TV Show
6231,Oshin,"18, 10751, 10768",1983-04-04,ja,20.5083,6.925,20,Drama|Family|War & Politics,TV Show
156898,"BASTARD‼ -Heavy Metal, Dark Fantasy-","16, 10759, 10765",2022-06-30,ja,20.4988,7.49,143,Animation|Action & Adventure|Sci-Fi & Fantasy,TV Show
272484,Fated Hearts,"18, 9648",2025-10-02,zh,20.4968,8.5,19,Drama|Mystery,TV Show
2518,The Tonight Show with Jay Leno,"10767, 35",1992-05-25,en,20.4967,5.381,101,Talk|Comedy,TV Show
291414,Does It Count If You Lose Your Innocence to an Android?,"16, 35, 10765",2026-01-10,ja,20.4871,6.813,8,Animation|Comedy|Sci-Fi & Fantasy,TV Show
88324,Virgin River,18,2019-12-06,en,20.4827,7.9,595,Drama,TV Show
61671,Unbreakable Kimmy Schmidt,35,2015-03-06,en,20.4708,7.104,624,Comedy,TV Show
96450,Miss Scarlet,"18, 9648, 80",2020-03-31,en,20.4693,7.286,117,Drama|Mystery|Crime,TV Show
254174,Kakushite! Makina-san!!,"16, 35",2025-04-07,ja,20.4647,4.786,14,Animation|Comedy,TV Show
2543,The Persuaders!,"35, 10759, 80",1971-09-17,en,20.4543,7.645,131,Comedy|Action & Adventure|Crime,TV Show
82782,The Righteous Gemstones,"35, 18",2019-08-18,en,20.4533,7.454,293,Comedy|Drama,TV Show
324855,Taaaka Ryba,99,1993-06-20,pl,20.4428,0.0,0,Documentary,TV Show
48865,Reign,18,2013-10-17,en,20.4227,8.056,878,Drama,TV Show
206122,Twinkle Love,10764,2021-05-05,zh,20.3481,8.0,1,Reality,TV Show
62884,Forged in Fire,10764,2015-06-22,en,20.3379,7.8,150,Reality,TV Show
29310,Emma: A Victorian Romance,"16, 18",2005-04-03,ja,20.3369,5.9,22,Animation|Drama,TV Show
100883,Never Have I Ever,"35, 18",2020-04-27,en,20.3217,8.051,1908,Comedy|Drama,TV Show
396,The District,18,2000-10-07,en,20.3171,6.8,20,Drama,TV Show
286791,Digimon Beatbreak,"16, 10759, 10765, 10762",2025-10-05,ja,20.3152,7.5,14,Animation|Action & Adventure|Sci-Fi & Fantasy|Kids,TV Show
206799,Dark Gathering,"16, 18, 9648",2023-07-10,ja,20.3131,7.243,35,Animation|Drama|Mystery,TV Show
312474,NIPPON SANGOKU: The Three Nations of the Crimson Sun,"16, 18, 10768",2026-04-05,ja,20.311,8.514,37,Animation|Drama|War & Politics,TV Show
13008,TMZ,"10763, 35",2007-09-10,en,20.3099,4.9,22,News|Comedy,TV Show
75214,Violet Evergarden,"16, 18, 10765",2018-01-11,ja,20.3088,8.493,963,Animation|Drama|Sci-Fi & Fantasy,TV Show
13335,New Tricks,"18, 35",2004-01-01,en,20.3034,7.3,64,Drama|Comedy,TV Show
100049,TONIKAWA: Over the Moon for You,"16, 35",2020-10-03,ja,20.2938,8.477,1556,Animation|Comedy,TV Show
90761,The Untamed,"10759, 18, 9648",2019-06-27,zh,20.2847,8.56,166,Action & Adventure|Drama|Mystery,TV Show
3611,Cow and Chicken,"16, 35, 10762",1997-09-16,en,20.2701,7.093,516,Animation|Comedy|Kids,TV Show
136915,Catch! Teenieping,"16, 10762",2020-03-19,ko,20.2567,7.0,4,Animation|Kids,TV Show
11290,Theatre 625,18,1964-05-03,en,20.242,7.2,5,Drama,TV Show
39107,Bubble Guppies,"16, 10751, 10762",2011-01-24,en,20.2364,7.6,49,Animation|Family|Kids,TV Show
249854,mono,"16, 35",2025-04-13,ja,20.2359,8.211,19,Animation|Comedy,TV Show
104711,EDENS ZERO,"16, 35, 10759, 10765",2021-04-11,ja,20.2283,7.686,223,Animation|Comedy|Action & Adventure|Sci-Fi & Fantasy,TV Show
31499,Fish Hooks,"16, 35, 10762",2010-09-03,en,20.2198,6.407,91,Animation|Comedy|Kids,TV Show
93812,The Great,"18, 35",2020-05-15,en,20.2167,8.081,1164,Drama|Comedy,TV Show
3508,Anderson Cooper 360°,"10763, 10767",2003-09-08,en,20.2096,5.4,9,News|Talk,TV Show
37527,Chobits,"16, 35, 18, 10765",2002-04-02,ja,20.1936,8.025,241,Animation|Comedy|Drama|Sci-Fi & Fantasy,TV Show
111255,Wonder Egg Priority,"16, 18, 10765, 9648",2021-01-13,ja,20.1811,6.839,118,Animation|Drama|Sci-Fi & Fantasy|Mystery,TV Show
63329,Rosewood,18,2015-09-23,en,20.1732,6.511,175,Drama,TV Show
3782,Naked City,"18, 80, 10759",1958-09-30,en,20.1307,5.667,12,Drama|Crime|Action & Adventure,TV Show
132664,The Heike Story,"16, 18, 10765",2022-01-13,ja,20.1045,7.333,30,Animation|Drama|Sci-Fi & Fantasy,TV Show
26453,TRIGUN,"10765, 10759, 16",1998-04-02,ja,20.0898,8.076,498,Sci-Fi & Fantasy|Action & Adventure|Animation,TV Show
13943,Beavis and Butt-Head,"16, 35",1993-03-08,en,20.0837,7.1,462,Animation|Comedy,TV Show
317948,乘风2026,10764,2026-04-02,zh,20.0808,8.0,1,Reality,TV Show
72027,Raven's Home,"10751, 35, 18",2017-07-21,en,20.0703,7.7,148,Family|Comedy|Drama,TV Show
90872,All Rise,"18, 80",2019-09-23,en,20.0689,7.447,123,Drama|Crime,TV Show
1546,Recess,"16, 10762, 35",1997-09-13,en,20.0681,7.749,523,Animation|Kids|Comedy,TV Show
83463,Drawing Jianghu: The Rangers,"16, 10759, 10765",2014-07-31,zh,20.0678,8.476,21,Animation|Action & Adventure|Sci-Fi & Fantasy,TV Show
2396,Punk'd,"35, 10764",2003-03-17,en,20.0617,5.1,101,Comedy|Reality,TV Show
4429,Timon and Pumbaa,"16, 35, 10762, 10751",1995-09-08,en,20.0557,7.239,662,Animation|Comedy|Kids|Family,TV Show
67683,Travelers,"18, 10765",2016-10-17,en,20.0544,7.577,858,Drama|Sci-Fi & Fantasy,TV Show
2160,Alvin and the Chipmunks,"16, 35, 10751",1983-09-17,en,20.0541,6.886,79,Animation|Comedy|Family,TV Show
89293,Bambi,10764,1948-01-01,de,20.0479,9.0,1,Reality,TV Show
240983,Sapne vs Everyone,18,2023-12-08,hi,20.0406,7.281,16,Drama,TV Show
4681,Zorro,"37, 10759",1957-10-10,en,20.0395,7.543,200,Western|Action & Adventure,TV Show
121078,Mieruko-chan,"16, 35, 9648, 10765",2021-10-03,ja,20.0295,8.107,375,Animation|Comedy|Mystery|Sci-Fi & Fantasy,TV Show
153482,Raven of the Inner Palace,"16, 18, 9648, 10765",2022-10-01,ja,20.0275,6.381,42,Animation|Drama|Mystery|Sci-Fi & Fantasy,TV Show
326,Red Dwarf,"35, 10765",1988-02-15,en,20.0155,8.1,437,Comedy|Sci-Fi & Fantasy,TV Show
69629,The Gifted,"10765, 10759, 18",2017-10-02,en,20.0153,7.602,1574,Sci-Fi & Fantasy|Action & Adventure|Drama,TV Show
46879,Mickey Mouse,"16, 10762, 35, 18",2013-06-28,en,20.0137,7.644,239,Animation|Kids|Comedy|Drama,TV Show
14666,The Listener,"10759, 80, 18",2009-06-04,en,20.0119,6.9,118,Action & Adventure|Crime|Drama,TV Show
127635,Spidey and His Amazing Friends,"16, 10762, 10765, 10759",2021-08-06,en,20.0092,7.1,258,Animation|Kids|Sci-Fi & Fantasy|Action & Adventure,TV Show
219035,Charmsukh - Jane Anjane Mein,18,2023-01-02,hi,20.0002,0.0,0,Drama,TV Show
118357,1883,"18, 37",2021-12-19,en,19.9821,8.268,949,Drama|Western,TV Show
11515,The Defenders,18,1961-09-16,en,19.9798,6.273,11,Drama,TV Show
213439,Ohsama Sentai King-Ohger,"10759, 10765, 10762",2023-03-05,ja,19.9697,7.8,19,Action & Adventure|Sci-Fi & Fantasy|Kids,TV Show
2855,Relic Hunter,"10765, 9648, 10759, 18",1999-09-25,en,19.9604,6.7,174,Sci-Fi & Fantasy|Mystery|Action & Adventure|Drama,TV Show
79242,Chilling Adventures of Sabrina,"9648, 10765, 18",2018-10-26,en,19.9549,8.167,3769,Mystery|Sci-Fi & Fantasy|Drama,TV Show
91027,Val x Love,"16, 10759, 35, 10765, 80, 9648",2019-10-05,ja,19.9529,4.5,17,Animation|Action & Adventure|Comedy|Sci-Fi & Fantasy|Crime|Mystery,TV Show
115006,L'Invité,10767,2002-01-01,fr,19.9513,4.5,2,Talk,TV Show
100868,Legacy,"18, 10751, 10766",2020-09-07,tr,19.9494,7.651,83,Drama|Family|Soap,TV Show
120155,The Greatest Demon Lord Is Reborn as a Typical Nobody,"16, 10759, 10765",2022-04-06,ja,19.9425,7.121,99,Animation|Action & Adventure|Sci-Fi & Fantasy,TV Show
84910,The Masked Singer,10764,2019-01-02,en,19.9415,7.5,122,Reality,TV Show
118577,Numéro un,10764,1975-04-05,fr,19.941,7.5,2,Reality,TV Show
81499,A Million Little Things,18,2018-09-26,en,19.9368,7.126,147,Drama,TV Show
2637,Come Dine with Me,10764,2005-01-10,en,19.9343,5.25,34,Reality,TV Show
61025,@midnight with Chris Hardwick,"35, 10767",2013-10-21,en,19.9212,5.182,22,Comedy|Talk,TV Show
210078,STAT,18,2022-09-12,fr,19.9117,6.8,10,Drama,TV Show
24710,Nadia: The Secret of Blue Water,"16, 10759, 10765, 18, 10751",1990-04-13,ja,19.9096,7.5,92,Animation|Action & Adventure|Sci-Fi & Fantasy|Drama|Family,TV Show
13837,Wanted: Dead or Alive,"37, 10759, 18",1958-09-06,en,19.9056,7.014,36,Western|Action & Adventure|Drama,TV Show
18053,Nurse Jackie,"18, 35",2009-06-08,en,19.9018,7.1,246,Drama|Comedy,TV Show
124396,Sonny Boy,"16, 18, 9648, 10765",2021-07-16,ja,19.8988,7.299,87,Animation|Drama|Mystery|Sci-Fi & Fantasy,TV Show
246862,New PANTY & STOCKING with GARTERBELT,"16, 35, 10759, 10765",2025-07-10,ja,19.8783,8.561,33,Animation|Comedy|Action & Adventure|Sci-Fi & Fantasy,TV Show
56296,Orphan Black,"18, 10765",2013-03-30,en,19.8779,7.799,1436,Drama|Sci-Fi & Fantasy,TV Show
224839,Shrouding the Heavens,"16, 10759, 10765",2023-05-03,zh,19.8771,8.8,14,Animation|Action & Adventure|Sci-Fi & Fantasy,TV Show
287429,Two Husbands One Wife,18,2025-04-09,ja,19.8642,7.4,5,Drama,TV Show
242436,The Art of Joy,18,2024-05-30,it,19.8593,7.667,39,Drama,TV Show
25707,Captain Tsubasa,"35, 18, 16",1983-10-13,ja,19.8541,7.848,830,Comedy|Drama|Animation,TV Show
66857,Shooter,"10759, 10768, 18",2016-11-15,en,19.8464,7.2,723,Action & Adventure|War & Politics|Drama,TV Show
84977,Russian Doll,"35, 18",2019-02-01,en,19.8361,7.357,1004,Comedy|Drama,TV Show
111177,Godzilla Singular Point,"16, 10759, 10765, 9648",2021-04-01,ja,19.8354,7.3,162,Animation|Action & Adventure|Sci-Fi & Fantasy|Mystery,TV Show
233194,Only for Love,"18, 35",2023-11-03,zh,19.8306,8.065,69,Drama|Comedy,TV Show
127947,Game Grumps,35,2012-07-18,en,19.8272,10.0,1,Comedy,TV Show
63322,Superb Song of the Valkyries: Symphogear,"16, 10765, 10759, 18",2012-01-06,ja,19.8243,6.9,23,Animation|Sci-Fi & Fantasy|Action & Adventure|Drama,TV Show
46639,American Gods,"18, 9648, 10765",2017-04-30,en,19.811,7.086,1786,Drama|Mystery|Sci-Fi & Fantasy,TV Show
215286,The Warp Effect,"18, 35",2022-12-12,th,19.8056,8.643,7,Drama|Comedy,TV Show
1777,Boy Meets World,"18, 35, 10751",1993-09-24,en,19.8041,8.289,570,Drama|Comedy|Family,TV Show
295509,The Legend of Kitchen Soldier,"10765, 35, 18",2026-05-11,ko,19.8033,8.5,18,Sci-Fi & Fantasy|Comedy|Drama,TV Show
115,A Different World,"35, 10751",1987-09-24,en,19.7841,7.08,75,Comedy|Family,TV Show
2284,Teenage Mutant Ninja Turtles,"10759, 16, 10762",2003-02-08,en,19.78,7.858,219,Action & Adventure|Animation|Kids,TV Show
2343,Lewis,"80, 18, 9648",2007-02-18,en,19.7614,7.608,120,Crime|Drama|Mystery,TV Show
37585,Kenichi: The Mightiest Disciple,"10759, 16, 35",2006-10-07,ja,19.7602,8.434,476,Action & Adventure|Animation|Comedy,TV Show
308,Strawberries with Sugar,"18, 35, 10766",2003-08-30,pt,19.7472,6.3,23,Drama|Comedy|Soap,TV Show
14511,WordGirl,"16, 10759, 10762, 10751",2007-09-07,en,19.7424,6.7,19,Animation|Action & Adventure|Kids|Family,TV Show
42573,Slam Dunk,"16, 35",1993-10-16,ja,19.7339,8.666,971,Animation|Comedy,TV Show
2567,Hercules,"35, 10762, 16, 10759",1998-08-31,en,19.7224,6.864,330,Comedy|Kids|Animation|Action & Adventure,TV Show
76949,La resistencia,"10767, 35",2018-02-01,es,19.7191,5.636,22,Talk|Comedy,TV Show
74824,Klassen,10751,2016-08-22,da,19.7005,7.2,6,Family,TV Show
96884,Dragon Quest: The Adventure of Dai,"16, 10759, 10765",2020-10-02,ja,19.6933,7.976,127,Animation|Action & Adventure|Sci-Fi & Fantasy,TV Show
66310,StartUp,"80, 18",2016-09-06,en,19.6928,7.197,266,Crime|Drama,TV Show
67883,Insecure,"35, 18",2016-10-09,en,19.6874,7.141,224,Comedy|Drama,TV Show
112833,Juvenile Justice,"18, 80",2022-02-25,ko,19.6847,8.043,242,Drama|Crime,TV Show
42511,The Melancholy of Haruhi Suzumiya,"35, 16, 10765",2006-04-03,ja,19.6812,7.829,301,Comedy|Animation|Sci-Fi & Fantasy,TV Show
110382,Pachinko,18,2022-03-24,en,19.6655,7.9,257,Drama,TV Show
14509,In aller Freundschaft,10766,1998-10-26,de,19.6601,6.286,7,Soap,TV Show
62569,Go! Princess PreCure,"10762, 16, 35, 10759, 10751, 18, 10765",2015-02-01,ja,19.658,8.214,14,Kids|Animation|Comedy|Action & Adventure|Family|Drama|Sci-Fi & Fantasy,TV Show
258230,Last Seen,"80, 18, 9648",2026-09-09,en,19.651,0.0,0,Crime|Drama|Mystery,TV Show
235380,Sri Ramkrishna,18,2020-05-24,bn,19.6388,0.0,0,Drama,TV Show
1892,The Fresh Prince of Bel-Air,"35, 10751",1990-09-10,en,19.6372,7.907,2467,Comedy|Family,TV Show
45388,Missing,"10759, 18, 9648, 80",2003-08-02,en,19.637,6.867,30,Action & Adventure|Drama|Mystery|Crime,TV Show
295780,"Life, Larry and the Pursuit of Unhappiness: An almost History of America",35,2026-06-26,en,19.6337,4.0,7,Comedy,TV Show
517,The Ultimate Fighter,10764,2005-01-17,en,19.6309,6.385,52,Reality,TV Show
433,Terminator: The Sarah Connor Chronicles,"10765, 18, 10759",2008-01-13,en,19.6248,7.478,998,Sci-Fi & Fantasy|Drama|Action & Adventure,TV Show
3114,Silk Stalkings,"80, 18, 10759",1991-11-07,en,19.6228,6.133,45,Crime|Drama|Action & Adventure,TV Show
63009,Xenius,99,2009-01-19,de,19.6216,4.0,2,Documentary,TV Show
4318,Night Gallery,"10765, 9648, 18",1970-12-16,en,19.6081,7.81,108,Sci-Fi & Fantasy|Mystery|Drama,TV Show
42878,Anger Management,35,2012-06-28,en,19.6069,6.33,276,Comedy,TV Show
120013,RE-MAIN,"16, 35, 18",2021-07-04,ja,19.604,6.8,31,Animation|Comedy|Drama,TV Show
7704,Legend of the Seeker,"10765, 10759, 18",2008-11-01,en,19.5924,7.438,352,Sci-Fi & Fantasy|Action & Adventure|Drama,TV Show
215072,A Shop for Killers,"18, 10759, 9648",2024-01-17,ko,19.5751,8.265,166,Drama|Action & Adventure|Mystery,TV Show
18202,Cougar Town,35,2009-09-23,en,19.5649,6.483,265,Comedy,TV Show
61664,Sense8,"10765, 18",2015-06-05,en,19.5529,7.723,1855,Sci-Fi & Fantasy|Drama,TV Show
286801,Monster: The Ed Gein Story,"80, 18",2025-10-03,en,19.5508,7.24,516,Crime|Drama,TV Show
40905,SOKO Stuttgart,80,2009-11-12,de,19.5493,6.6,8,Crime,TV Show
72505,In Another World with My Smartphone,"16, 10759, 35, 10765",2017-07-11,ja,19.5413,7.298,161,Animation|Action & Adventure|Comedy|Sci-Fi & Fantasy,TV Show
325435,Granite Waves,"10759, 16, 18, 9648, 10765",2026-02-21,en,19.5396,0.0,0,Action & Adventure|Animation|Drama|Mystery|Sci-Fi & Fantasy,TV Show
2022,The Batman,"16, 10765, 10759, 10762",2004-09-11,en,19.5351,8.039,503,Animation|Sci-Fi & Fantasy|Action & Adventure|Kids,TV Show
6040,Ben 10: Alien Force,"16, 10765, 10759",2008-04-18,en,19.5121,8.309,1177,Animation|Sci-Fi & Fantasy|Action & Adventure,TV Show
71663,Black Lightning,"10759, 10765, 18",2018-01-16,en,19.5111,6.925,955,Action & Adventure|Sci-Fi & Fantasy|Drama,TV Show
34791,Claymore,"10759, 16, 18, 10765",2007-04-03,ja,19.5076,8.174,380,Action & Adventure|Animation|Drama|Sci-Fi & Fantasy,TV Show
75415,Galileo,99,1998-11-30,de,19.5065,4.8,8,Documentary,TV Show
63404,Taskmaster,35,2015-07-28,en,19.4949,8.3,213,Comedy,TV Show
243881,House of David,18,2025-02-27,en,19.4931,8.255,263,Drama,TV Show
155780,Batwheels,"10762, 16, 35",2022-10-15,en,19.4887,7.0,22,Kids|Animation|Comedy,TV Show
88803,Vinland Saga,"16, 10768, 10759, 18",2019-07-08,ja,19.4837,8.524,956,Animation|War & Politics|Action & Adventure|Drama,TV Show
60948,12 Monkeys,"10765, 18",2015-01-16,en,19.4719,7.411,1173,Sci-Fi & Fantasy|Drama,TV Show
35338,La que se avecina,35,2007-04-22,es,19.4702,8.1,286,Comedy,TV Show
4624,Roswell,"10765, 18",1999-10-06,en,19.4676,7.733,491,Sci-Fi & Fantasy|Drama,TV Show
32709,Mike & Molly,"35, 18",2010-09-20,en,19.4664,6.688,266,Comedy|Drama,TV Show
112527,Obake no Q-tarō,"16, 35, 10762",1985-04-01,ja,19.4603,7.0,2,Animation|Comedy|Kids,TV Show
62517,Zoo,18,2015-06-30,en,19.4602,6.77,598,Drama,TV Show
313701,A Filipino Christmas,18,2026-12-03,tl,19.4535,0.0,0,Drama,TV Show
63809,Camera Café,35,2003-10-06,it,19.4373,6.822,59,Comedy,TV Show
7562,Q&A,"10763, 10767",2008-05-22,en,19.3993,3.2,5,News|Talk,TV Show
32836,Back Streets,"10759, 80, 18, 10751, 9648, 35",2006-07-31,tr,19.3924,5.6,29,Action & Adventure|Crime|Drama|Family|Mystery|Comedy,TV Show
146339,"Spare Me, Great Lord!","16, 35, 10759, 10765",2021-12-03,zh,19.3745,7.58,25,Animation|Comedy|Action & Adventure|Sci-Fi & Fantasy,TV Show
285838,If Wishes Could Kill,"9648, 18",2026-04-24,ko,19.3605,8.203,138,Mystery|Drama,TV Show
198152,ONIMAI: I'm Now Your Sister!,"16, 35",2023-01-05,ja,19.3543,7.5,62,Animation|Comedy,TV Show
34415,The Killing,"18, 80, 9648",2011-04-03,en,19.3473,7.825,875,Drama|Crime|Mystery,TV Show
4568,Pepper Ann,"16, 35, 10751, 10762",1997-09-13,en,19.3459,7.0,48,Animation|Comedy|Family|Kids,TV Show
60874,Space Dandy,"16, 35, 10765, 10759",2014-01-04,ja,19.3407,7.538,133,Animation|Comedy|Sci-Fi & Fantasy|Action & Adventure,TV Show
8864,.hack,"10759, 16, 9648",2002-04-04,ja,19.336,6.762,42,Action & Adventure|Animation|Mystery,TV Show
4060,Medical Center,18,1969-09-24,en,19.3355,6.357,14,Drama,TV Show
65503,Aikatsu!,"16, 35, 18, 10762, 10765",2012-10-08,ja,19.328,6.7,25,Animation|Comedy|Drama|Kids|Sci-Fi & Fantasy,TV Show
215126,Glaubwürdig,99,2000-05-06,de,19.3238,0.0,0,Documentary,TV Show
20097,Découverte,"99, 10763",1988-09-11,fr,19.3216,6.3,5,Documentary|News,TV Show
117378,Mouse,"80, 9648, 10765",2021-03-03,ko,19.2805,8.403,318,Crime|Mystery|Sci-Fi & Fantasy,TV Show
227371,Fake Profile,18,2023-05-31,es,19.2706,7.333,215,Drama,TV Show
33301,Franklin & Bash,"18, 35",2011-06-01,en,19.2701,7.3,89,Drama|Comedy,TV Show
73157,Future Man,"35, 10765",2017-11-14,en,19.2618,7.144,598,Comedy|Sci-Fi & Fantasy,TV Show
1095,Ghost in the Shell: Stand Alone Complex,"16, 10759, 10765, 80",2002-10-01,ja,19.2602,8.22,429,Animation|Action & Adventure|Sci-Fi & Fantasy|Crime,TV Show
61751,All Hail King Julien,"10751, 16, 35, 10762",2014-12-19,en,19.2566,6.8,101,Family|Animation|Comedy|Kids,TV Show
43020,Continuum,"10765, 10759, 18",2012-05-27,en,19.249,7.465,938,Sci-Fi & Fantasy|Action & Adventure|Drama,TV Show
43125,Guilty Crown,"16, 10765, 10759",2011-10-13,ja,19.2483,7.29,231,Animation|Sci-Fi & Fantasy|Action & Adventure,TV Show
60732,Maken-Ki! Battling Venus,"16, 35, 10759",2011-10-05,ja,19.2362,7.105,57,Animation|Comedy|Action & Adventure,TV Show
70796,The Marvelous Mrs. Maisel,"35, 18",2017-03-16,en,19.2333,8.06,961,Comedy|Drama,TV Show
63087,Snow White with the Red Hair,"16, 18, 10765",2015-07-07,ja,19.2288,7.692,112,Animation|Drama|Sci-Fi & Fantasy,TV Show
75758,Lost in Space,"10765, 10759, 18",2018-04-13,en,19.2234,7.494,1860,Sci-Fi & Fantasy|Action & Adventure|Drama,TV Show
233219,ONE: High School Heroes,"10759, 18",2025-05-30,ko,19.2131,8.069,58,Action & Adventure|Drama,TV Show
67667,Beyblade Burst,"10759, 16, 35, 10762, 10765, 10751",2016-04-04,ja,19.2074,8.2,341,Action & Adventure|Animation|Comedy|Kids|Sci-Fi & Fantasy|Family,TV Show
8745,Balika Vadhu,18,2008-07-20,hi,19.2066,4.7,3,Drama,TV Show
222764,Pânico Jovem Pan,10767,2015-01-26,pt,19.2023,5.5,4,Talk,TV Show
76059,A Place Further than the Universe,"16, 18, 35",2018-01-02,ja,19.1998,7.8,134,Animation|Drama|Comedy,TV Show
21567,The Outer Limits,10765,1963-09-16,en,19.1868,7.8,160,Sci-Fi & Fantasy,TV Show
25492,Sengoku BASARA: Samurai Kings,"16, 10759, 10768",2009-04-02,ja,19.1799,6.2,20,Animation|Action & Adventure|War & Politics,TV Show
262928,Love in the Clouds,"18, 10765",2025-10-08,zh,19.1742,8.85,40,Drama|Sci-Fi & Fantasy,TV Show
1126,Happy Tree Friends,"16, 35, 10765",1999-12-24,en,19.1549,7.8,652,Animation|Comedy|Sci-Fi & Fantasy,TV Show
307949,Lingam,80,2026-06-26,ta,19.1491,0.0,0,Crime,TV Show
76100,Shinkansen Henkei Robo Shinkalion: THE ANIMATION,"16, 10765, 10762",2018-01-06,ja,19.1358,8.0,8,Animation|Sci-Fi & Fantasy|Kids,TV Show
295357,Fist of the North Star: HOKUTO NO KEN,"10759, 16",2026-04-11,ja,19.1278,8.6,16,Action & Adventure|Animation,TV Show
203505,Scandal: Story of an Obsession,18,2023-01-11,es,19.1262,6.1,35,Drama,TV Show
212204,Twinkling Watermelon,"10765, 18",2023-09-25,ko,19.1239,8.78,159,Sci-Fi & Fantasy|Drama,TV Show
1310,Sanctuary,"10759, 10765",2008-10-03,en,19.1075,7.26,296,Action & Adventure|Sci-Fi & Fantasy,TV Show
67389,Golden Time,"16, 18",2013-10-03,ja,19.1065,8.512,581,Animation|Drama,TV Show
3498,Wizards of Waverly Place,"35, 10765, 10762",2007-10-12,en,19.1057,8.636,1187,Comedy|Sci-Fi & Fantasy|Kids,TV Show
14956,Dollhouse,"10759, 18, 10765",2009-02-13,en,19.0985,7.216,496,Action & Adventure|Drama|Sci-Fi & Fantasy,TV Show
111453,Ghum Hai Kisikey Pyaar Meiin,"18, 10766, 10751",2020-10-05,hi,19.0964,5.7,70,Drama|Soap|Family,TV Show
18352,The Garfield Show,"16, 35, 10762",2009-11-02,en,19.0849,6.5,115,Animation|Comedy|Kids,TV Show
64010,Reply 1988,35,2015-11-06,ko,19.076,8.724,217,Comedy,TV Show
25117,Tomorrow's Joe,"16, 18, 10759",1970-04-01,ja,19.0738,7.9,37,Animation|Drama|Action & Adventure,TV Show
319037,A Winter Sun Wakes the Wind in Spring Hills' Dream,18,2026-06-12,zh,19.0688,0.0,0,Drama,TV Show
214162,Animal Control,35,2023-02-16,en,19.0672,6.045,66,Comedy,TV Show
69236,BanG Dream!,"16, 35",2017-01-21,ja,19.0613,5.7,27,Animation|Comedy,TV Show
247767,The Studio,"35, 18",2025-03-25,en,19.059,7.751,356,Comedy|Drama,TV Show
107467,SINGER,10764,2013-01-18,zh,19.0584,6.0,6,Reality,TV Show
61599,The Librarians,"10759, 18, 35",2014-12-07,en,19.0381,7.159,529,Action & Adventure|Drama|Comedy,TV Show
325653,Elsa Arca,"9648, 80",2026-06-13,en,19.0352,0.0,0,Mystery|Crime,TV Show
72637,Once,"35, 10751, 10766",2017-06-19,es,19.0301,8.634,1529,Comedy|Family|Soap,TV Show
61811,CSI: Cyber,"80, 18",2015-03-04,en,19.0242,6.139,245,Crime|Drama,TV Show
80858,Zac & Mia,18,2017-11-07,en,19.0198,7.6,5,Drama,TV Show
279120,The Share House's Secret Rule,"16, 35",2025-01-06,ja,19.0127,5.667,3,Animation|Comedy,TV Show
156571,Immortality,"16, 10759, 18, 10765",2022-01-29,zh,19.0121,7.3,12,Animation|Action & Adventure|Drama|Sci-Fi & Fantasy,TV Show
220349,Dating Naked Germany,10764,2023-01-31,de,19.0056,5.2,6,Reality,TV Show
72533,Madre Paula,18,2017-07-05,pt,19.0018,4.5,7,Drama,TV Show
239318,The Bay of Spies,"10768, 18, 10759",2023-12-31,pl,18.9991,6.2,8,War & Politics|Drama|Action & Adventure,TV Show
194583,The Walking Dead: Dead City,"10759, 18, 10765",2023-06-18,en,18.9731,7.923,732,Action & Adventure|Drama|Sci-Fi & Fantasy,TV Show
63498,Close Up with The Hollywood Reporter,10767,2015-08-02,en,18.9662,6.2,19,Talk,TV Show
78303,"Mein Lokal, Dein Lokal",10764,2013-08-19,de,18.9644,0.0,0,Reality,TV Show
9912,Passions,"10766, 10765",1999-07-05,en,18.9541,7.625,8,Soap|Sci-Fi & Fantasy,TV Show
11920,Highway Patrol,"10759, 18",1955-10-03,en,18.9457,6.1,10,Action & Adventure|Drama,TV Show
86031,Dr. STONE,"16, 10759, 35, 10765",2019-07-05,ja,18.9434,8.538,1712,Animation|Action & Adventure|Comedy|Sci-Fi & Fantasy,TV Show
236443,Getroud met Rugby: Die Sepie,10766,2016-04-04,af,18.9419,3.0,1,Soap,TV Show
41451,SOKO Kitzbühel,80,2001-11-15,de,18.9167,4.571,7,Crime,TV Show
5835,Goosebumps,"10765, 9648, 10762, 35",1995-10-27,en,18.9165,7.9,638,Sci-Fi & Fantasy|Mystery|Kids|Comedy,TV Show
225320,LEGO DREAMZzz,"16, 10765, 10759, 10762",2023-05-15,en,18.9085,7.8,24,Animation|Sci-Fi & Fantasy|Action & Adventure|Kids,TV Show
13923,Journey to the West,"10759, 18",1986-02-09,zh,18.9052,8.4,66,Action & Adventure|Drama,TV Show
1265,Bargain Hunt,10764,2000-03-20,en,18.8998,7.4,8,Reality,TV Show
62715,Dragon Ball Super,"16, 10759, 10765",2015-07-05,ja,18.8861,8.193,5290,Animation|Action & Adventure|Sci-Fi & Fantasy,TV Show
122826,Dance Dance Danseur,"16, 18",2022-04-09,ja,18.8816,7.304,23,Animation|Drama,TV Show
2430,Doc Martin,"35, 18",2004-09-02,en,18.8797,8.264,140,Comedy|Drama,TV Show
215720,Queen of Tears,"18, 35",2024-03-09,ko,18.8682,8.387,491,Drama|Comedy,TV Show
20353,Magical DoReMi,"16, 35, 10765, 10759, 10762",1999-02-07,ja,18.8581,8.3,102,Animation|Comedy|Sci-Fi & Fantasy|Action & Adventure|Kids,TV Show
1427,Broadchurch,"80, 18, 9648",2013-03-04,en,18.8544,7.906,991,Crime|Drama|Mystery,TV Show
325874,Specijalisti Zagreb,"80, 18",2026-09-07,hr,18.8541,0.0,0,Crime|Drama,TV Show
503,Family Affair,"35, 10751",1966-09-12,en,18.8506,6.714,42,Comedy|Family,TV Show
287527,The Testaments,18,2026-04-08,en,18.8444,8.282,163,Drama,TV Show
67175,Elena of Avalor,"16, 10762",2016-07-22,en,18.8329,6.4,83,Animation|Kids,TV Show
65949,JOKER GAME,"18, 16, 9648",2016-04-05,ja,18.8257,6.734,47,Drama|Animation|Mystery,TV Show
242551,Winds of Love,18,2024-01-01,tr,18.7886,7.6,22,Drama,TV Show
48450,3 nach 9,10767,1974-11-19,de,18.7876,7.2,5,Talk,TV Show
62875,BUNK'D: Learning the Ropes,35,2015-07-31,en,18.7872,7.0,134,Comedy,TV Show
1818,Lexx,"35, 18, 10765",1997-04-18,en,18.7846,7.025,141,Comedy|Drama|Sci-Fi & Fantasy,TV Show
120317,Grace,"80, 18",2021-03-14,en,18.7814,6.7,84,Crime|Drama,TV Show
225008,The Long Season,"80, 18, 9648",2023-04-22,zh,18.7547,8.842,114,Crime|Drama|Mystery,TV Show
1654,The Sentinel,"18, 80, 10759",1996-03-20,en,18.742,7.199,68,Drama|Crime|Action & Adventure,TV Show
43082,Key & Peele,35,2012-01-31,en,18.7378,7.651,245,Comedy,TV Show
1719,Gargoyles,"16, 10765, 10759",1994-10-24,en,18.7313,8.085,480,Animation|Sci-Fi & Fantasy|Action & Adventure,TV Show
310751,哆啦A梦TV版2577集国语,"10762, 16",1979-04-02,zh,18.7295,0.0,0,Kids|Animation,TV Show
634,Who's the Boss?,35,1984-09-20,en,18.7221,7.36,300,Comedy,TV Show
106502,Leverage: Redemption,"10759, 35, 18",2021-07-08,en,18.7213,7.3,108,Action & Adventure|Comedy|Drama,TV Show
71885,grown-ish,35,2018-01-03,en,18.7209,7.804,166,Comedy,TV Show
91755,Super Trio Series,10764,1995-12-20,cn,18.7178,0.0,0,Reality,TV Show
1039,"Trapper John, M.D.",18,1979-09-23,en,18.7014,6.568,22,Drama,TV Show
113779,Hallo Hessen,"10763, 10767",2012-01-30,de,18.6892,7.1,4,News|Talk,TV Show
46994,Slugterra,"10759, 16, 35, 10765, 10751",2012-10-15,en,18.6848,8.388,906,Action & Adventure|Animation|Comedy|Sci-Fi & Fantasy|Family,TV Show
46707,WWE Main Event,"10759, 18, 10764",2012-10-03,en,18.6844,7.9,59,Action & Adventure|Drama|Reality,TV Show
67482,RuPaul's Drag Race All Stars,10764,2012-10-22,en,18.68,7.27,124,Reality,TV Show
102904,Sweet Magnolias,18,2020-05-19,en,18.6701,7.757,265,Drama,TV Show
154825,Business Proposal,"35, 18",2022-02-28,ko,18.6389,8.4,751,Comedy|Drama,TV Show
206679,Na lovu,"10764, 10751",2021-08-16,cs,18.6371,5.4,9,Reality|Family,TV Show
172,Arli$$,35,1996-08-10,en,18.6244,6.786,14,Comedy,TV Show
239389,Fangs of Fortune,"18, 10765, 9648",2024-10-25,zh,18.6165,8.8,23,Drama|Sci-Fi & Fantasy|Mystery,TV Show
39014,Falling Leaves,"10751, 18",2006-09-13,tr,18.6147,6.0,21,Family|Drama,TV Show
65291,Stuck in the Middle,"35, 10751",2016-02-14,en,18.6099,7.7,127,Comedy|Family,TV Show
36994,Workaholics,35,2011-04-06,en,18.5942,7.402,311,Comedy,TV Show
78471,The Piano Forest,"16, 18",2018-04-09,ja,18.5743,6.536,42,Animation|Drama,TV Show
257994,Half Man,18,2026-04-28,en,18.572,8.101,109,Drama,TV Show
113531,Deadly Sins,10766,2002-10-14,es,18.5658,7.62,108,Soap,TV Show
3476,Inspector Morse,"80, 18, 9648",1987-01-06,en,18.5493,7.894,142,Crime|Drama|Mystery,TV Show
109066,Rise & Fall of Qing Dynasty,"10768, 18, 10759",1987-09-07,cn,18.5457,10.0,1,War & Politics|Drama|Action & Adventure,TV Show
2309,Danny Phantom,"16, 35, 10765, 10759",2004-04-03,en,18.5451,8.305,1168,Animation|Comedy|Sci-Fi & Fantasy|Action & Adventure,TV Show
509,CHiPs,"18, 10759",1977-09-15,en,18.5438,6.861,144,Drama|Action & Adventure,TV Show
70625,Trace,"9648, 80",2007-09-03,ru,18.5248,6.7,11,Mystery|Crime,TV Show
61859,The Night Manager,"18, 9648, 80",2016-02-21,en,18.5184,7.734,1309,Drama|Mystery|Crime,TV Show
93256,Cautious Hero: The Hero Is Overpowered but Overly Cautious,"16, 10759, 35, 10765, 10768",2019-10-02,ja,18.5025,8.186,299,Animation|Action & Adventure|Comedy|Sci-Fi & Fantasy|War & Politics,TV Show
309163,Gals Can't Be Kind to Otaku!?,"16, 35",2026-04-08,ja,18.4909,7.9,26,Animation|Comedy,TV Show
1042,Revolutionary Girl Utena,"16, 18, 9648, 10765",1997-04-02,ja,18.4726,8.107,70,Animation|Drama|Mystery|Sci-Fi & Fantasy,TV Show
90648,ZDF-Fernsehgarten,10767,1986-06-29,de,18.4652,2.8,5,Talk,TV Show
66636,Love Island,10764,2015-06-07,en,18.4539,5.7,141,Reality,TV Show
1778,Zoey 101,35,2005-01-09,en,18.4429,8.103,1072,Comedy,TV Show
105971,Star Wars: The Bad Batch,"16, 10759, 10765",2021-05-04,en,18.436,8.155,1161,Animation|Action & Adventure|Sci-Fi & Fantasy,TV Show
62255,Seraph of the End,"16, 10759, 10765",2015-04-04,ja,18.4339,7.852,460,Animation|Action & Adventure|Sci-Fi & Fantasy,TV Show
40758,Großstadtrevier,"18, 80",1986-12-16,de,18.43,6.0,14,Drama|Crime,TV Show
18779,Royal Pains,"35, 18",2009-06-04,en,18.4276,6.7,162,Comedy|Drama,TV Show
70485,Mr. Mercedes,"9648, 10765, 18",2017-08-09,en,18.4099,7.146,395,Mystery|Sci-Fi & Fantasy|Drama,TV Show
1027,The Carol Burnett Show,"35, 10751",1967-09-11,en,18.4078,7.732,69,Comedy|Family,TV Show
81723,The Gilded Age,18,2022-01-24,en,18.4032,7.677,263,Drama,TV Show
295778,Scrubs,35,2026-02-25,en,18.4027,7.8,83,Comedy,TV Show
288551,The Klutzy Class Monitor and the Girl with the Short Skirt,"16, 35",2026-04-06,ja,18.3982,6.5,10,Animation|Comedy,TV Show
32573,Strike Back,"18, 10759",2010-05-05,en,18.387,7.398,400,Drama|Action & Adventure,TV Show
23393,BBC Proms,99,1947-09-13,en,18.3844,7.7,3,Documentary,TV Show
103108,MDR um 4,10767,2014-01-06,de,18.3831,5.0,4,Talk,TV Show
242762,Moonlit Reunion,"18, 10765",2025-08-18,zh,18.3712,7.7,10,Drama|Sci-Fi & Fantasy,TV Show
235998,Mighty Monsterwheelies,"16, 10759, 35, 10762",2024-10-14,en,18.3643,7.6,7,Animation|Action & Adventure|Comedy|Kids,TV Show
229544,Among Us,"16, 9648, 35, 10765",2026-06-05,en,18.3432,9.0,120,Animation|Mystery|Comedy|Sci-Fi & Fantasy,TV Show
30504,Playhouse,18,1974-03-13,en,18.3355,7.0,1,Drama,TV Show
2181,Route 66,"18, 80, 10759, 9648",1960-10-07,en,18.3347,6.725,20,Drama|Crime|Action & Adventure|Mystery,TV Show
75230,Vighnaharta Ganesh,18,2017-08-22,hi,18.3277,9.5,2,Drama,TV Show
114328,Run for Time,10764,2015-11-06,zh,18.3213,7.0,3,Reality,TV Show
218539,My Demon,"18, 35",2023-11-24,ko,18.318,8.444,664,Drama|Comedy,TV Show
204716,Akiba Maid War,"16, 35, 80",2022-10-07,ja,18.2907,7.0,40,Animation|Comedy|Crime,TV Show
284828,Duang with You,"18, 35",2026-01-31,th,18.2894,9.081,31,Drama|Comedy,TV Show
68129,Yuri!!! on Ice,"16, 35, 18",2016-10-06,ja,18.2844,8.508,660,Animation|Comedy|Drama,TV Show
103386,Uchuu Sentai Kyuranger,"10759, 10765, 35, 10762",2017-02-12,ja,18.2837,7.8,13,Action & Adventure|Sci-Fi & Fantasy|Comedy|Kids,TV Show
37780,Silk,18,2011-02-22,en,18.2737,7.5,49,Drama,TV Show
201992,The Rookie: Feds,"80, 18",2022-09-27,en,18.2733,7.0,114,Crime|Drama,TV Show
80736,The Manager,10764,2018-03-10,ko,18.2612,5.5,6,Reality,TV Show
61422,The Fruit of Grisaia,"16, 18",2014-10-05,ja,18.2262,6.742,60,Animation|Drama,TV Show
424,Torchwood,"10765, 10759, 18",2006-10-22,en,18.2254,7.303,568,Sci-Fi & Fantasy|Action & Adventure|Drama,TV Show
45013,Wander Over Yonder,"16, 10751, 35, 10765",2013-09-13,en,18.2253,7.485,102,Animation|Family|Comedy|Sci-Fi & Fantasy,TV Show
1693,The Bernie Mac Show,35,2001-11-14,en,18.2202,6.599,71,Comedy,TV Show
93741,Jurassic World Camp Cretaceous,"16, 10762, 10759, 10751",2020-09-18,en,18.2196,8.016,1906,Animation|Kids|Action & Adventure|Family,TV Show
203040,KONOSUBA – An Explosion on This Wonderful World!,"16, 35, 10759",2023-04-06,ja,18.2168,7.362,116,Animation|Comedy|Action & Adventure,TV Show
127475,Baumhaus,10762,2018-08-11,de,18.2148,8.0,1,Kids,TV Show
247723,The Hunting Party,"18, 80",2025-01-19,en,18.2131,7.1,89,Drama|Crime,TV Show
33091,The Glades,"80, 18, 10759",2010-07-11,en,18.2031,6.928,139,Crime|Drama|Action & Adventure,TV Show
1437,Firefly,"18, 10759, 10765",2002-09-20,en,18.1948,8.343,2407,Drama|Action & Adventure|Sci-Fi & Fantasy,TV Show
1307,Kasauti Zindagii Kay,18,2001-10-29,hi,18.1935,3.1,7,Drama,TV Show
4123,Rumpole of the Bailey,"18, 35, 80",1975-12-17,en,18.1926,7.083,24,Drama|Comedy|Crime,TV Show
216487,Memories Beyond Horizon,10764,2022-12-17,zh,18.1905,5.5,4,Reality,TV Show
297640,Filing for Love,"35, 18",2026-04-25,ko,18.1886,8.115,13,Comedy|Drama,TV Show
204137,The Doomies,"16, 10765, 10759, 35, 10751",2026-06-26,en,18.1822,10.0,1,Animation|Sci-Fi & Fantasy|Action & Adventure|Comedy|Family,TV Show
91257,Like Love,18,2014-12-05,zh,18.1709,7.0,3,Drama,TV Show
21755,Pawn Stars,10764,2009-07-19,en,18.1697,7.107,299,Reality,TV Show
218263,The Girl I Like Forgot Her Glasses,"16, 35",2023-07-04,ja,18.1633,7.7,82,Animation|Comedy,TV Show
1448,thirtysomething,18,1987-09-29,en,18.1582,6.3,31,Drama,TV Show
36250,xxxHOLiC,"16, 10765",2006-04-06,ja,18.1557,7.2,796,Animation|Sci-Fi & Fantasy,TV Show
92835,Stars Align,"16, 18",2019-10-11,ja,18.1462,8.409,88,Animation|Drama,TV Show
219760,The Terminal List: Dark Wolf,"10759, 18",2025-08-27,en,18.1419,7.544,249,Action & Adventure|Drama,TV Show
49564,CSI: Crime Scene Talks,18,2011-04-13,ja,18.1373,7.2,8,Drama,TV Show
285739,Vladimir,18,2026-03-05,en,18.1369,6.977,88,Drama,TV Show
504,The Ren & Stimpy Show,"16, 10765, 35, 10751",1991-08-11,en,18.1273,7.599,528,Animation|Sci-Fi & Fantasy|Comedy|Family,TV Show
2005,The New Adventures of Winnie the Pooh,"10751, 16, 35, 10762",1988-09-10,en,18.1241,7.712,273,Family|Animation|Comedy|Kids,TV Show
83962,CAROLE & TUESDAY,"16, 18, 10765",2019-04-11,ja,18.1192,7.138,87,Animation|Drama|Sci-Fi & Fantasy,TV Show
216272,Unnamed Memory,"16, 10759, 18, 10765",2024-04-09,ja,18.1122,7.2,50,Animation|Action & Adventure|Drama|Sci-Fi & Fantasy,TV Show
2755,Rules of Engagement,35,2007-02-05,en,18.0995,7.149,194,Comedy,TV Show
240932,Wild Cards,"18, 35, 9648, 80",2024-01-10,en,18.0972,7.127,63,Drama|Comedy|Mystery|Crime,TV Show
26298,Anjo Selvagem,10751,2001-09-02,pt,18.0962,6.8,5,Family,TV Show
71488,Tales of the Bizarre,"10765, 9648",1990-04-19,ja,18.0946,7.8,6,Sci-Fi & Fantasy|Mystery,TV Show
3797,Life,"18, 9648, 80",2007-09-26,en,18.0906,7.665,264,Drama|Mystery|Crime,TV Show
16656,Fuse,"35, 99, 16, 10751",1962-06-04,ru,18.0887,7.6,8,Comedy|Documentary|Animation|Family,TV Show
67043,91 Days,"16, 80, 18",2016-07-09,ja,18.0856,7.617,210,Animation|Crime|Drama,TV Show
300805,To Paidi,"10751, 35",2025-09-15,el,18.0794,8.0,1,Family|Comedy,TV Show
61746,Inside No. 9,"35, 9648, 80, 10765, 18",2014-02-05,en,18.0774,8.1,276,Comedy|Mystery|Crime|Sci-Fi & Fantasy|Drama,TV Show
7713,Colgate Theatre,18,1949-01-03,en,18.0728,9.0,1,Drama,TV Show
26444,Da Capo,"16, 18",2003-07-05,ja,18.0662,6.154,13,Animation|Drama,TV Show
171,Martin,"35, 18",1992-08-27,en,18.061,7.529,136,Comedy|Drama,TV Show
199001,My Life with the Walter Boys,18,2023-12-07,en,18.0452,7.766,370,Drama,TV Show
5200,Fireman Sam,"10762, 16, 35, 10751",1987-11-17,cy,18.0431,6.1,40,Kids|Animation|Comedy|Family,TV Show
235930,Devil May Cry,"16, 10759, 10765",2025-04-03,en,18.0408,8.218,428,Animation|Action & Adventure|Sci-Fi & Fantasy,TV Show
122194,CSI: Vegas,"80, 18, 9648",2021-10-06,en,18.0271,7.723,318,Crime|Drama|Mystery,TV Show
203687,Bugs Bunny Builders,"16, 10762, 35, 10765",2022-07-25,en,18.0247,6.6,14,Animation|Kids|Comedy|Sci-Fi & Fantasy,TV Show
477,WWE Saturday Night's Main Event,"18, 10751, 10759",1985-05-11,en,18.0233,8.4,45,Drama|Family|Action & Adventure,TV Show
4881,Water Rats,"80, 18",1996-02-12,en,18.0218,6.3,10,Crime|Drama,TV Show
40696,Wolffs Revier,80,1992-09-17,de,18.0178,3.714,7,Crime,TV Show
239386,Kiseki Miracle Season,"18, 35",2024-03-18,th,18.0068,8.0,8,Drama|Comedy,TV Show
94904,My Next Life as a Villainess: All Routes Lead to Doom!,"16, 35, 10765",2020-04-05,ja,17.9996,7.466,102,Animation|Comedy|Sci-Fi & Fantasy,TV Show
91875,Prodigal Son,"80, 18, 9648",2019-09-23,en,17.9924,8.069,459,Crime|Drama|Mystery,TV Show
220269,The Prisoner of Beauty,18,2025-05-13,zh,17.9865,8.9,43,Drama,TV Show
80587,Big City Greens,"10751, 16, 35",2018-06-18,en,17.9859,7.5,74,Family|Animation|Comedy,TV Show
42942,Angel Beats!,"16, 35, 18, 10765, 10759",2010-04-03,ja,17.9848,7.907,474,Animation|Comedy|Drama|Sci-Fi & Fantasy|Action & Adventure,TV Show
84619,Kaitou Sentai Lupinranger vs. Keisatsu Sentai Patranger,"10759, 35, 10765, 10762",2018-02-11,ja,17.9832,7.9,11,Action & Adventure|Comedy|Sci-Fi & Fantasy|Kids,TV Show
297712,Fifties Professionals,"10759, 35, 18",2026-05-22,ko,17.9714,6.1,5,Action & Adventure|Comedy|Drama,TV Show
1449,Mutant X,"10765, 10759, 9648",2001-10-06,en,17.959,6.686,118,Sci-Fi & Fantasy|Action & Adventure|Mystery,TV Show
205072,Beyond Paradise,"18, 80",2023-02-24,en,17.9514,6.9,55,Drama|Crime,TV Show
62957,Der Bergdoktor,"18, 10751, 35",2008-02-07,de,17.9506,5.8,29,Drama|Family|Comedy,TV Show
831,Loose Women,10767,1999-09-06,en,17.9387,3.421,19,Talk,TV Show
3719,48 Hours,"10763, 80, 99",1988-01-19,en,17.935,7.155,55,News|Crime|Documentary,TV Show
53721,Love Live! School Idol Project,"16, 35, 18",2013-01-06,ja,17.9343,7.4,89,Animation|Comedy|Drama,TV Show
1533,Caméra Café,35,2001-10-29,fr,17.9128,6.833,54,Comedy,TV Show
323078,O Segredo,"10759, 18, 9648",2024-06-21,pt,17.9101,10.0,1,Action & Adventure|Drama|Mystery,TV Show
1952,Mystery Science Theater 3000,"35, 10765",1989-11-25,en,17.906,7.7,222,Comedy|Sci-Fi & Fantasy,TV Show
4250,Last of the Summer Wine,35,1973-01-04,en,17.8989,7.138,40,Comedy,TV Show
51821,Justice Pao,"10765, 9648",1993-03-23,zh,17.897,8.4,12,Sci-Fi & Fantasy|Mystery,TV Show
66077,Tanaka-kun Is Always Listless,"16, 35",2016-04-09,ja,17.8915,7.438,48,Animation|Comedy,TV Show
988,The Rookies,"18, 80",1972-09-11,en,17.885,6.857,21,Drama|Crime,TV Show
127706,Kiff,"16, 35",2023-03-10,en,17.8839,8.5,21,Animation|Comedy,TV Show
12536,Yu-Gi-Oh! GX,"16, 10762, 35, 10759",2004-10-06,ja,17.8801,7.895,296,Animation|Kids|Comedy|Action & Adventure,TV Show
278275,Veil of Shadows,"18, 10765",2026-04-01,zh,17.8767,8.3,19,Drama|Sci-Fi & Fantasy,TV Show
39859,Awkward.,"35, 18",2011-07-19,en,17.8745,7.429,420,Comedy|Drama,TV Show
32209,Al Fondo Hay Sitio,"35, 18",2009-03-30,es,17.862,7.833,231,Comedy|Drama,TV Show
124817,Faith Makes Great,18,2021-05-04,zh,17.8616,8.0,4,Drama,TV Show
62327,Blood Blockade Battlefront,"16, 10765, 10759, 35",2015-04-05,ja,17.8445,7.025,141,Animation|Sci-Fi & Fantasy|Action & Adventure|Comedy,TV Show
2035,20/20,"10763, 99",1978-06-06,en,17.834,6.3,36,News|Documentary,TV Show
136450,Les Rendez-vous du dimanche,10767,1975-01-12,fr,17.8271,6.0,1,Talk,TV Show
68507,His Dark Materials,"10765, 18, 10759",2019-11-03,en,17.8255,7.8,1896,Sci-Fi & Fantasy|Drama|Action & Adventure,TV Show
156688,The Fire Hunter,"16, 10765, 18, 9648",2023-01-14,ja,17.8064,6.344,16,Animation|Sci-Fi & Fantasy|Drama|Mystery,TV Show
5022,The Real World,10764,1992-05-21,en,17.8052,5.726,42,Reality,TV Show
63935,Les Mystères de l'amour,"35, 18",2011-02-12,fr,17.7961,6.0,13,Comedy|Drama,TV Show
87739,The Queen's Gambit,18,2020-10-23,en,17.7847,8.434,5540,Drama,TV Show
3266,North and South,"18, 10768",1985-11-03,en,17.7806,7.5,176,Drama|War & Politics,TV Show
30982,Hikaru no Go,"16, 10765",2001-10-10,ja,17.7785,7.7,51,Animation|Sci-Fi & Fantasy,TV Show
652,"What's New, Scooby-Doo?","16, 10759, 9648",2002-09-14,en,17.7664,7.842,692,Animation|Action & Adventure|Mystery,TV Show
32910,Transformers: Prime,"10759, 16, 10762",2010-11-26,en,17.7606,8.101,475,Action & Adventure|Animation|Kids,TV Show
80609,Kiteretsu Daihyakka,"16, 35, 10765",1988-03-27,ja,17.7597,7.733,15,Animation|Comedy|Sci-Fi & Fantasy,TV Show
25760,Higurashi: When They Cry,"16, 18, 9648",2006-04-05,ja,17.7583,7.7,232,Animation|Drama|Mystery,TV Show
32605,The Looney Tunes Show,"16, 35, 10751, 10762",2011-05-03,en,17.7327,8.107,563,Animation|Comedy|Family|Kids,TV Show
36301,Hamburg Dockland,"80, 18",2007-01-04,de,17.732,6.0,14,Crime|Drama,TV Show
1847,Never Mind the Buzzcocks,35,1996-11-12,en,17.7275,7.032,62,Comedy,TV Show
10938,Bob the Builder,"16, 10762",1999-04-12,en,17.7258,5.9,132,Animation|Kids,TV Show
237243,Big Brother,10764,2023-10-08,en,17.7051,5.2,15,Reality,TV Show
69692,Ouro Verde,"18, 10766",2017-01-08,pt,17.7037,5.5,18,Drama|Soap,TV Show
236235,The Gentlemen,"35, 18, 80",2024-03-07,en,17.7005,7.819,788,Comedy|Drama|Crime,TV Show
65294,A Series of Unfortunate Events,"10759, 10751, 35, 9648",2017-01-13,en,17.6978,7.404,1030,Action & Adventure|Family|Comedy|Mystery,TV Show
94686,Tyler Perry's Sistas,"35, 18",2019-10-23,en,17.6945,8.408,130,Comedy|Drama,TV Show
37264,Birdy the Mighty: Decode,"16, 10759, 10765, 35",2008-07-05,ja,17.6925,7.077,26,Animation|Action & Adventure|Sci-Fi & Fantasy|Comedy,TV Show
315776,Torvus,"9648, 10765",2025-11-03,es,17.6852,10.0,1,Mystery|Sci-Fi & Fantasy,TV Show
137870,Love Like the Galaxy,18,2022-07-05,zh,17.6836,7.5,46,Drama,TV Show
115236,The Saint's Magic Power Is Omnipotent,"16, 10765",2021-04-06,ja,17.6695,7.8,121,Animation|Sci-Fi & Fantasy,TV Show
254821,Perfect Match,18,2025-01-25,zh,17.6585,8.1,62,Drama,TV Show
85590,Güldür Güldür Show,"10764, 35, 10767",2013-02-27,tr,17.6577,8.3,6,Reality|Comedy|Talk,TV Show
11574,"Richard Diamond, Private Detective","80, 18, 10759",1957-07-01,en,17.6539,6.8,5,Crime|Drama|Action & Adventure,TV Show
81425,Talking Tom and Friends,"16, 35, 10762",2014-12-23,en,17.6532,7.1,16,Animation|Comedy|Kids,TV Show
241454,Love Next Door,"18, 35",2024-08-17,ko,17.6511,7.857,258,Drama|Comedy,TV Show
3902,Shaun the Sheep,"10762, 16, 10751, 35",2007-03-05,en,17.6495,7.6,282,Kids|Animation|Family|Comedy,TV Show
107408,The Gymnastics Samurai,"16, 18, 35",2020-10-11,ja,17.6404,6.3,20,Animation|Drama|Comedy,TV Show
68267,Trollhunters: Tales of Arcadia,"10751, 16, 10759, 35, 10765",2016-12-23,en,17.6245,8.5,1150,Family|Animation|Action & Adventure|Comedy|Sci-Fi & Fantasy,TV Show
1831,Grand Designs,99,1999-04-29,en,17.6208,7.1,55,Documentary,TV Show
215799,Go! Go! Loser Ranger!,"16, 10765, 10759, 35",2024-04-07,ja,17.6149,6.972,53,Animation|Sci-Fi & Fantasy|Action & Adventure|Comedy,TV Show
127714,Uncle from Another World,"16, 35, 10765",2022-07-06,ja,17.6142,7.457,152,Animation|Comedy|Sci-Fi & Fantasy,TV Show
98748,Listeners,"16, 10759, 10765",2020-04-04,ja,17.6126,7.1,41,Animation|Action & Adventure|Sci-Fi & Fantasy,TV Show
42272,Baby Daddy,35,2012-06-20,en,17.6098,7.131,210,Comedy,TV Show
93550,I Can I BB,"10767, 10764",2014-11-22,zh,17.6045,8.3,13,Talk|Reality,TV Show
80715,Firing Line with Margaret Hoover,"10767, 10768",2018-06-22,en,17.6001,7.5,2,Talk|War & Politics,TV Show
326014,Världarnas Bok,"10765, 9648, 10762",2006-11-11,sv,17.5883,0.0,0,Sci-Fi & Fantasy|Mystery|Kids,TV Show
316111,Kumusta,10764,2026-05-24,tl,17.5838,9.0,1,Reality,TV Show
12998,Heartbreak High,18,1994-02-27,en,17.5782,6.9,42,Drama,TV Show
2442,World in Action,"10763, 99",1963-01-01,en,17.5694,7.0,2,News|Documentary,TV Show
67011,Hybrid x Heart Magias Academy Ataraxia,"16, 10759, 35, 10765",2016-07-05,ja,17.5689,8.053,198,Animation|Action & Adventure|Comedy|Sci-Fi & Fantasy,TV Show
99489,The Penthouse,"18, 9648",2020-10-26,ko,17.5662,8.34,253,Drama|Mystery,TV Show
240740,Scarpetta,"18, 80, 9648",2026-03-11,en,17.5646,6.5,117,Drama|Crime|Mystery,TV Show
42916,Toradora!,"16, 35, 18",2008-10-02,ja,17.5632,8.18,667,Animation|Comedy|Drama,TV Show
47035,Uncle Grandpa,"35, 16, 10765, 10751",2013-09-02,en,17.5561,4.613,120,Comedy|Animation|Sci-Fi & Fantasy|Family,TV Show
128904,Dark Winds,"18, 80, 9648",2022-06-12,en,17.5514,7.464,194,Drama|Crime|Mystery,TV Show
11749,Ox Tales,"16, 35",1987-04-07,nl,17.5503,7.5,15,Animation|Comedy,TV Show
4957,Armed Reaction,"35, 80, 18",1998-07-06,cn,17.547,8.2,9,Comedy|Crime|Drama,TV Show
314692,The Rewatchables,10767,2015-12-22,en,17.5393,9.5,2,Talk,TV Show
43967,Girls und Panzer,"16, 35, 10759",2012-10-09,ja,17.5385,6.9,87,Animation|Comedy|Action & Adventure,TV Show
202308,Alert: Missing Persons Unit,"18, 80",2023-01-08,en,17.5242,7.4,75,Drama|Crime,TV Show
62455,Locked Up,"18, 80",2015-04-20,es,17.5195,8.0,2517,Drama|Crime,TV Show
30003,Captain Pugwash,16,1957-10-22,en,17.5175,6.5,6,Animation,TV Show
10214,Capitol,"10768, 10766",1982-03-26,en,17.5146,6.286,7,War & Politics|Soap,TV Show
168509,叱咤之城,18,,zh,17.4988,0.0,0,Drama,TV Show
46316,Motive,"80, 18, 9648",2013-02-03,en,17.4948,6.4,89,Crime|Drama|Mystery,TV Show
92579,Keep Your Hands Off Eizouken!,"16, 10759, 35",2020-01-05,ja,17.4916,8.066,114,Animation|Action & Adventure|Comedy,TV Show
285807,Nemesis,"10759, 18, 80",2026-05-14,en,17.4841,7.401,86,Action & Adventure|Drama|Crime,TV Show
110534,D.P.,"18, 10759, 80",2021-08-27,ko,17.4701,8.013,263,Drama|Action & Adventure|Crime,TV Show
82108,Celebrity Family Feud,10764,2015-06-21,en,17.4456,7.732,41,Reality,TV Show
156510,Bibliophile Princess,"16, 18",2022-10-06,ja,17.4435,6.8,30,Animation|Drama,TV Show
63764,Senora Acero,"18, 80, 10766",2014-09-23,es,17.4433,7.865,667,Drama|Crime|Soap,TV Show
271003,Yandere Dark Elf: She Chased Me All the Way from Another World!,"16, 35, 10765",2025-04-07,ja,17.4405,6.2,19,Animation|Comedy|Sci-Fi & Fantasy,TV Show
31679,Last Exile,"16, 10759, 10765",2003-04-07,ja,17.4371,7.276,67,Animation|Action & Adventure|Sci-Fi & Fantasy,TV Show
233519,Anything Goes,"10766, 18",2025-03-31,pt,17.4369,5.8,14,Soap|Drama,TV Show
226687,All Elite Wrestling: Collision,"10759, 18",2023-06-17,en,17.4172,7.7,16,Action & Adventure|Drama,TV Show
239870,Keep Running Special Seasons,10764,2020-12-04,zh,17.4164,9.0,2,Reality,TV Show
63663,Gate,"10759, 16, 35, 18",2015-07-04,ja,17.4151,7.508,191,Action & Adventure|Animation|Comedy|Drama,TV Show
62474,Seaside Hotel,"35, 18",2013-12-30,da,17.4075,7.6,36,Comedy|Drama,TV Show
27511,GMTV,10763,1993-01-01,en,17.4013,5.846,13,News,TV Show
18604,Three Kingdoms,18,2010-05-02,zh,17.3843,7.9,31,Drama,TV Show
290225,Sangeethe,"18, 10751, 35, 10766",2019-02-11,si,17.3742,0.0,0,Drama|Family|Comedy|Soap,TV Show
5031,The Fall Guy,"10759, 80",1981-11-04,en,17.372,7.583,169,Action & Adventure|Crime,TV Show
294443,Time Raiders,"10759, 9648",2025-09-20,zh,17.3705,7.8,6,Action & Adventure|Mystery,TV Show
96816,After School Club,10767,2013-04-17,en,17.3679,6.0,4,Talk,TV Show
77236,A Discovery of Witches,"10765, 18",2018-09-14,en,17.365,7.831,869,Sci-Fi & Fantasy|Drama,TV Show
68005,Yosuga no Sora,"16, 18",2010-10-04,ja,17.3618,6.776,105,Animation|Drama,TV Show
62565,My Love Story!!,"16, 35",2015-04-09,ja,17.3581,8.438,377,Animation|Comedy,TV Show
295999,MAO,"16, 10759, 10765, 9648",2026-04-04,ja,17.3553,8.944,18,Animation|Action & Adventure|Sci-Fi & Fantasy|Mystery,TV Show
9921,Back at the Barnyard,"16, 35, 10762",2007-09-29,en,17.3447,6.8,138,Animation|Comedy|Kids,TV Show
289560,CIA,"80, 18",2026-02-23,en,17.3419,8.618,93,Crime|Drama,TV Show
1905,The Situation Room with Wolf Blitzer,10768,2005-08-08,en,17.3411,3.75,8,War & Politics,TV Show
39611,It's Not Rocket Science!,99,1993-09-19,fr,17.3387,0.0,0,Documentary,TV Show
66370,Ode to Joy,18,2016-04-18,zh,17.3354,6.396,24,Drama,TV Show
17572,Kick Buttowski: Suburban Daredevil,"16, 10759, 35, 10762",2010-02-13,en,17.3313,8.139,667,Animation|Action & Adventure|Comedy|Kids,TV Show
63576,Fate/kaleid liner Prisma Illya,"16, 18, 10759, 10765, 35",2013-07-06,ja,17.3301,6.587,47,Animation|Drama|Action & Adventure|Sci-Fi & Fantasy|Comedy,TV Show
134,Space: 1999,10765,1975-09-04,en,17.3275,7.132,159,Sci-Fi & Fantasy,TV Show
211492,Louco Amor,"10766, 18, 35",2012-05-06,pt,17.3249,0.0,0,Soap|Drama|Comedy,TV Show
80411,Erkenci Kuş,"18, 35, 10766",2018-06-26,tr,17.3091,8.1,103,Drama|Comedy|Soap,TV Show
2913,Are You Afraid of the Dark?,"9648, 10762, 18",1992-08-15,en,17.2938,8.193,618,Mystery|Kids|Drama,TV Show
66627,Murders in...,"9648, 18, 80",2013-04-23,fr,17.2842,7.325,20,Mystery|Drama|Crime,TV Show
12173,Verbotene Liebe,"18, 10766",1995-01-02,de,17.281,5.2,9,Drama|Soap,TV Show
7235,In Plain Sight,"18, 10759, 80",2008-06-01,en,17.2787,7.062,98,Drama|Action & Adventure|Crime,TV Show
252372,Murder Mindfully,"18, 35, 80",2024-10-31,de,17.2737,7.6,175,Drama|Comedy|Crime,TV Show
35442,Cardfight!! Vanguard,"10759, 16, 35",2011-01-08,ja,17.2673,5.5,11,Action & Adventure|Animation|Comedy,TV Show
252193,Last Samurai Standing,"10759, 18",2025-11-13,ja,17.2667,7.81,229,Action & Adventure|Drama,TV Show
13126,Matinee Theater,18,1955-10-31,en,17.2638,5.286,7,Drama,TV Show
19836,Magical Girl Lyrical Nanoha,"16, 10759, 18, 10765",2004-10-02,ja,17.2637,6.917,24,Animation|Action & Adventure|Drama|Sci-Fi & Fantasy,TV Show
103927,Japan Animator Expo,16,2014-11-07,ja,17.2593,7.071,7,Animation,TV Show
272059,TO BE HERO X,"16, 10759, 10765",2025-04-06,zh,17.2588,8.686,118,Animation|Action & Adventure|Sci-Fi & Fantasy,TV Show
9140,Police Cadet,18,1984-10-29,cn,17.253,7.0,2,Drama,TV Show
3213,"Marcus Welby, M.D.",18,1969-09-23,en,17.2513,6.575,20,Drama,TV Show
117067,KinnPorsche: The Series,"10759, 80, 18",2022-04-02,th,17.2471,8.688,170,Action & Adventure|Crime|Drama,TV Show
45211,Tari Tari,"16, 35, 18",2012-07-01,ja,17.241,7.7,15,Animation|Comedy|Drama,TV Show
125561,Off Pedder,"35, 10751, 18",2008-10-20,cn,17.2407,10.0,1,Comedy|Family|Drama,TV Show
60811,Ping Pong the Animation,"16, 18",2014-04-11,ja,17.2347,8.15,133,Animation|Drama,TV Show
77396,Ultraseven,"10759, 10765, 10751",1967-10-01,ja,17.2265,7.864,125,Action & Adventure|Sci-Fi & Fantasy|Family,TV Show
156606,Hamster & Gretel,"16, 35, 10759",2022-08-12,en,17.204,6.4,15,Animation|Comedy|Action & Adventure,TV Show
67265,Chesapeake Shores,18,2016-08-14,en,17.2035,7.801,143,Drama,TV Show
2583,Prime Suspect,"80, 18, 9648",1991-04-07,en,17.2025,7.808,99,Crime|Drama|Mystery,TV Show
84200,Justice League Unlimited,"16, 10759, 10765",2004-07-31,en,17.1956,8.298,873,Animation|Action & Adventure|Sci-Fi & Fantasy,TV Show
234586,Barbie Mysteries,"16, 10762",2024-11-01,en,17.1943,5.1,7,Animation|Kids,TV Show
4027,Richard & Judy,10767,2001-11-26,en,17.1924,3.385,13,Talk,TV Show
70788,Payitaht: Abdulhamid,"10759, 18, 10768",2017-02-24,tr,17.1746,7.8,26,Action & Adventure|Drama|War & Politics,TV Show
90296,Tokyo Vice,"80, 18",2022-04-07,en,17.1724,7.862,391,Crime|Drama,TV Show
80885,Ninja Hattori-kun,"16, 10759, 35, 10751, 10762",1981-09-28,ja,17.1724,6.4,33,Animation|Action & Adventure|Comedy|Family|Kids,TV Show
2312,The Jamie Foxx Show,"35, 10751",1996-08-28,en,17.1706,6.662,37,Comedy|Family,TV Show
5674,Omnibus,99,1967-10-13,en,17.162,7.2,9,Documentary,TV Show
37101,Star Driver,"16, 10759, 18, 10765",2010-10-03,ja,17.1607,7.2,12,Animation|Action & Adventure|Drama|Sci-Fi & Fantasy,TV Show
5859,Vetenskapens värld,"99, 10763",1971-09-26,sv,17.1589,6.7,10,Documentary|News,TV Show
49471,Danganronpa: The Animation,"10759, 16, 18, 9648",2013-07-05,ja,17.1586,7.655,287,Action & Adventure|Animation|Drama|Mystery,TV Show
97890,Power Book II: Ghost,"80, 18",2020-09-06,en,17.1579,8.191,366,Crime|Drama,TV Show
243084,Love Game in Eastern Fantasy,"18, 10765",2024-11-01,zh,17.1536,8.2,34,Drama|Sci-Fi & Fantasy,TV Show
283657,Glory,"18, 9648, 10759",2026-05-01,hi,17.1438,5.9,4,Drama|Mystery|Action & Adventure,TV Show
70626,Stranger,"80, 18, 9648",2017-06-10,ko,17.1416,8.274,208,Crime|Drama|Mystery,TV Show
113988,DAHMER - Monster: The Jeffrey Dahmer Story,"80, 18",2022-09-21,en,17.1381,7.963,2874,Crime|Drama,TV Show
203857,The Diplomat,"18, 10768",2023-04-20,en,17.1345,7.573,445,Drama|War & Politics,TV Show
86310,RadhaKrishn,"18, 10751, 35, 10759, 10766",2018-10-01,hi,17.1309,9.0,4,Drama|Family|Comedy|Action & Adventure|Soap,TV Show
3497,Moesha,"35, 10751",1996-01-23,en,17.1172,7.067,45,Comedy|Family,TV Show
83095,The Rising of the Shield Hero,"16, 10759, 10765, 18",2019-01-09,ja,17.1122,8.5,1561,Animation|Action & Adventure|Sci-Fi & Fantasy|Drama,TV Show
72645,The Romance Of Three Kingdoms,"18, 10768",1994-02-10,zh,17.1063,9.103,39,Drama|War & Politics,TV Show
306484,Guarded,18,2025-10-15,en,17.1061,8.5,2,Drama,TV Show
78798,Busted!,"35, 9648",2018-05-04,ko,17.1016,7.825,40,Comedy|Mystery,TV Show
112738,HIP - High Intellectual Potential,"35, 9648, 80, 10751",2021-04-29,fr,17.0944,7.6,134,Comedy|Mystery|Crime|Family,TV Show
43097,Saving Hope,"10765, 18",2012-06-07,en,17.0905,6.992,127,Sci-Fi & Fantasy|Drama,TV Show
247522,Tires,35,2024-05-23,en,17.0888,6.494,81,Comedy,TV Show
208344,Fun Abroad: 3D2N,"99, 10764",2014-08-02,cn,17.0883,10.0,1,Documentary|Reality,TV Show
285404,Maximum Pleasure Guaranteed,35,2026-05-19,en,17.0854,5.8,24,Comedy,TV Show
122369,Fuuto PI,"16, 10759, 10765, 9648",2022-08-01,ja,17.0852,7.433,45,Animation|Action & Adventure|Sci-Fi & Fantasy|Mystery,TV Show
46440,Samurai Girls,"16, 35, 10759",2010-10-04,ja,17.0835,6.5,38,Animation|Comedy|Action & Adventure,TV Show
79239,C à vous,10767,2009-09-07,fr,17.0829,6.1,4,Talk,TV Show
97891,Krejlerkongen,10767,2015-08-03,da,17.0814,10.0,1,Talk,TV Show
65321,Massan,18,2014-09-29,ja,17.0805,8.0,5,Drama,TV Show
78154,My Brilliant Friend,18,2018-11-27,it,17.0804,8.093,232,Drama,TV Show
44606,Beauty and the Beast,"18, 10765",2012-10-11,en,17.0786,7.394,464,Drama|Sci-Fi & Fantasy,TV Show
45501,"Love, Chunibyo & Other Delusions!","16, 35",2012-10-04,ja,17.0774,8.082,422,Animation|Comedy,TV Show
308913,Those Who Were Sent,"9648, 80",2025-12-22,ro,17.0717,10.0,1,Mystery|Crime,TV Show
1638,Providence,18,1999-01-08,en,17.0703,6.68,25,Drama,TV Show
62084,Poldark,18,2015-03-08,en,17.0695,7.727,320,Drama,TV Show
153657,Bosch: Legacy,"80, 18",2022-05-05,en,17.0678,7.9,262,Crime|Drama,TV Show
65555,Endless Love,18,2015-10-14,tr,17.0676,7.841,703,Drama,TV Show
239740,Profiler,"80, 18",2024-09-07,pl,17.0563,6.8,6,Crime|Drama,TV Show
79622,Hunters,"80, 18",2020-02-20,en,17.0502,7.152,627,Crime|Drama,TV Show
243140,Tonbo!,"16, 18",2024-04-06,ja,17.0381,6.8,23,Animation|Drama,TV Show
31736,Eyeshield 21,"16, 10759, 35, 18",2005-04-06,ja,17.0319,8.4,179,Animation|Action & Adventure|Comedy|Drama,TV Show
281634,Star Road,10764,2018-07-08,ko,17.0268,0.0,0,Reality,TV Show
4336,Drawn Together,"16, 35, 10764",2004-10-27,en,17.0244,8.185,1348,Animation|Comedy|Reality,TV Show
587,Barnaby Jones,"80, 18, 9648",1973-01-28,en,17.0228,7.0,29,Crime|Drama|Mystery,TV Show
39314,Bade Achhe Lagte Hain,"18, 10751, 10766",2011-05-30,hi,17.0097,8.0,3,Drama|Family|Soap,TV Show
230059,A Sign of Affection,"16, 18",2024-01-06,ja,17.0096,8.088,114,Animation|Drama,TV Show
62126,Marvel's Luke Cage,"18, 10759, 80",2016-09-30,en,17.0096,6.922,2016,Drama|Action & Adventure|Crime,TV Show
60839,Broad City,"35, 18",2014-01-22,en,17.0092,7.126,242,Comedy|Drama,TV Show
2156,The Tyra Banks Show,10767,2005-09-12,en,17.0075,4.978,23,Talk,TV Show
931,He-Man and the Masters of the Universe,"10759, 16, 10765, 10762",1983-09-05,en,17.0035,7.403,427,Action & Adventure|Animation|Sci-Fi & Fantasy|Kids,TV Show
87007,Martial Universe,"16, 10759, 10765, 18",2019-01-27,zh,16.9988,8.0,11,Animation|Action & Adventure|Sci-Fi & Fantasy|Drama,TV Show
72392,Kasam - Tere Pyaar Ki,"10766, 10751, 18",2016-03-07,hi,16.9988,8.7,3,Soap|Family|Drama,TV Show
96451,SSSS.DYNAZENON,"16, 10759, 10765",2021-04-02,ja,16.9946,7.414,70,Animation|Action & Adventure|Sci-Fi & Fantasy,TV Show
1487,Static Shock,"10759, 16, 10765, 10762",2000-09-23,en,16.9913,7.963,229,Action & Adventure|Animation|Sci-Fi & Fantasy|Kids,TV Show
223313,Obsession,"18, 9648",2023-04-13,en,16.9865,6.415,183,Drama|Mystery,TV Show
1242,Greek,"35, 18",2007-07-09,en,16.986,6.671,123,Comedy|Drama,TV Show
64783,Dawn of the Croods,"16, 10751, 10762, 35, 10759",2015-12-24,en,16.9855,7.4,97,Animation|Family|Kids|Comedy|Action & Adventure,TV Show
82708,The First Years,"10766, 18",2014-05-26,nl,16.9851,5.2,14,Soap|Drama,TV Show
32829,Happy Endings,35,2011-04-13,en,16.9727,6.901,212,Comedy,TV Show
61969,Angie Tribeca,"35, 10759, 80",2016-01-17,en,16.97,6.418,146,Comedy|Action & Adventure|Crime,TV Show
99969,The Sommerdahl Murders,"80, 18",2020-03-01,da,16.967,5.9,30,Crime|Drama,TV Show
285479,A Record of a Mortal's Journey to Immortality,"16, 10759, 18",2020-07-25,zh,16.9546,9.429,7,Animation|Action & Adventure|Drama,TV Show
111819,TSUKIMICHI -Moonlit Fantasy-,"16, 10765, 10759, 35",2021-07-07,ja,16.9506,8.377,428,Animation|Sci-Fi & Fantasy|Action & Adventure|Comedy,TV Show
34391,Marvel's Ultimate Spider-Man,"16, 10759, 35, 10765",2012-04-01,en,16.9482,7.682,1041,Animation|Action & Adventure|Comedy|Sci-Fi & Fantasy,TV Show
42500,Lucky Star,"16, 35",2007-04-09,ja,16.9455,7.5,91,Animation|Comedy,TV Show
3033,Laverne & Shirley,"35, 10751",1976-01-27,en,16.9417,7.141,71,Comedy|Family,TV Show
10219,Handy Manny,"16, 35, 10762, 10751",2006-09-16,en,16.9393,6.3,47,Animation|Comedy|Kids|Family,TV Show
320247,Happy Harmonies,16,1934-09-29,es,16.934,10.0,1,Animation,TV Show
31295,Misfits,"10765, 18, 35",2009-11-12,en,16.9278,7.602,1024,Sci-Fi & Fantasy|Drama|Comedy,TV Show
1988,ThunderCats,"16, 10765, 10759, 10762",1985-01-23,en,16.9261,8.2,1099,Animation|Sci-Fi & Fantasy|Action & Adventure|Kids,TV Show
1439,Here's Lucy,35,1968-09-23,en,16.9244,6.742,31,Comedy,TV Show
3968,NewsRadio,35,1995-03-21,en,16.8997,7.366,134,Comedy,TV Show
59804,Moterys meluoja geriau,"35, 18",2008-02-04,lt,16.8979,4.5,2,Comedy|Drama,TV Show
301944,Marriage Toxin,"16, 10759, 35",2026-04-07,ja,16.8952,8.068,22,Animation|Action & Adventure|Comedy,TV Show
66550,Sanremo Music Festival,"10751, 10764",1951-01-29,it,16.8768,7.9,17,Family|Reality,TV Show
62481,Beat Bobby Flay,10764,2013-08-24,en,16.873,6.1,27,Reality,TV Show
240456,The Count of Monte Cristo,"10759, 18",2025-01-13,it,16.8679,7.826,172,Action & Adventure|Drama,TV Show
501,Battlestar Galactica,"10765, 18",1978-09-17,en,16.8667,7.099,282,Sci-Fi & Fantasy|Drama,TV Show
1615,Chip 'n' Dale Rescue Rangers,"16, 35, 10762, 10751, 10759",1989-03-04,en,16.8625,7.589,555,Animation|Comedy|Kids|Family|Action & Adventure,TV Show
2902,Queer as Folk,18,2000-12-03,en,16.8615,8.276,534,Drama,TV Show
201889,Kubo Won't Let Me Be Invisible,"16, 35",2023-01-10,ja,16.8602,6.676,37,Animation|Comedy,TV Show
2530,Mr. Bean: The Animated Series,"10762, 16, 35, 10751",2002-01-05,en,16.858,6.858,451,Kids|Animation|Comedy|Family,TV Show
67385,Naked Attraction,10764,2016-07-25,en,16.8469,6.0,42,Reality,TV Show
1682,Teletubbies,"10762, 10765",1997-03-31,en,16.8448,4.47,168,Kids|Sci-Fi & Fantasy,TV Show
61244,Happy Valley,"80, 18, 9648",2014-04-29,en,16.8413,7.9,392,Crime|Drama|Mystery,TV Show
38603,Beelzebub,"16, 35, 18",2011-01-09,ja,16.8399,8.231,271,Animation|Comedy|Drama,TV Show
137065,Arknights,"16, 10759, 10765",2022-10-29,ja,16.8363,6.4,33,Animation|Action & Adventure|Sci-Fi & Fantasy,TV Show
8974,Hell Girl,"16, 18, 9648, 10765",2005-10-04,ja,16.8328,8.213,242,Animation|Drama|Mystery|Sci-Fi & Fantasy,TV Show
63398,Life in Pieces,35,2015-09-21,en,16.8252,7.144,146,Comedy,TV Show
62181,Miles from Tomorrowland,"10751, 16, 10759, 10765",2015-02-06,en,16.8211,7.0,27,Family|Animation|Action & Adventure|Sci-Fi & Fantasy,TV Show
61339,Sailor Moon Crystal,"16, 10765",2014-07-05,ja,16.8154,8.1,661,Animation|Sci-Fi & Fantasy,TV Show
46127,GTO,18,2012-07-03,ja,16.8098,7.0,16,Drama,TV Show
1593,Joan of Arcadia,"10765, 9648, 18",2003-09-26,en,16.8091,7.341,85,Sci-Fi & Fantasy|Mystery|Drama,TV Show
69309,Ransom,"80, 18",2017-01-01,en,16.8036,6.561,98,Crime|Drama,TV Show
34151,Enchantment,18,1998-06-08,it,16.8019,5.955,11,Drama,TV Show
109360,Yell,18,2020-03-30,ja,16.8007,7.5,2,Drama,TV Show
34663,Zenki,"10765, 16, 35, 10759",1995-01-09,ja,16.7962,7.95,100,Sci-Fi & Fantasy|Animation|Comedy|Action & Adventure,TV Show
80537,HANEBADO!,"16, 18",2018-07-01,ja,16.7953,6.9,35,Animation|Drama,TV Show
216074,2.5 Dimensional Seduction,"16, 35",2024-07-05,ja,16.7946,8.156,64,Animation|Comedy,TV Show
62,The Challenge,10764,1998-04-20,en,16.7914,7.156,77,Reality,TV Show
14766,Super Why!,"16, 10751, 10762",2007-09-03,en,16.7902,7.1,19,Animation|Family|Kids,TV Show
3572,Kojak,"80, 10759, 18, 9648",1973-10-24,en,16.787,7.173,142,Crime|Action & Adventure|Drama|Mystery,TV Show
271576,Summer Pockets,"16, 18",2025-04-07,ja,16.7798,6.8,20,Animation|Drama,TV Show
64230,Preacher,"10765, 9648, 18",2016-05-22,en,16.7793,7.437,1313,Sci-Fi & Fantasy|Mystery|Drama,TV Show
46101,Her Own Destiny,"10766, 18",2004-06-28,pt,16.7727,7.9,25,Soap|Drama,TV Show
23587,Kindaichi Case Files,"16, 9648",1997-04-07,ja,16.7709,8.1,24,Animation|Mystery,TV Show
59186,Impractical Jokers,35,2011-12-15,en,16.7697,7.937,405,Comedy,TV Show
92621,Brassic,"35, 18, 80",2019-08-22,en,16.7689,8.4,243,Comedy|Drama|Crime,TV Show
9807,Masterpiece Mystery,"80, 18, 9648",1980-02-05,en,16.7555,6.25,4,Crime|Drama|Mystery,TV Show
308834,In Love Forever,18,2026-06-19,th,16.7513,10.0,2,Drama,TV Show
67040,Speechless,35,2016-09-21,en,16.7308,6.945,109,Comedy,TV Show
281042,Food for the Soul,"16, 35",2025-04-13,ja,16.7283,7.619,21,Animation|Comedy,TV Show
116479,Anupamaa,"18, 10766",2020-07-13,hi,16.728,4.7,25,Drama|Soap,TV Show
120218,跟着书本去旅行,99,2019-12-09,zh,16.7204,0.0,0,Documentary,TV Show
80559,Puzzle & Dragons,"10762, 16, 10759, 10765, 35",2018-04-02,ja,16.7189,8.0,3,Kids|Animation|Action & Adventure|Sci-Fi & Fantasy|Comedy,TV Show
67419,Victoria,18,2016-08-28,en,16.7137,7.367,285,Drama,TV Show
262388,M.I.A.,"18, 80",2026-05-07,en,16.7096,8.5,82,Drama|Crime,TV Show
5148,Stargate Universe,"10765, 10759, 18",2009-10-02,en,16.7095,7.423,788,Sci-Fi & Fantasy|Action & Adventure|Drama,TV Show
15903,Best Selling Secrets,35,2007-03-12,cn,16.6976,8.0,1,Comedy,TV Show
110562,A Woman Scorned,18,2020-10-07,tr,16.6951,8.068,292,Drama,TV Show
47663,The Ark,"10765, 9648",2023-02-01,en,16.6926,6.325,160,Sci-Fi & Fantasy|Mystery,TV Show
13899,Laramie,"37, 18",1959-09-15,en,16.6818,6.694,18,Western|Drama,TV Show
10377,One Step Beyond,"9648, 18, 10765",1959-01-20,en,16.6757,5.667,15,Mystery|Drama|Sci-Fi & Fantasy,TV Show
238843,The Fable,"16, 35, 10759, 80",2024-04-07,ja,16.6699,7.844,48,Animation|Comedy|Action & Adventure|Crime,TV Show
194764,The Penguin,"18, 80",2024-09-19,en,16.6668,8.355,1360,Drama|Crime,TV Show
93221,The Great North,"16, 35",2021-01-03,en,16.6657,6.886,83,Animation|Comedy,TV Show
31766,Wallander,"18, 9648, 80",2005-01-14,sv,16.6582,6.904,68,Drama|Mystery|Crime,TV Show
4615,Hercules: The Legendary Journeys,"10759, 18, 10765",1995-01-29,en,16.6564,6.958,594,Action & Adventure|Drama|Sci-Fi & Fantasy,TV Show
2266,Sons and Daughters,18,1982-01-18,en,16.6458,7.0,8,Drama,TV Show
295434,Kamen Rider ZEZTZ,"10759, 10765, 35, 18",2025-09-07,ja,16.644,8.8,12,Action & Adventure|Sci-Fi & Fantasy|Comedy|Drama,TV Show
3976,So You Think You Can Dance,10764,2005-07-20,en,16.6344,6.795,78,Reality,TV Show
294310,STAYC,10764,2020-09-11,ko,16.6319,0.0,0,Reality,TV Show
6000,Celebrity Juice,"35, 10767",2008-09-24,en,16.6302,6.724,29,Comedy|Talk,TV Show
16286,"Yo soy Betty, la fea","10766, 35, 18",1999-10-25,es,16.6272,8.4,3562,Soap|Comedy|Drama,TV Show
129959,Kung Fu Panda: The Dragon Knight,"16, 10759, 35, 10762, 10765",2022-07-14,en,16.6261,7.492,254,Animation|Action & Adventure|Comedy|Kids|Sci-Fi & Fantasy,TV Show
225634,Monsters: The Lyle and Erik Menendez Story,"18, 80",2024-09-19,en,16.6258,7.614,514,Drama|Crime,TV Show
3400,American Dreams,"18, 10751",2002-09-29,en,16.623,5.2,14,Drama|Family,TV Show
107116,Supreme God Emperor,"16, 10765, 18, 10759",2020-05-18,zh,16.6198,7.4,7,Animation|Sci-Fi & Fantasy|Drama|Action & Adventure,TV Show
214305,Office Romance,10764,2022-11-11,ko,16.6015,2.0,1,Reality,TV Show
41802,Evil Angel,"10766, 18",1997-09-08,pt,16.6001,8.8,8,Soap|Drama,TV Show
138180,In the Heart of Kunoichi Tsubaki,"16, 35",2022-04-10,ja,16.5947,6.2,19,Animation|Comedy,TV Show
3783,Room 222,"35, 18",1969-09-11,en,16.5861,6.132,19,Comedy|Drama,TV Show
100988,Higurashi: When They Cry - NEW,"16, 9648, 10765, 18",2020-10-01,ja,16.5812,7.237,57,Animation|Mystery|Sci-Fi & Fantasy|Drama,TV Show
4477,Becker,35,1998-11-02,en,16.5682,7.201,152,Comedy,TV Show
71116,Castle Rock,"9648, 18",2018-07-25,en,16.5664,7.232,683,Mystery|Drama,TV Show
118541,The Slime Diaries,"16, 35, 10765",2021-04-06,ja,16.5611,7.965,188,Animation|Comedy|Sci-Fi & Fantasy,TV Show
309598,Run,"80, 18",2026-01-01,en,16.5554,8.3,3,Crime|Drama,TV Show
80986,DC's Stargirl,"10765, 10759, 18",2020-05-18,en,16.5516,7.683,1163,Sci-Fi & Fantasy|Action & Adventure|Drama,TV Show
195990,Love Flops,"16, 35, 18, 10765",2022-10-12,ja,16.5451,6.757,35,Animation|Comedy|Drama|Sci-Fi & Fantasy,TV Show
81046,The Dragon Prince,"16, 10759, 10765, 10751",2018-09-14,en,16.5417,8.2,695,Animation|Action & Adventure|Sci-Fi & Fantasy|Family,TV Show
106782,Those Snow White Notes,"16, 18",2021-04-03,ja,16.5412,6.4,27,Animation|Drama,TV Show
19614,It,"9648, 18, 10765",1990-11-18,en,16.5363,6.929,3327,Mystery|Drama|Sci-Fi & Fantasy,TV Show
242865,¿A qué estás esperando?,35,2024-10-20,es,16.5338,8.58,81,Comedy,TV Show
36126,Al salir de clase,"18, 35",1997-09-08,es,16.5074,6.333,6,Drama|Comedy,TV Show
5299,Life Goes On,"18, 10751",1989-09-12,en,16.4993,6.633,30,Drama|Family,TV Show
121792,Akebi's Sailor Uniform,"16, 35",2022-01-09,ja,16.4981,6.9,52,Animation|Comedy,TV Show
113036,American Horror Stories,"18, 9648, 10765",2021-07-15,en,16.4928,7.759,970,Drama|Mystery|Sci-Fi & Fantasy,TV Show
213830,I Was Reincarnated as the 7th Prince so I Can Take My Time Perfecting My Magical Ability,"16, 10765",2024-04-02,ja,16.4868,7.71,107,Animation|Sci-Fi & Fantasy,TV Show
67676,The Disastrous Life of Saiki K.,"16, 35, 10765",2016-07-11,ja,16.4812,8.3,375,Animation|Comedy|Sci-Fi & Fantasy,TV Show
45844,Star Blazers: Space Battleship Yamato 2199,"10759, 16, 18, 10765, 10768",2013-04-07,ja,16.4804,7.254,57,Action & Adventure|Animation|Drama|Sci-Fi & Fantasy|War & Politics,TV Show
72237,Miniforce,"16, 10762, 10759, 35, 10765",2014-09-03,ko,16.4783,6.0,4,Animation|Kids|Action & Adventure|Comedy|Sci-Fi & Fantasy,TV Show
100436,Akudama Drive,"16, 9648, 10759, 10765, 80",2020-10-08,ja,16.4618,7.517,174,Animation|Mystery|Action & Adventure|Sci-Fi & Fantasy|Crime,TV Show
73223,Black Clover,"16, 10759, 10765",2017-10-03,ja,16.4608,8.5,2111,Animation|Action & Adventure|Sci-Fi & Fantasy,TV Show
256695,Regular Show: The Lost Tapes,"16, 35, 10759, 10765",2026-05-11,en,16.4588,9.62,100,Animation|Comedy|Action & Adventure|Sci-Fi & Fantasy,TV Show
11721,La fea más bella,"10766, 35, 18",2006-01-23,es,16.4552,8.052,623,Soap|Comedy|Drama,TV Show
249972,Blossom,18,2024-12-06,zh,16.4462,8.4,25,Drama,TV Show
10309,McCloud,"80, 18",1970-02-17,en,16.4436,7.189,53,Crime|Drama,TV Show
44242,Devious Maids,"18, 9648",2013-06-23,en,16.4433,7.123,150,Drama|Mystery,TV Show
31718,Darker than Black,"16, 10759, 10765, 9648",2007-04-06,ja,16.4414,7.537,255,Animation|Action & Adventure|Sci-Fi & Fantasy|Mystery,TV Show
61408,Nagi-Asu: A Lull in the Sea,"16, 18, 10765",2013-10-03,ja,16.4394,7.662,68,Animation|Drama|Sci-Fi & Fantasy,TV Show
221079,The Last Frontier,"18, 80",2025-10-09,en,16.4372,7.232,207,Drama|Crime,TV Show
10370,The Hitchhiker,"18, 80",1983-11-23,en,16.4322,6.25,32,Drama|Crime,TV Show
87017,P-Valley,"18, 80",2020-07-12,en,16.432,7.554,251,Drama|Crime,TV Show
239158,Narenare -Cheer for You!-,"16, 35, 18",2024-07-07,ja,16.4318,5.846,13,Animation|Comedy|Drama,TV Show
78204,Sword Art Online Alternative: Gun Gale Online,"16, 10759, 10765",2018-04-08,ja,16.4315,7.688,300,Animation|Action & Adventure|Sci-Fi & Fantasy,TV Show
2072,The Bill,"80, 18",1984-10-16,en,16.4274,6.75,46,Crime|Drama,TV Show
2686,Three's Company,35,1977-03-15,en,16.423,7.619,181,Comedy,TV Show
93352,The Family Man,"18, 10759",2019-09-20,hi,16.4189,7.696,186,Drama|Action & Adventure,TV Show
99073,I've Been Killing Slimes for 300 Years and Maxed Out My Level,"16, 35, 10765",2021-04-10,ja,16.4121,7.9,238,Animation|Comedy|Sci-Fi & Fantasy,TV Show
237512,Jurassic World: Chaos Theory,"16, 10759, 10765, 10762, 10751",2024-05-24,en,16.4108,8.3,194,Animation|Action & Adventure|Sci-Fi & Fantasy|Kids|Family,TV Show
201900,Dee Girls Talk,"10764, 10767",2022-02-14,zh,16.4083,7.667,3,Reality|Talk,TV Show
85843,Kono Oto Tomare!: Sounds of Life,"16, 18",2019-04-07,ja,16.4042,7.25,62,Animation|Drama,TV Show
310789,Ersatz,"16, 10759, 9648, 10768",2026-01-10,en,16.404,10.0,1,Animation|Action & Adventure|Mystery|War & Politics,TV Show
325313,Olivia,"35, 10751, 18",2026-07-01,es,16.3992,0.0,0,Comedy|Family|Drama,TV Show
66584,99.9 Criminal Lawyer,80,2016-04-17,ja,16.3968,6.727,11,Crime,TV Show
11466,Kaamelott,"35, 18, 10765",2005-01-03,fr,16.3908,8.54,202,Comedy|Drama|Sci-Fi & Fantasy,TV Show
325446,Janjal Pura,"35, 18, 10751",1996-07-21,ur,16.3897,0.0,0,Comedy|Drama|Family,TV Show
108891,Shenmue the Animation,"16, 18, 10759",2022-02-06,ja,16.3845,7.28,25,Animation|Drama|Action & Adventure,TV Show
3854,The Spectacular Spider-Man,"10759, 16, 10762, 10751",2008-03-08,en,16.3827,8.625,907,Action & Adventure|Animation|Kids|Family,TV Show
100022,Kemono Jihen,"16, 9648, 10759, 10765",2021-01-10,ja,16.3779,7.6,122,Animation|Mystery|Action & Adventure|Sci-Fi & Fantasy,TV Show
325547,Леший,9648,2026-06-15,ru,16.3547,0.0,0,Mystery,TV Show
128071,Jellystone!,"16, 35, 10751",2021-07-29,en,16.3495,7.0,50,Animation|Comedy|Family,TV Show
112138,Kageki Shojo!!,"16, 18, 35",2021-07-04,ja,16.3495,7.1,49,Animation|Drama|Comedy,TV Show
61068,Gomorrah,"80, 18",2014-05-06,it,16.3443,8.0,571,Crime|Drama,TV Show
64387,The Girlfriend Experience,18,2016-04-10,en,16.3392,6.99,451,Drama,TV Show
106009,Numberblocks,"10762, 16, 10751",2017-01-23,en,16.3365,8.4,24,Kids|Animation|Family,TV Show
59659,Halt and Catch Fire,18,2014-06-01,en,16.3337,7.898,566,Drama,TV Show
249765,Matka King,"18, 80",2026-04-17,hi,16.3335,7.6,4,Drama|Crime,TV Show
68678,Dark Tales,18,1996-03-18,cn,16.3296,6.0,1,Drama,TV Show
207743,Ranking of Kings: The Treasure Chest of Courage,"16, 10759, 35, 10765",2023-04-14,ja,16.3274,6.927,41,Animation|Action & Adventure|Comedy|Sci-Fi & Fantasy,TV Show
99583,Danger Force,"35, 10751, 10765",2020-03-28,en,16.3263,7.9,287,Comedy|Family|Sci-Fi & Fantasy,TV Show
63070,Zimmer frei!,10767,1996-07-09,de,16.326,6.75,12,Talk,TV Show
203769,Pushpa Impossible,"10751, 18, 35",2022-06-06,hi,16.323,7.0,1,Family|Drama|Comedy,TV Show
62430,The Heroic Legend of Arslan,"16, 10759, 18, 10765, 10768",2015-04-05,ja,16.3198,7.0,85,Animation|Action & Adventure|Drama|Sci-Fi & Fantasy|War & Politics,TV Show
60698,Comedy Nights with Kapil,35,2013-06-22,hi,16.3183,6.795,22,Comedy,TV Show
289892,Helluva Boss,"16, 35, 18, 10765",2020-10-31,en,16.3067,7.621,91,Animation|Comedy|Drama|Sci-Fi & Fantasy,TV Show
204266,TRIGUN STAMPEDE,"16, 10759, 10765",2023-01-07,ja,16.3058,7.4,86,Animation|Action & Adventure|Sci-Fi & Fantasy,TV Show
56426,KochiKame,"16, 35, 80, 10751, 10759",1996-06-16,ja,16.3007,8.1,7,Animation|Comedy|Crime|Family|Action & Adventure,TV Show
71769,The Alienist,"18, 80, 9648",2018-01-22,en,16.2975,7.515,699,Drama|Crime|Mystery,TV Show
68569,Mother,"10751, 18",2016-10-25,tr,16.2953,8.092,65,Family|Drama,TV Show
61461,Yona of the Dawn,"16, 18, 35, 10759, 10765",2014-10-07,ja,16.2803,8.362,293,Animation|Drama|Comedy|Action & Adventure|Sci-Fi & Fantasy,TV Show
105511,My Senpai Is Annoying,"16, 35, 18",2021-10-10,ja,16.279,7.4,69,Animation|Comedy|Drama,TV Show
314974,Putins Agenten,"99, 80, 10768, 10763",2026-02-22,de,16.2656,10.0,1,Documentary|Crime|War & Politics|News,TV Show
319564,Presidential candidate soap opera,"35, 18, 10751",2019-01-07,id,16.263,10.0,1,Comedy|Drama|Family,TV Show
40596,Der Kriminalist,80,2006-12-08,de,16.2591,4.5,6,Crime,TV Show
45997,The Devil Is a Part-Timer!,"16, 35, 10759, 10765",2013-04-04,ja,16.2559,7.411,292,Animation|Comedy|Action & Adventure|Sci-Fi & Fantasy,TV Show
53425,Wayward Pines,"18, 9648, 10765",2015-05-14,en,16.2542,6.871,912,Drama|Mystery|Sci-Fi & Fantasy,TV Show
2474,A Touch of Frost,"18, 80, 9648",1992-12-06,en,16.2453,7.5,77,Drama|Crime|Mystery,TV Show
67575,Moomin,"16, 10751, 10762, 10765, 35",1990-04-12,ja,16.2429,8.6,90,Animation|Family|Kids|Sci-Fi & Fantasy|Comedy,TV Show
289219,Star Wars: Maul - Shadow Lord,"10759, 16, 10765",2026-04-06,en,16.2402,8.619,189,Action & Adventure|Animation|Sci-Fi & Fantasy,TV Show
112160,The Way of the Househusband,"16, 35",2021-04-08,ja,16.2357,8.299,504,Animation|Comedy,TV Show
966,Hollyoaks,10766,1995-10-23,en,16.2341,5.15,70,Soap,TV Show
2275,The Bionic Woman,"10765, 10759, 18",1976-01-14,en,16.2307,6.982,273,Sci-Fi & Fantasy|Action & Adventure|Drama,TV Show
74415,Grizzy & the Lemmings,"10762, 16, 35, 10751",2016-12-31,fr,16.2281,7.3,33,Kids|Animation|Comedy|Family,TV Show
61628,World Trigger,"16, 10759, 10765",2014-10-05,ja,16.2263,7.269,52,Animation|Action & Adventure|Sci-Fi & Fantasy,TV Show
306118,Arafta,"18, 10751",2025-11-21,tr,16.2219,9.409,22,Drama|Family,TV Show
210733,Hidden Love,18,2023-06-20,zh,16.2216,8.498,245,Drama,TV Show
100879,娘妻,"18, 10751",2009-11-26,zh,16.2207,0.0,0,Drama|Family,TV Show
92661,25 Words or Less,10764,2018-08-06,en,16.2133,5.2,4,Reality,TV Show
63164,Sgt. Frog,"16, 35, 10765",2004-04-03,ja,16.2092,7.0,28,Animation|Comedy|Sci-Fi & Fantasy,TV Show
3414,Scarecrow and Mrs. King,"10759, 18, 80",1983-10-03,en,16.2086,6.6,43,Action & Adventure|Drama|Crime,TV Show
276239,Deadly Sins,"80, 9648",2026-06-29,cn,16.206,7.0,1,Crime|Mystery,TV Show
204635,Orb: On the Movements of the Earth,"16, 18",2024-10-05,ja,16.2045,8.0,86,Animation|Drama,TV Show
300131,KILL BLUE,"16, 10759, 35",2026-04-11,ja,16.1943,8.261,23,Animation|Action & Adventure|Comedy,TV Show
21926,Big Brother,10764,2000-03-01,de,16.1932,3.733,15,Reality,TV Show
152271,Ninjala the Animation,"16, 10759, 10765",2022-01-08,ja,16.1897,7.7,7,Animation|Action & Adventure|Sci-Fi & Fantasy,TV Show
5895,FLCL,"16, 35, 10759, 10765",2000-04-26,ja,16.1889,7.9,428,Animation|Comedy|Action & Adventure|Sci-Fi & Fantasy,TV Show
31631,Covert Affairs,"10759, 18",2010-07-13,en,16.1884,6.894,269,Action & Adventure|Drama,TV Show
167,La Femme Nikita,"10759, 18",1997-01-13,en,16.1802,7.429,269,Action & Adventure|Drama,TV Show
115974,Westpol,99,2010-01-20,de,16.1787,0.0,0,Documentary,TV Show
299141,Apex Legends,"10765, 10759, 16",2019-02-04,en,16.1743,5.3,3,Sci-Fi & Fantasy|Action & Adventure|Animation,TV Show
62476,The Bureau,"80, 18",2015-04-27,fr,16.1717,8.19,231,Crime|Drama,TV Show
107365,Bel-Air,18,2022-02-13,en,16.1676,7.687,284,Drama,TV Show
239385,The Manipulated,"80, 18",2025-11-05,ko,16.1658,8.266,124,Crime|Drama,TV Show
2023,Countryfile,99,1988-07-24,en,16.1575,5.4,7,Documentary,TV Show
18538,Suspense,18,1949-01-06,en,16.1573,5.083,12,Drama,TV Show
39249,Wilsberg,"18, 80",1995-02-20,de,16.155,7.8,23,Drama|Crime,TV Show
4459,The Muppet Show,"35, 10751",1976-09-05,en,16.1437,8.017,347,Comedy|Family,TV Show
66488,Chelsea,"10767, 35",2016-05-11,en,16.1407,5.1,76,Talk|Comedy,TV Show
16183,A Grande Família,"35, 10751",2001-03-29,pt,16.1369,8.4,42,Comedy|Family,TV Show
3796,Trailer Park Boys,35,2001-04-22,en,16.1355,7.715,316,Comedy,TV Show
50878,Empresses in the Palace,18,2011-11-17,zh,16.1334,8.6,71,Drama,TV Show
9922,Psi Factor: Chronicles of the Paranormal,"10765, 18",1996-09-28,en,16.1307,6.9,35,Sci-Fi & Fantasy|Drama,TV Show
204024,"Rock, Paper, Scissors","35, 10751, 16",2024-02-12,en,16.1301,6.3,6,Comedy|Family|Animation,TV Show
232892,Tokyo Love Act Story,18,2023-08-19,cn,16.1293,6.5,4,Drama,TV Show
113485,Landesschau Baden-Württemberg,10763,1957-05-03,de,16.1264,7.0,1,News,TV Show
138441,Ya Boy Kongming!,"16, 35, 10765",2022-04-05,ja,16.1263,7.311,53,Animation|Comedy|Sci-Fi & Fantasy,TV Show
1097,Ergo Proxy,"16, 9648, 10765",2006-02-25,ja,16.1262,7.627,395,Animation|Mystery|Sci-Fi & Fantasy,TV Show
13674,Mobile Suit Zeta Gundam,"10759, 16, 10768, 18",1985-03-02,ja,16.1215,7.8,48,Action & Adventure|Animation|War & Politics|Drama,TV Show
248361,Beyond the Gates,"10766, 18",2025-02-24,en,16.1115,5.8,17,Soap|Drama,TV Show
12965,María la del Barrio,"18, 10766",1995-08-14,es,16.0991,7.348,575,Drama|Soap,TV Show
63706,The Last Leg,10767,2013-01-25,en,16.0922,5.7,26,Talk,TV Show
400,Shark,"18, 9648, 80",2006-09-21,en,16.0846,6.691,102,Drama|Mystery|Crime,TV Show
68814,Strong Woman Do Bong-Soon,"35, 10759, 18",2017-02-24,ko,16.0817,8.057,306,Comedy|Action & Adventure|Drama,TV Show
91073,Choti Sarrdaarni,18,2019-07-01,hi,16.0743,0.0,0,Drama,TV Show
46271,Secret Story,10764,2007-06-23,fr,16.0708,3.278,9,Reality,TV Show
239790,Dear Radiance,18,2024-01-07,ja,16.0704,8.9,8,Drama,TV Show
21494,V,"10765, 18",2009-11-03,en,16.0702,6.781,809,Sci-Fi & Fantasy|Drama,TV Show
26440,Chiquititas,"10762, 10751, 10766, 35",1997-07-28,pt,16.0697,7.1,10,Kids|Family|Soap|Comedy,TV Show
82766,Run with the Wind,"16, 18",2018-10-03,ja,16.0649,7.7,67,Animation|Drama,TV Show
1625,Sue Thomas: F.B.Eye,"10751, 18, 80",2002-10-13,en,16.0637,7.1,24,Family|Drama|Crime,TV Show
21502,The Chase,10764,2009-06-29,en,16.0593,6.481,27,Reality,TV Show
16135,Wild Angel,"35, 18, 10766",1998-11-16,es,16.0524,7.208,72,Comedy|Drama|Soap,TV Show
302474,Rosenmontagszug Köln,10764,1953-02-16,de,16.0497,0.0,0,Reality,TV Show
99995,I'm Standing on a Million Lives,"16, 10759, 10765",2020-10-02,ja,16.0441,6.5,66,Animation|Action & Adventure|Sci-Fi & Fantasy,TV Show
46164,Kulturzeit,10767,1995-10-02,de,16.0431,4.667,3,Talk,TV Show
116450,And Just Like That…,"35, 18",2021-12-09,en,16.0396,7.249,540,Comedy|Drama,TV Show
60580,Jodha & Akbar,"18, 10751",2013-06-18,hi,16.0357,5.5,14,Drama|Family,TV Show
17937,Ghost Adventures,10764,2008-10-17,en,16.0298,7.66,210,Reality,TV Show
132117,Farzi,"18, 80",2023-02-10,hi,16.0211,7.706,170,Drama|Crime,TV Show
14955,POV,99,1988-07-05,en,16.0096,6.9,11,Documentary,TV Show
4775,Would I Lie to You?,35,2007-06-16,en,16.0061,7.806,129,Comedy,TV Show
60846,Log Horizon,"16, 10759, 10765, 35",2013-10-05,ja,16.0044,7.675,194,Animation|Action & Adventure|Sci-Fi & Fantasy|Comedy,TV Show
42316,Devon Ke Dev...Mahadev,18,2011-12-18,hi,16.0014,8.75,8,Drama,TV Show
14853,The Clone,"10766, 18, 10765",2001-10-01,pt,15.9996,8.1,376,Soap|Drama|Sci-Fi & Fantasy,TV Show
61915,K.C. Undercover,"10762, 35, 10751, 18",2015-01-18,en,15.999,7.785,195,Kids|Comedy|Family|Drama,TV Show
1260,Duckman,"16, 35",1994-03-05,en,15.9914,7.2,75,Animation|Comedy,TV Show
223694,Wo Shi Bu Bai Chi,"16, 10762",2019-07-31,zh,15.9912,0.0,0,Animation|Kids,TV Show
1754,Overhaulin',"99, 10764",2004-04-20,en,15.9832,7.067,30,Documentary|Reality,TV Show
2798,Space Ghost Coast to Coast,"16, 35, 10767",1994-04-15,en,15.9776,7.778,115,Animation|Comedy|Talk,TV Show
260609,Com si fos ahir,"18, 10766",2017-09-11,ca,15.9666,5.5,2,Drama|Soap,TV Show
209077,Undead Unluck,"16, 35, 10765, 10759",2023-10-07,ja,15.9652,8.014,139,Animation|Comedy|Sci-Fi & Fantasy|Action & Adventure,TV Show
82619,X.X.X: Uncensored,35,2018-09-27,hi,15.9641,4.4,20,Comedy,TV Show
99799,Alex Rider,"18, 10759",2020-11-12,en,15.963,7.8,362,Drama|Action & Adventure,TV Show
92649,The Ghost and Molly McGee,"16, 10765, 10762",2021-10-01,en,15.9625,8.087,46,Animation|Sci-Fi & Fantasy|Kids,TV Show
85322,Star☆Twinkle PreCure,"10759, 16, 10765, 35, 10751, 10762",2019-02-03,ja,15.9591,7.5,12,Action & Adventure|Animation|Sci-Fi & Fantasy|Comedy|Family|Kids,TV Show
157371,Heart of Gold,"18, 80",2015-09-07,pt,15.9573,0.0,0,Drama|Crime,TV Show
213221,Parkinson,10767,1998-01-09,en,15.9535,0.0,0,Talk,TV Show
101253,Alpha Forum,10767,1998-01-07,de,15.9377,0.0,0,Talk,TV Show
63406,THE iDOLM@STER Cinderella Girls,"16, 35, 18",2015-01-10,ja,15.9353,5.059,17,Animation|Comedy|Drama,TV Show
258044,Amazing Night Featured,"35, 10764",2024-06-28,zh,15.9268,10.0,1,Comedy|Reality,TV Show
83639,Girl from Nowhere,"18, 9648, 80",2018-10-27,th,15.9253,8.5,952,Drama|Mystery|Crime,TV Show
131927,Dexter: New Blood,"18, 80",2021-11-07,en,15.9207,7.9,1612,Drama|Crime,TV Show
11978,The Name of the Game,"10759, 10765",1968-09-20,en,15.9095,7.0,13,Action & Adventure|Sci-Fi & Fantasy,TV Show
55866,Candice Renoir,"35, 80",2013-04-19,fr,15.9091,7.2,67,Comedy|Crime,TV Show
194986,Spy Classroom,"16, 35, 9648, 10759",2023-01-05,ja,15.9061,6.2,35,Animation|Comedy|Mystery|Action & Adventure,TV Show
83319,BANGTAN BOMB,10764,2013-06-19,ko,15.9001,9.5,2,Reality,TV Show
66585,Nurses,18,2014-10-29,fi,15.9,7.9,4,Drama,TV Show
40561,Küstenwache,"80, 10759, 18",1997-04-19,de,15.8999,5.833,6,Crime|Action & Adventure|Drama,TV Show
247769,The Great Indian Kapil Show,"10767, 35",2024-03-30,hi,15.8964,7.4,15,Talk|Comedy,TV Show
203599,Scoop,"10763, 10764, 99",2005-06-06,cn,15.8942,7.2,13,News|Reality|Documentary,TV Show
39218,Puella Magi Madoka Magica,"16, 18, 10765",2011-01-07,ja,15.8913,8.048,374,Animation|Drama|Sci-Fi & Fantasy,TV Show
33025,The Borgias,"18, 80",2011-04-03,en,15.8896,7.6,521,Drama|Crime,TV Show
255661,Young Sherlock,"10759, 9648",2026-03-04,en,15.8879,7.868,262,Action & Adventure|Mystery,TV Show
314981,CHROMA,"35, 9648",2016-01-11,fr,15.882,10.0,1,Comedy|Mystery,TV Show
397,The Dukes of Hazzard,"10759, 18, 35, 80",1979-01-26,en,15.8808,7.4,344,Action & Adventure|Drama|Comedy|Crime,TV Show
1087,Serial Experiments Lain,"16, 18, 10765, 9648",1998-07-06,ja,15.8798,8.223,637,Animation|Drama|Sci-Fi & Fantasy|Mystery,TV Show
1043,Ouran High School Host Club,"16, 35, 18",2006-04-05,ja,15.8778,8.149,252,Animation|Comedy|Drama,TV Show
50895,Ordinace v růžové zahradě,"35, 18",2005-09-06,cs,15.875,3.4,7,Comedy|Drama,TV Show
90228,Dune: Prophecy,"10765, 18, 10759",2024-11-17,en,15.8693,7.25,587,Sci-Fi & Fantasy|Drama|Action & Adventure,TV Show
259731,HIS & HERS,"18, 80, 9648",2026-01-08,en,15.8684,7.301,452,Drama|Crime|Mystery,TV Show
15,Mister Rogers' Neighborhood,10762,1968-02-19,en,15.865,6.077,123,Kids,TV Show
279603,Patience,"18, 80",2025-01-08,en,15.8633,7.246,61,Drama|Crime,TV Show
917,Kate & Allie,"35, 18, 10751",1984-03-19,en,15.8615,6.042,24,Comedy|Drama|Family,TV Show
43850,The Elven Bride,"16, 35, 10765",1995-08-25,ja,15.8601,4.5,4,Animation|Comedy|Sci-Fi & Fantasy,TV Show
7448,A Favorita,"10766, 18, 9648",2008-06-02,pt,15.8591,7.9,39,Soap|Drama|Mystery,TV Show
154420,Love Actually,10764,2021-12-28,zh,15.8552,5.2,3,Reality,TV Show
127163,Das perfekte Dinner,10764,2005-11-21,de,15.854,0.0,0,Reality,TV Show
120707,kinokino,99,1978-01-14,de,15.8539,10.0,1,Documentary,TV Show
130464,Tell Me Lies,"18, 9648",2022-09-07,en,15.853,7.58,237,Drama|Mystery,TV Show
2745,Aladdin,"10759, 16, 35, 10765, 10762",1994-02-06,en,15.8526,7.0,371,Action & Adventure|Animation|Comedy|Sci-Fi & Fantasy|Kids,TV Show
64752,The Lion Guard,"10762, 16",2016-01-15,en,15.8518,7.66,266,Kids|Animation,TV Show
112791,Midi Première,10764,1975-01-06,fr,15.8486,9.0,2,Reality,TV Show
1798,Fame,18,1982-01-07,en,15.8456,6.813,67,Drama,TV Show
228718,The Trial,"18, 80, 9648",2023-07-14,hi,15.8447,6.8,6,Drama|Crime|Mystery,TV Show
39390,Iss Pyaar Ko Kya Naam Doon?,"18, 10751, 10766",2011-06-06,hi,15.8342,7.667,15,Drama|Family|Soap,TV Show
654,Reba,35,2001-10-05,en,15.8263,6.527,113,Comedy,TV Show
315610,Proud,18,2026-06-12,pl,15.8235,4.1,18,Drama,TV Show
46028,Girl Meets World,"35, 10751",2014-06-27,en,15.8218,8.291,719,Comedy|Family,TV Show
2882,This Is Wonderland,"18, 35",2004-01-12,en,15.8202,8.0,2,Drama|Comedy,TV Show
36983,Rosario + Vampire,"16, 35, 10765",2008-01-03,ja,15.8166,7.85,293,Animation|Comedy|Sci-Fi & Fantasy,TV Show
9262,Pingu,"16, 35, 10762",1986-05-28,en,15.8153,6.95,160,Animation|Comedy|Kids,TV Show
8392,Popeye the Sailor,"16, 10762",1960-06-10,en,15.8065,7.109,413,Animation|Kids,TV Show
61385,Inga Lindström,18,2004-01-25,de,15.8056,5.4,8,Drama,TV Show
131142,Love Story,18,2026-02-12,en,15.8021,8.259,58,Drama,TV Show
13354,Question Time,"10763, 10767",1979-09-25,en,15.7847,5.9,15,News|Talk,TV Show
111097,The Legend of Crazy Monk,"35, 18",2010-06-17,zh,15.7685,5.75,4,Comedy|Drama,TV Show
309129,Snake Killer,80,2026-01-16,da,15.7657,10.0,4,Crime,TV Show
94951,Mythic Quest,35,2020-02-07,en,15.7631,7.199,447,Comedy,TV Show
243216,Wonderful Precure!,"16, 10762, 10759, 10765, 35, 10751",2024-02-04,ja,15.7611,4.5,8,Animation|Kids|Action & Adventure|Sci-Fi & Fantasy|Comedy|Family,TV Show
66103,Ace Attorney,"16, 80, 18, 9648",2016-04-02,ja,15.7481,6.9,36,Animation|Crime|Drama|Mystery,TV Show
31581,The Trapalhões,35,1977-03-13,pt,15.7478,8.028,18,Comedy,TV Show
158036,Bachelor Point,"35, 18, 10751",2018-08-04,bn,15.7459,10.0,2,Comedy|Drama|Family,TV Show
14451,Shugo Chara!,"16, 35, 10762, 18, 10759, 10765",2007-10-06,ja,15.7447,7.8,17,Animation|Comedy|Kids|Drama|Action & Adventure|Sci-Fi & Fantasy,TV Show
61867,Medcezir,"35, 18, 10751",2013-09-13,tr,15.7445,7.1,35,Comedy|Drama|Family,TV Show
33955,Pound Puppies,16,2010-10-10,en,15.7378,5.273,11,Animation,TV Show
155226,Big Mouth,"9648, 18, 80",2022-07-29,ko,15.7326,8.303,345,Mystery|Drama|Crime,TV Show
2286,The Real Ghostbusters,"10759, 16, 35, 10762, 10765",1986-09-13,en,15.7308,7.656,292,Action & Adventure|Animation|Comedy|Kids|Sci-Fi & Fantasy,TV Show
86893,Tacoma FD,35,2019-03-25,en,15.7303,7.688,88,Comedy,TV Show
1731,Blake's 7,"18, 10765",1978-01-02,en,15.7257,7.32,50,Drama|Sci-Fi & Fantasy,TV Show
110309,SK8 the Infinity,"16, 10759",2021-01-10,ja,15.716,8.407,321,Animation|Action & Adventure,TV Show
58566,Chiquititas,"10762, 10751, 10766",2013-07-15,pt,15.7159,8.3,42,Kids|Family|Soap,TV Show
67195,Legion,"10759, 10765, 18",2017-02-08,en,15.7126,7.508,1553,Action & Adventure|Sci-Fi & Fantasy|Drama,TV Show
1750,"Doogie Howser, M.D.","18, 35",1989-09-19,en,15.7111,6.544,125,Drama|Comedy,TV Show
90121,Ninku,"16, 10759",1995-01-14,ja,15.7059,8.0,1,Animation|Action & Adventure,TV Show
291350,Anna Pigeon,"18, 9648, 80",2026-08-07,en,15.6973,0.0,0,Drama|Mystery|Crime,TV Show
17091,ITV Playhouse,18,1967-09-25,en,15.6954,7.0,3,Drama,TV Show
2720,TaleSpin,"10751, 16, 10762, 10759",1990-09-09,en,15.6932,7.4,216,Family|Animation|Kids|Action & Adventure,TV Show
58474,Cosmos,99,2014-03-09,en,15.6909,8.496,1681,Documentary,TV Show
303715,Killer Grannies,"99, 80",2025-11-09,en,15.6897,10.0,1,Documentary|Crime,TV Show
84503,Close Enough,"35, 16",2020-07-09,en,15.6833,7.926,386,Comedy|Animation,TV Show
82583,Çocuklar Duymasın,"35, 10751, 10762, 18",2002-01-16,tr,15.6662,5.5,24,Comedy|Family|Kids|Drama,TV Show
31713,Street Fighter II: V,16,1995-04-10,ja,15.6655,7.7,79,Animation,TV Show
60844,Baby Steps,"16, 35",2014-04-06,ja,15.6635,7.595,21,Animation|Comedy,TV Show
85853,Perry Mason,"18, 9648, 80",2020-06-21,en,15.663,7.231,372,Drama|Mystery|Crime,TV Show
64770,Potato Star 2013QR3,"35, 18, 10751, 10749, 10765",2013-09-23,ko,15.661,7.0,2,Comedy|Drama|Family|Romance|Sci-Fi & Fantasy,TV Show
14413,Skilda världar,18,1996-09-23,sv,15.6594,6.5,6,Drama,TV Show
71633,Alta Definição,10767,2009-09-12,pt,15.6566,7.2,4,Talk,TV Show
92090,Blade of the Immortal,"16, 18, 10759, 10765",2019-10-10,ja,15.6563,7.162,114,Animation|Drama|Action & Adventure|Sci-Fi & Fantasy,TV Show
153869,Purple River,"16, 10765, 10759",2021-12-21,zh,15.6529,8.5,2,Animation|Sci-Fi & Fantasy|Action & Adventure,TV Show
636,Kung Fu: The Legend Continues,"10759, 18",1993-01-27,en,15.6529,6.7,57,Action & Adventure|Drama,TV Show
33922,Portlandia,35,2011-01-21,en,15.6525,6.946,175,Comedy,TV Show
85922,Space Force,"35, 18",2020-05-29,en,15.6507,6.5,831,Comedy|Drama,TV Show
11279,GANTZ,"16, 10759, 10765, 18",2004-04-13,ja,15.6392,7.257,319,Animation|Action & Adventure|Sci-Fi & Fantasy|Drama,TV Show
315837,Evil Lives Here: My Child the Killer,"80, 99",2026-03-31,en,15.6388,7.7,3,Crime|Documentary,TV Show
289996,Three Graces,"10766, 18",2025-10-20,pt,15.6353,7.792,12,Soap|Drama,TV Show
116796,G&G – Gesichter und Geschichten,"10763, 10767",2005-03-29,de,15.635,4.0,1,News|Talk,TV Show
64710,Noragami,"16, 10759, 10765",2014-01-05,ja,15.635,8.216,700,Animation|Action & Adventure|Sci-Fi & Fantasy,TV Show
86248,Upload,"35, 10765, 18",2020-04-30,en,15.6347,7.782,1430,Comedy|Sci-Fi & Fantasy|Drama,TV Show
283880,Hands off: Sawaranaide Kotesashi-kun,"16, 35",2025-10-06,ja,15.6317,7.522,23,Animation|Comedy,TV Show
66389,Submission,"18, 9648",2016-05-12,en,15.6289,5.973,73,Drama|Mystery,TV Show
60726,Forever,"18, 80, 9648, 10765",2014-09-22,en,15.625,7.812,642,Drama|Crime|Mystery|Sci-Fi & Fantasy,TV Show
213306,Cross,"80, 18, 9648",2024-11-14,en,15.6187,7.026,293,Crime|Drama|Mystery,TV Show
128318,Idler: Sister Ma,"35, 10751, 10766, 18",2000-08-01,zh,15.6127,6.0,2,Comedy|Family|Soap|Drama,TV Show
210181,Synduality Noir,"16, 10759, 10765",2023-07-11,ja,15.609,6.54,25,Animation|Action & Adventure|Sci-Fi & Fantasy,TV Show
5721,The Secret Life of the American Teenager,"18, 35",2008-07-01,en,15.6077,6.858,134,Drama|Comedy,TV Show
4643,Welcome to the House,18,2006-04-10,cn,15.6058,10.0,1,Drama,TV Show
257723,Maddie + Triggs,"16, 10762",2024-10-21,en,15.6009,10.0,1,Animation|Kids,TV Show
240150,Fourever You,"35, 18",2024-10-03,th,15.5977,8.1,22,Comedy|Drama,TV Show
62068,Cackling Kitarou,"16, 35, 10751",2007-04-01,ja,15.5965,8.667,6,Animation|Comedy|Family,TV Show
33213,Shake It Up,"10751, 10762, 35, 18",2010-11-07,en,15.5965,7.559,303,Family|Kids|Comedy|Drama,TV Show
115036,The Book of Boba Fett,"10759, 10765",2021-12-29,en,15.5865,7.473,2991,Action & Adventure|Sci-Fi & Fantasy,TV Show
237349,Ek Mahanayak - Dr B R Ambedkar,"10751, 18, 10764",2019-12-17,hi,15.5864,10.0,1,Family|Drama|Reality,TV Show
2464,Wildfire,"18, 10751",2005-06-20,en,15.5832,8.3,58,Drama|Family,TV Show
38148,Beck,"80, 18, 9648",1999-12-12,sv,15.5824,6.8,59,Crime|Drama|Mystery,TV Show
37584,Ikki Tousen,"16, 10765, 35, 10759, 18",2003-07-30,ja,15.5822,6.656,80,Animation|Sci-Fi & Fantasy|Comedy|Action & Adventure|Drama,TV Show
4545,Blossom,"18, 35, 10751",1990-07-05,en,15.582,6.17,109,Drama|Comedy|Family,TV Show
66875,Non Non Biyori,"16, 35",2013-10-07,ja,15.5755,7.868,102,Animation|Comedy,TV Show
3345,Land of the Giants,"10765, 10759, 18",1968-09-22,en,15.5741,6.786,49,Sci-Fi & Fantasy|Action & Adventure|Drama,TV Show
98823,Shadowverse,"16, 10759, 10765",2020-04-07,ja,15.573,5.3,7,Animation|Action & Adventure|Sci-Fi & Fantasy,TV Show
319,The Tony Danza Show,10767,2004-09-13,en,15.5727,6.375,8,Talk,TV Show
118821,The World's Finest Assassin Gets Reincarnated in Another World as an Aristocrat,"16, 10759, 10765",2021-10-06,ja,15.5698,8.1,291,Animation|Action & Adventure|Sci-Fi & Fantasy,TV Show
71886,Siren,"10765, 18",2018-03-29,en,15.5661,7.737,3420,Sci-Fi & Fantasy|Drama,TV Show
228689,"Genie, Make a Wish","10765, 35, 18",2025-10-03,ko,15.5638,7.678,118,Sci-Fi & Fantasy|Comedy|Drama,TV Show
73021,Disenchantment,"16, 35, 10759, 10765",2018-08-17,en,15.5624,7.4,1311,Animation|Comedy|Action & Adventure|Sci-Fi & Fantasy,TV Show
243193,Quieta Margarita,18,1988-09-12,es,15.5608,10.0,2,Drama,TV Show
43017,Great Teacher Onizuka,"16, 35, 18",1999-06-30,ja,15.5603,8.4,273,Animation|Comedy|Drama,TV Show
65817,The Deuce,"18, 80",2017-09-10,en,15.5549,7.568,417,Drama|Crime,TV Show
4241,8 Simple Rules,"35, 18",2002-09-17,en,15.5444,6.818,206,Comedy|Drama,TV Show
245263,Vanderpump Villa,10764,2024-04-01,en,15.5196,6.2,13,Reality,TV Show
24270,maybrit illner,10767,1999-10-21,de,15.5163,9.0,2,Talk,TV Show
114695,Marvel Studios Legends,"99, 10759, 10765",2021-01-08,en,15.5078,7.4,693,Documentary|Action & Adventure|Sci-Fi & Fantasy,TV Show
79449,Idol Room,10767,2018-05-12,ko,15.506,9.0,2,Talk,TV Show
63463,THE iDOLM@STER,"16, 18",2011-07-08,ja,15.5022,6.7,29,Animation|Drama,TV Show
100383,Almost Paradise,"10759, 18, 80",2020-03-30,en,15.4955,7.1,77,Action & Adventure|Drama|Crime,TV Show
111474,Gabby's Dollhouse,"10762, 35, 16, 10765",2021-01-05,en,15.4934,7.9,102,Kids|Comedy|Animation|Sci-Fi & Fantasy,TV Show
12323,Beyond Belief: Fact or Fiction,"99, 9648, 10764",1997-05-25,en,15.4864,7.2,61,Documentary|Mystery|Reality,TV Show
68071,ALL OUT!!,"16, 35",2016-10-07,ja,15.4844,6.8,20,Animation|Comedy,TV Show
2850,Bad Girls,"18, 80",1999-06-01,en,15.484,7.583,42,Drama|Crime,TV Show
32632,Law & Order: LA,"80, 18",2010-09-29,en,15.4718,6.8,41,Crime|Drama,TV Show
5811,3000 Whys of Blue Cat,"10762, 16",1999-10-09,zh,15.4698,8.5,2,Kids|Animation,TV Show
365,Jericho,"10759, 18, 9648, 37",2006-09-20,en,15.4676,7.421,546,Action & Adventure|Drama|Mystery|Western,TV Show
131033,Krapopolis,"16, 35, 10765",2023-09-24,en,15.4584,7.3,43,Animation|Comedy|Sci-Fi & Fantasy,TV Show
62822,Humans,"10765, 18, 9648",2015-06-14,en,15.4506,7.478,699,Sci-Fi & Fantasy|Drama|Mystery,TV Show
95550,"SING ""YESTERDAY"" FOR ME","16, 18",2020-04-05,ja,15.4505,8.07,100,Animation|Drama,TV Show
63549,Love for Rent,35,2015-06-19,tr,15.4493,7.433,67,Comedy,TV Show
82895,SSSS.GRIDMAN,"16, 10759, 10765",2018-10-07,ja,15.4451,7.229,94,Animation|Action & Adventure|Sci-Fi & Fantasy,TV Show
79788,Watchmen,"18, 80, 10765, 9648, 10759",2019-10-20,en,15.4446,7.622,1615,Drama|Crime|Sci-Fi & Fantasy|Mystery|Action & Adventure,TV Show
87428,Why Women Kill,"35, 80, 18",2019-08-15,en,15.4377,7.905,386,Comedy|Crime|Drama,TV Show
65495,Atlanta,"35, 18",2016-09-06,en,15.4357,8.041,851,Comedy|Drama,TV Show
66676,Queen of the South,"80, 18",2016-06-23,en,15.4333,7.6,471,Crime|Drama,TV Show
293371,Reborn at 18: The Great-Grandma Takes Charge,18,2025-06-05,zh,15.4323,9.2,5,Drama,TV Show
158642,Water Mirror,18,2017-05-01,pt,15.4311,0.0,0,Drama,TV Show
156563,The Reincarnation of the Strongest Exorcist in Another World,"16, 10759, 10765",2023-01-07,ja,15.4237,6.966,73,Animation|Action & Adventure|Sci-Fi & Fantasy,TV Show
237565,Family by Choice,"18, 10751",2024-10-09,ko,15.4205,7.908,87,Drama|Family,TV Show
71870,La Petite Histoire de France,"35, 10751",2015-11-28,fr,15.4196,8.3,9,Comedy|Family,TV Show
80054,Truth Be Told,"18, 9648",2019-12-06,en,15.4181,7.0,216,Drama|Mystery,TV Show
298412,Roja,"10759, 18",2025-11-24,tl,15.4172,3.0,1,Action & Adventure|Drama,TV Show
46412,Utawarerumono,"16, 10759, 10765",2006-04-03,ja,15.411,7.179,28,Animation|Action & Adventure|Sci-Fi & Fantasy,TV Show
158258,Duty After School,"18, 10765, 10759",2023-03-31,ko,15.4052,8.168,101,Drama|Sci-Fi & Fantasy|Action & Adventure,TV Show
318723,Girija Kalyanam,18,2020-01-20,te,15.4044,0.0,0,Drama,TV Show
33257,Desafío,10764,2004-04-28,es,15.398,6.4,6,Reality,TV Show
91552,Departure,"18, 80",2019-07-10,en,15.391,6.466,116,Drama|Crime,TV Show
20518,Tigerenten Club,10764,1996-01-06,de,15.3903,7.0,1,Reality,TV Show
34522,Adaalat,"18, 80, 9648",2010-11-20,hi,15.3845,7.5,2,Drama|Crime|Mystery,TV Show
12337,The Life and Legend of Wyatt Earp,"18, 37",1955-09-06,en,15.3845,6.762,21,Drama|Western,TV Show
249891,Yoasobi Gurashi!,16,2024-07-08,ja,15.3819,6.167,6,Animation,TV Show
254853,ZatsuTabi -That's Journey-,"16, 18, 35",2025-04-07,ja,15.3809,7.4,14,Animation|Drama|Comedy,TV Show
130368,Love Between Fairy and Devil,"18, 10765",2022-08-07,zh,15.3766,8.2,181,Drama|Sci-Fi & Fantasy,TV Show
320597,Unknown Threat,"80, 9648",2024-06-10,en,15.3759,8.0,1,Crime|Mystery,TV Show
325901,Odol Ilargia,9648,,es,15.3754,0.0,0,Mystery,TV Show
326102,Переслідуючи вогонь,"80, 18, 10759",2024-04-26,uk,15.3735,0.0,0,Crime|Drama|Action & Adventure,TV Show
139168,Fabulous Beasts,"16, 35, 10765",2023-04-14,zh,15.3709,8.9,9,Animation|Comedy|Sci-Fi & Fantasy,TV Show
208397,School Spirits,"9648, 18",2023-03-09,en,15.3647,7.8,267,Mystery|Drama,TV Show
16665,Zoop,"18, 35",2004-04-07,nl,15.3568,8.0,4,Drama|Comedy,TV Show
69061,The OA,"10765, 9648, 18",2016-12-16,en,15.3541,7.509,1377,Sci-Fi & Fantasy|Mystery|Drama,TV Show
194774,Vermeil in Gold,"16, 35, 10765",2022-07-05,ja,15.352,7.139,104,Animation|Comedy|Sci-Fi & Fantasy,TV Show
45815,Brazil Avenue,"10766, 18, 9648, 80",2012-03-26,pt,15.35,8.116,1307,Soap|Drama|Mystery|Crime,TV Show
68604,Ishqbaaaz,"18, 10751",2016-06-27,hi,15.3467,9.0,3,Drama|Family,TV Show
57528,Horizon in the Middle of Nowhere,"16, 35, 10765, 18",2011-10-01,ja,15.3466,5.3,18,Animation|Comedy|Sci-Fi & Fantasy|Drama,TV Show
61529,Hozuki's Coolheadedness,"10765, 16, 35",2014-01-10,ja,15.3429,7.094,32,Sci-Fi & Fantasy|Animation|Comedy,TV Show
1446,Flinderella,"35, 18, 10751, 10766",2004-03-15,es,15.3297,8.125,168,Comedy|Drama|Family|Soap,TV Show
1749,How It's Made,99,2001-01-06,en,15.3274,7.6,161,Documentary,TV Show
10710,Wheeler Dealers,"10764, 99",2003-10-05,en,15.3233,7.2,64,Reality|Documentary,TV Show
214264,Kizuna no Allele,16,2023-04-04,ja,15.3213,5.3,11,Animation,TV Show
46930,Ripper Street,"18, 9648, 80",2012-12-30,en,15.3196,7.414,197,Drama|Mystery|Crime,TV Show
201289,The Last Thing He Told Me,"9648, 18",2023-04-13,en,15.3194,7.1,186,Mystery|Drama,TV Show
1466,Joey,35,2004-09-09,en,15.3148,6.279,359,Comedy,TV Show
1964,The Jeffersons,"35, 10751",1975-01-18,en,15.3144,7.307,122,Comedy|Family,TV Show
3744,Buzz Lightyear of Star Command,"10762, 16, 10765, 10751, 35, 10759",2000-10-02,en,15.3131,6.5,73,Kids|Animation|Sci-Fi & Fantasy|Family|Comedy|Action & Adventure,TV Show
46813,Quarks,99,1993-04-14,de,15.301,9.4,5,Documentary,TV Show
8621,Late Night with Jimmy Fallon,10767,2009-03-02,en,15.2949,5.942,103,Talk,TV Show
121702,Do It Yourself!!,"16, 35",2022-10-06,ja,15.2905,7.4,35,Animation|Comedy,TV Show
5622,Hamtaro,"16, 10759, 10762",2000-07-07,ja,15.2832,7.9,209,Animation|Action & Adventure|Kids,TV Show
387,SpongeBob SquarePants,"16, 35, 10751",1999-05-01,en,15.2812,7.71,3219,Animation|Comedy|Family,TV Show
128306,The Boss,"35, 18",2022-10-26,es,15.2772,8.219,302,Comedy|Drama,TV Show
24106,Captain Tsubasa: Road to 2002,"16, 18, 10759",2001-10-07,ja,15.2744,7.788,292,Animation|Drama|Action & Adventure,TV Show
65708,Taboo,"18, 9648",2017-01-07,en,15.2715,7.889,1474,Drama|Mystery,TV Show
296534,The Society,"18, 10764",2025-07-21,hi,15.2698,0.0,0,Drama|Reality,TV Show
154521,The Kardashians,10764,2022-04-14,en,15.2691,8.478,2130,Reality,TV Show
26992,Maigret,"80, 18, 9648",1960-10-31,en,15.2584,7.133,15,Crime|Drama|Mystery,TV Show
21730,Mobile Suit Gundam Wing,"10759, 16, 10765, 10768",1995-04-07,ja,15.2544,7.8,107,Action & Adventure|Animation|Sci-Fi & Fantasy|War & Politics,TV Show
72737,18if,"10759, 16, 9648, 10765",2017-07-07,ja,15.2489,5.462,13,Action & Adventure|Animation|Mystery|Sci-Fi & Fantasy,TV Show
107463,Blades of the Guardians,"16, 10759",2023-06-01,zh,15.2439,7.1,20,Animation|Action & Adventure,TV Show
90027,Carnival Row,"80, 18, 10765",2019-08-29,en,15.2431,7.69,1404,Crime|Drama|Sci-Fi & Fantasy,TV Show
1537,The Agency,18,2001-09-27,en,15.2428,6.933,15,Drama,TV Show
237150,"As a Reincarnated Aristocrat, I'll Use My Appraisal Skill to Rise in the World","16, 10765",2024-04-07,ja,15.2421,7.5,58,Animation|Sci-Fi & Fantasy,TV Show
44337,Have I Got a Bit More News for You,"10763, 35",,en,15.2407,7.1,17,News|Comedy,TV Show
5367,Hawaiian Eye,"80, 18",1959-10-07,en,15.2385,5.6,10,Crime|Drama,TV Show
61695,Beyond the Boundary,"16, 35, 10759, 10765",2013-10-02,ja,15.2361,8.142,339,Animation|Comedy|Action & Adventure|Sci-Fi & Fantasy,TV Show
208493,"I Got a Cheat Skill in Another World and Became Unrivaled in the Real World, Too","16, 10759, 10765",2023-04-07,ja,15.2358,8.215,297,Animation|Action & Adventure|Sci-Fi & Fantasy,TV Show
72311,The Advisors Alliance,"18, 10768",2017-06-22,zh,15.2255,8.31,29,Drama|War & Politics,TV Show
75787,Fox Spirit Matchmaker,"16, 10765, 35",2015-06-25,zh,15.2245,6.6,14,Animation|Sci-Fi & Fantasy|Comedy,TV Show
117880,The Genius Prince's Guide to Raising a Nation Out of Debt,"16, 35, 10765",2022-01-11,ja,15.2214,7.865,104,Animation|Comedy|Sci-Fi & Fantasy,TV Show
39379,Full Metal Panic!,"16, 10765",2002-01-08,ja,15.2173,7.067,141,Animation|Sci-Fi & Fantasy,TV Show
2051,The Price Is Right,10764,1972-09-04,en,15.2125,6.296,93,Reality,TV Show
66926,Valkyrie Drive: Mermaid,"16, 10759",2015-10-10,ja,15.209,6.9,44,Animation|Action & Adventure,TV Show
80564,Banana Fish,"16, 18, 10759, 9648, 80",2018-07-06,ja,15.2088,8.569,921,Animation|Drama|Action & Adventure|Mystery|Crime,TV Show
5822,SMAP×SMAP,35,1996-04-15,ja,15.1975,8.5,2,Comedy,TV Show
105590,Chespirito,"35, 10751",1980-02-04,es,15.1834,8.215,404,Comedy|Family,TV Show
45502,Queen's Blade,"16, 10759, 10765",2009-04-02,ja,15.1809,6.09,39,Animation|Action & Adventure|Sci-Fi & Fantasy,TV Show
11096,The High Chaparral,"37, 18",1967-09-10,en,15.1781,6.75,26,Western|Drama,TV Show
7736,Martha Speaks,"16, 10762, 10751",2008-09-01,en,15.1767,7.318,22,Animation|Kids|Family,TV Show
16997,The Pacific,"18, 10759, 10768",2010-03-14,en,15.169,7.793,2531,Drama|Action & Adventure|War & Politics,TV Show
90461,Monsters at Work,"10751, 35, 16",2021-07-07,en,15.1682,7.2,1407,Family|Comedy|Animation,TV Show
80515,The Reichen Show,10767,2005-11-11,en,15.166,4.8,5,Talk,TV Show
2299,Nick Cannon Presents: Wild 'N Out,35,2005-07-28,en,15.1652,8.0,68,Comedy,TV Show
222608,Legend of Xianwu,"16, 10759, 10765",2023-03-19,zh,15.1596,8.4,9,Animation|Action & Adventure|Sci-Fi & Fantasy,TV Show
80573,Puzzle & Dragons X,"16, 10765, 10759",2016-07-04,ja,15.1587,4.0,1,Animation|Sci-Fi & Fantasy|Action & Adventure,TV Show
2448,The South Bank Show,"99, 10767",1978-01-14,en,15.1495,5.571,7,Documentary|Talk,TV Show
61550,Marvel's Agent Carter,"18, 10765",2015-01-06,en,15.1472,7.523,1981,Drama|Sci-Fi & Fantasy,TV Show
18162,ABC Afterschool Special,18,1972-10-04,en,15.1379,6.5,15,Drama,TV Show
85969,Yeşil Deniz,"10751, 35, 18",2014-10-24,tr,15.1368,9.0,8,Family|Comedy|Drama,TV Show
213326,The Most Heretical Last Boss Queen: From Villainess to Savior,"16, 10765",2023-07-07,ja,15.1358,8.056,63,Animation|Sci-Fi & Fantasy,TV Show
63714,Porta dos Fundos,35,2012-08-07,pt,15.1318,6.9,26,Comedy,TV Show
99083,Bottom-Tier Character Tomozaki,"16, 35, 18",2021-01-08,ja,15.1186,6.475,60,Animation|Comedy|Drama,TV Show
124271,NCIS: Hawaiʻi,"80, 18",2021-09-20,en,15.1125,7.7,325,Crime|Drama,TV Show
23902,Miss USA,10764,1963-07-17,en,15.0975,6.0,4,Reality,TV Show
124834,Heartstopper,18,2022-04-22,en,15.0928,8.569,1721,Drama,TV Show
137206,Till The End of The Moon,18,2023-04-06,zh,15.0917,8.254,63,Drama,TV Show
8892,Pinoy Big Brother,10764,2005-08-21,tl,15.0735,5.727,11,Reality,TV Show
287011,Sold Out on You,"35, 18",2026-04-22,ko,15.073,8.36,57,Comedy|Drama,TV Show
6390,Escape to the Country,10764,2002-10-14,en,15.0707,5.7,27,Reality,TV Show
62413,Killjoys,"10759, 10765",2015-06-19,en,15.0706,6.862,525,Action & Adventure|Sci-Fi & Fantasy,TV Show
87083,Formula 1: Drive to Survive,99,2019-03-08,en,15.069,8.173,632,Documentary,TV Show
83097,The Promised Neverland,"16, 18, 9648, 10765",2019-01-11,ja,15.0563,8.277,1272,Animation|Drama|Mystery|Sci-Fi & Fantasy,TV Show
4981,Fallen Angels,"80, 18, 9648",1993-08-01,en,15.0473,6.5,14,Crime|Drama|Mystery,TV Show
64852,Trapped,"18, 9648, 80",2015-12-27,is,15.043,7.3,274,Drama|Mystery|Crime,TV Show
4816,Mahou Sentai Magiranger,"10765, 10759",2005-02-13,ja,15.0405,8.1,15,Sci-Fi & Fantasy|Action & Adventure,TV Show
62640,Nisekoi,"16, 35",2014-01-11,ja,15.037,8.223,350,Animation|Comedy,TV Show
124643,Family Law,18,2021-09-16,en,15.0358,7.194,36,Drama,TV Show
279446,Swords Into Plowshares,18,2026-01-23,zh,15.0292,8.8,16,Drama,TV Show
46935,Qubool Hai,"18, 10751",2012-10-29,hi,15.0266,6.4,6,Drama|Family,TV Show
123525,The Faraway Paladin,"16, 10759, 10765",2021-10-09,ja,15.0174,7.049,81,Animation|Action & Adventure|Sci-Fi & Fantasy,TV Show
123542,LINK CLICK,"16, 10765, 9648, 18",2021-04-30,zh,15.0153,8.216,111,Animation|Sci-Fi & Fantasy|Mystery|Drama,TV Show
94945,Tietjen und Bommes,10767,1997-02-23,de,15.013,9.0,1,Talk,TV Show
302074,R.J. Decker,"18, 35, 80",2026-03-03,en,15.0072,7.875,32,Drama|Comedy|Crime,TV Show
1760,As Told by Ginger,"10751, 16, 35, 10762",2000-10-25,en,15.0059,6.897,102,Family|Animation|Comedy|Kids,TV Show
314784,Absolute Value of Romance,"18, 35",2026-04-17,ko,15.0042,8.8,39,Drama|Comedy,TV Show
46975,Crossing Lines,"10759, 80, 18",2013-08-22,en,15.0042,6.671,120,Action & Adventure|Crime|Drama,TV Show
2413,"Gomer Pyle, U.S.M.C.","35, 10751",1964-09-25,en,15.0028,7.103,34,Comedy|Family,TV Show
1063,Samurai Champloo,"16, 10759, 35",2004-05-20,ja,14.996,8.308,780,Animation|Action & Adventure|Comedy,TV Show
32231,The Qin Empire,"18, 10768",2009-12-18,zh,14.9931,8.3,22,Drama|War & Politics,TV Show
63418,Code Black,18,2015-09-30,en,14.9914,7.782,277,Drama,TV Show
2042,Antiques Roadshow,"99, 10751",1979-02-18,en,14.9905,6.5,20,Documentary|Family,TV Show
83584,Crash,"10759, 18",2018-11-22,tr,14.9902,7.9,22,Action & Adventure|Drama,TV Show
11982,Max & Ruby,"10762, 16, 35",2002-09-15,en,14.9836,6.5,46,Kids|Animation|Comedy,TV Show
195966,RWBY: Ice Queendom,"16, 10759, 10765",2022-07-03,ja,14.9786,6.053,19,Animation|Action & Adventure|Sci-Fi & Fantasy,TV Show
76345,On Cinema,35,2012-12-04,en,14.9751,8.4,27,Comedy,TV Show
211564,Sullivan's Crossing,18,2023-03-19,en,14.975,8.143,63,Drama,TV Show
75777,After the Rain,"16, 35, 18",2018-01-12,ja,14.973,7.1,84,Animation|Comedy|Drama,TV Show
66979,Days,"16, 35",2016-07-03,ja,14.972,7.316,19,Animation|Comedy,TV Show
4107,The Steve Harvey Show,"35, 18",1996-08-25,en,14.9714,7.018,28,Comedy|Drama,TV Show
124411,Aspirants,18,2021-04-07,hi,14.9693,7.66,72,Drama,TV Show
1809,The Odd Couple,35,1970-09-24,en,14.9674,7.809,68,Comedy,TV Show
236291,Villa Rosa,10766,2004-10-04,af,14.9636,6.0,1,Soap,TV Show
102758,Off Camera with Sam Jones,10767,2014-02-06,en,14.9616,5.0,5,Talk,TV Show
44815,Ikkyū-san,"16, 35",1975-10-15,ja,14.9601,7.4,21,Animation|Comedy,TV Show
4493,Absolutely Fabulous,35,1992-11-12,en,14.9466,7.565,185,Comedy,TV Show
896,The Lost World,"10759, 18",1999-04-03,en,14.935,7.133,132,Action & Adventure|Drama,TV Show
64706,Prison School,"16, 35",2015-07-11,ja,14.9312,8.1,743,Animation|Comedy,TV Show
32803,Celebrity Ghost Stories,"10764, 10765, 9648, 10767",2009-10-03,en,14.9302,7.263,19,Reality|Sci-Fi & Fantasy|Mystery|Talk,TV Show
56219,Drunk History,"35, 10767",2013-07-09,en,14.923,6.777,101,Comedy|Talk,TV Show
157950,NCIS: Sydney,"80, 18, 10759",2023-11-10,en,14.9195,6.971,70,Crime|Drama|Action & Adventure,TV Show
316427,Ingoku Danchi: Deviant's Apartment Complex,"16, 35",2026-04-06,ja,14.9153,6.0,6,Animation|Comedy,TV Show
20090,Nytt på nytt,35,1999-04-09,no,14.915,7.042,12,Comedy,TV Show
33352,Õnne 13,"18, 35, 10751",1993-10-30,et,14.9098,4.5,4,Drama|Comedy|Family,TV Show
46698,Randy Cunningham: 9th Grade Ninja,"10759, 16, 35, 10765",2012-08-13,en,14.9078,8.327,75,Action & Adventure|Animation|Comedy|Sci-Fi & Fantasy,TV Show
82317,Where's the Logic?,"35, 10767",2015-11-29,ru,14.9065,8.1,11,Comedy|Talk,TV Show
91026,After School Dice Club,"16, 35",2019-10-03,ja,14.905,6.1,16,Animation|Comedy,TV Show
55216,Scènes de ménages,"35, 10751, 10767",2009-11-09,fr,14.9033,5.903,31,Comedy|Family|Talk,TV Show
13265,Den-noh Coil,"16, 10765",2007-05-12,ja,14.9032,7.474,38,Animation|Sci-Fi & Fantasy,TV Show
27667,Heritage,"10764, 99",1951-08-01,en,14.9001,0.0,0,Reality|Documentary,TV Show
63453,Garo: The Animation,"16, 10765, 35, 18",2014-10-03,ja,14.8934,7.294,17,Animation|Sci-Fi & Fantasy|Comedy|Drama,TV Show
67697,Search Party,"35, 18, 80",2016-11-21,en,14.8929,6.9,145,Comedy|Drama|Crime,TV Show
231,The Soup,"10767, 35",2004-07-01,en,14.8921,6.29,31,Talk|Comedy,TV Show
87478,Isekai Quartet,"35, 16",2019-04-10,ja,14.8896,6.8,63,Comedy|Animation,TV Show
4781,Germany's Next Topmodel,10764,2006-01-25,de,14.8845,4.3,11,Reality,TV Show
92967,Mucize Doktor,18,2019-09-12,tr,14.8824,8.068,1050,Drama,TV Show
115678,As If,35,2021-01-01,tr,14.8818,8.577,79,Comedy,TV Show
24156,Pebble Mill,10767,1991-10-14,en,14.8814,4.1,5,Talk,TV Show
2429,Aaahh!!! Real Monsters,"16, 35, 10751, 10765, 10762",1994-10-29,en,14.8762,7.783,427,Animation|Comedy|Family|Sci-Fi & Fantasy|Kids,TV Show
1426,Luther,"80, 18, 9648",2010-05-04,en,14.8752,7.856,1206,Crime|Drama|Mystery,TV Show
158756,Shoresy,"35, 18",2022-05-13,en,14.8751,7.928,69,Comedy|Drama,TV Show
11567,Benidorm,35,2007-02-01,en,14.8702,7.557,53,Comedy,TV Show
60550,Mahabharat,"18, 10751",2013-09-16,hi,14.866,8.69,29,Drama|Family,TV Show
126997,All Elite Wrestling: Rampage,"10759, 18",2021-08-13,en,14.8655,7.1,23,Action & Adventure|Drama,TV Show
202396,Evening Drink Style,18,2022-07-02,ja,14.8642,7.7,12,Drama,TV Show
31390,A Doctor in the Family,"35, 10751",1998-12-06,it,14.8642,7.5,31,Comedy|Family,TV Show
214310,The Weakest Tamer Began a Journey to Pick Up Trash,"16, 10759, 10765",2024-01-12,ja,14.8473,7.75,60,Animation|Action & Adventure|Sci-Fi & Fantasy,TV Show
89247,Batwoman,"10765, 10759",2019-10-06,en,14.845,6.85,1583,Sci-Fi & Fantasy|Action & Adventure,TV Show
220850,One Hundred Thousand Years of Qi Refining,"16, 10759, 10765",2023-02-18,zh,14.8442,8.6,11,Animation|Action & Adventure|Sci-Fi & Fantasy,TV Show
60381,Mountain Men,"10764, 99",2012-05-31,en,14.8405,6.536,28,Reality|Documentary,TV Show
206748,"Saving 80,000 Gold in Another World for My Retirement","16, 10759, 10765",2023-01-08,ja,14.8384,6.1,35,Animation|Action & Adventure|Sci-Fi & Fantasy,TV Show
21732,Mobile Suit Gundam 00,"10759, 16, 18, 10765, 10768",2007-10-06,ja,14.8349,7.6,56,Action & Adventure|Animation|Drama|Sci-Fi & Fantasy|War & Politics,TV Show
2823,Empty Nest,"10751, 35",1988-10-08,en,14.8342,5.929,28,Family|Comedy,TV Show
59427,Marvel's Avengers,"10759, 16, 10765",2013-05-26,en,14.8313,7.528,682,Action & Adventure|Animation|Sci-Fi & Fantasy,TV Show
252650,Perfect 10 Liners,"35, 18",2024-10-27,th,14.8288,8.769,26,Comedy|Drama,TV Show
100736,Zwischen Tüll und Tränen,"99, 10764",2016-02-22,de,14.8271,0.0,0,Documentary|Reality,TV Show
21552,Telephone Time,18,1956-04-08,en,14.8247,6.5,4,Drama,TV Show
229915,Night Has Come,"18, 9648",2023-12-04,ko,14.8239,7.888,120,Drama|Mystery,TV Show
16399,The Twilight Zone,"10765, 9648, 18",2002-09-18,en,14.8228,7.147,119,Sci-Fi & Fantasy|Mystery|Drama,TV Show
11250,Pasión de Gavilanes,18,2003-10-21,es,14.8206,7.668,2112,Drama,TV Show
89139,Goldene Kamera,10763,1984-02-03,de,14.8202,5.7,3,News,TV Show
74402,Blue Code,18,2017-03-25,cs,14.8187,6.0,3,Drama,TV Show
30778,Dinosaur Train,"16, 10762, 10765",2009-09-07,en,14.8137,6.4,46,Animation|Kids|Sci-Fi & Fantasy,TV Show
116983,Blue Period,"16, 18",2021-10-02,ja,14.8122,7.133,109,Animation|Drama,TV Show
14009,The Addams Family,"35, 10751",1964-09-18,en,14.8096,7.978,441,Comedy|Family,TV Show
249010,Kelders van Geheime,10766,2024-05-06,af,14.8062,6.0,13,Soap,TV Show
278577,Shine on Me,18,2025-12-22,zh,14.8006,8.1,23,Drama,TV Show
72748,Strike,"80, 18, 9648",2017-08-27,en,14.7918,7.176,250,Crime|Drama|Mystery,TV Show
31268,El Capo,"80, 18",2009-08-24,es,14.787,7.694,1256,Crime|Drama,TV Show
85518,Khatron Ke Khiladi,10764,2008-07-21,hi,14.7853,6.0,6,Reality,TV Show
101005,Ultraman Z,"10759, 10765",2020-06-20,ja,14.7744,8.421,19,Action & Adventure|Sci-Fi & Fantasy,TV Show
64369,TV Animal Farm,"10751, 10764",2001-05-06,ko,14.7678,7.6,4,Family|Reality,TV Show
59375,Liv and Maddie,"35, 10751, 18",2013-07-19,en,14.7668,8.0,403,Comedy|Family|Drama,TV Show
316540,Bittersweet Love,18,2026-07-03,zh,14.7613,0.0,0,Drama,TV Show
12513,Operación triunfo,10764,2001-10-22,es,14.7519,6.619,21,Reality,TV Show
68034,Ming Dynasty in 1566,18,2007-01-08,zh,14.7446,9.6,36,Drama,TV Show
237233,Chillin' in Another World with Level 2 Super Cheat Powers,"16, 10765, 10759",2024-04-08,ja,14.7434,7.306,93,Animation|Sci-Fi & Fantasy|Action & Adventure,TV Show
95503,Zyuden Sentai Kyoryuger,"10765, 10759, 35",2013-02-17,ja,14.7414,6.9,15,Sci-Fi & Fantasy|Action & Adventure|Comedy,TV Show
4040,New York Undercover,"18, 80",1994-09-08,en,14.7332,7.3,38,Drama|Crime,TV Show
325771,Belzebubs,"16, 35",,en,14.7329,0.0,0,Animation|Comedy,TV Show
325472,The Girls,35,1950-01-01,en,14.7319,0.0,0,Comedy,TV Show
43323,Comedy Bang! Bang!,"35, 10767",2012-06-08,en,14.73,6.286,42,Comedy|Talk,TV Show
120911,The Terminal List,"10759, 18",2022-06-30,en,14.7291,7.955,1127,Action & Adventure|Drama,TV Show
88795,Grimme Award,10763,1964-01-16,de,14.7287,0.0,0,News,TV Show
71578,Atypical,"18, 35",2017-08-11,en,14.7276,8.042,1237,Drama|Comedy,TV Show
89364,The Wonderland of Ten Thousands,"16, 10759, 10765",2018-03-21,zh,14.7263,9.0,4,Animation|Action & Adventure|Sci-Fi & Fantasy,TV Show
230923,Lovely Runner,"18, 10765, 35, 9648",2024-04-08,ko,14.7254,8.568,278,Drama|Sci-Fi & Fantasy|Comedy|Mystery,TV Show
75086,Glitter Force Doki Doki,"16, 10759, 35, 10751, 10762, 10765",2013-02-03,ja,14.7161,7.3,25,Animation|Action & Adventure|Comedy|Family|Kids|Sci-Fi & Fantasy,TV Show
67070,Fleabag,"35, 18",2016-07-21,en,14.715,8.28,1848,Comedy|Drama,TV Show
322737,Agüizotes,16,2027-01-01,es,14.6955,0.0,0,Animation,TV Show
93768,Shopping Queen,"10764, 10766",2012-01-30,de,14.6907,4.0,3,Reality|Soap,TV Show
322623,Battleground,10764,2025-04-04,hi,14.69,0.0,0,Reality,TV Show
25797,Mobile Suit Victory Gundam,"16, 18, 10765, 10768, 10759",1993-04-02,ja,14.6899,7.1,17,Animation|Drama|Sci-Fi & Fantasy|War & Politics|Action & Adventure,TV Show
79611,Charmed,"18, 10765",2018-10-14,en,14.6879,7.2,487,Drama|Sci-Fi & Fantasy,TV Show
42295,Hemlock Grove,"9648, 18",2013-04-19,en,14.687,7.077,563,Mystery|Drama,TV Show
228026,Law & Order Toronto: Criminal Intent,"80, 18",2024-02-22,en,14.6868,7.106,33,Crime|Drama,TV Show
71024,Castlevania,"16, 10765, 18",2017-07-07,en,14.6818,8.266,1566,Animation|Sci-Fi & Fantasy|Drama,TV Show
242189,Boarders,"35, 18",2024-02-20,en,14.6803,6.053,19,Comedy|Drama,TV Show
233912,Guardians of the Dafeng,"18, 10759, 35, 9648",2024-12-28,zh,14.6769,7.4,40,Drama|Action & Adventure|Comedy|Mystery,TV Show
99353,Love Is Blind,10764,2020-02-13,en,14.6749,6.212,106,Reality,TV Show
2203,First Wave,"10759, 10765",1998-09-09,en,14.6687,7.145,62,Action & Adventure|Sci-Fi & Fantasy,TV Show
153918,Avataro Sentai Donbrothers,"10759, 10765, 10762",2022-03-06,ja,14.6678,8.81,21,Action & Adventure|Sci-Fi & Fantasy|Kids,TV Show
13285,Mr. Kinpachi in Class 3B,18,1979-10-26,ja,14.6673,7.0,2,Drama,TV Show
98491,The Millionaire Detective – Balance: UNLIMITED,"16, 80, 9648",2020-04-10,ja,14.654,6.986,73,Animation|Crime|Mystery,TV Show
2692,My Wife and Kids,"35, 10751, 18",2001-03-28,en,14.6524,7.419,535,Comedy|Family|Drama,TV Show
19348,Tiny Angels,"10751, 10762, 10766",1995-08-07,es,14.6488,5.5,12,Family|Kids|Soap,TV Show
6972,The Seasons,18,1987-03-09,cn,14.644,8.0,1,Drama,TV Show
20432,SPEED GRAPHER,"16, 80",2005-04-08,ja,14.6436,6.964,42,Animation|Crime,TV Show
44684,Nichijou: My Ordinary Life,"16, 35",2011-04-03,ja,14.6433,8.399,154,Animation|Comedy,TV Show
36409,Emergency Room 24 Hours,18,1999-01-05,ja,14.6399,7.429,7,Drama,TV Show
243006,NCIS: Origins,"80, 18",2024-10-14,en,14.6372,7.6,66,Crime|Drama,TV Show
226707,Inspector Avinash,"10759, 9648",2023-05-18,hi,14.6364,5.5,4,Action & Adventure|Mystery,TV Show
11843,No Hiding Place,"80, 18",1959-09-16,en,14.6356,4.75,4,Crime|Drama,TV Show
46100,Celebrity,"10766, 18, 35",2003-10-13,pt,14.6343,8.0,22,Soap|Drama|Comedy,TV Show
16281,WWE Superstars,"10759, 18, 10764",2009-04-16,en,14.6287,7.3,33,Action & Adventure|Drama|Reality,TV Show
80550,The Conners,35,2018-10-16,en,14.628,7.032,124,Comedy,TV Show
41280,The Cesaronis,35,2006-09-07,it,14.6278,7.052,58,Comedy,TV Show
88396,The Falcon and the Winter Soldier,"10759, 10765",2021-03-19,en,14.6223,7.596,8894,Action & Adventure|Sci-Fi & Fantasy,TV Show
35872,The Peppercorns,"10759, 10762, 10751, 80",1999-12-27,de,14.6143,6.864,11,Action & Adventure|Kids|Family|Crime,TV Show
215920,Oddity Archive,99,2012-07-05,en,14.6103,8.0,1,Documentary,TV Show
254071,Steal,"18, 80, 9648",2026-01-21,en,14.6076,7.449,148,Drama|Crime|Mystery,TV Show
241462,Arendsvlei,10766,2018-10-01,af,14.6069,3.0,1,Soap,TV Show
65143,Descendants of the Sun,"18, 10759",2016-02-24,ko,14.6048,8.3,812,Drama|Action & Adventure,TV Show
214540,Dead Mount Death Play,"16, 10759, 10765",2023-04-11,ja,14.6024,6.9,61,Animation|Action & Adventure|Sci-Fi & Fantasy,TV Show
7626,The Monkees,"35, 10751",1966-09-12,en,14.6,6.596,52,Comedy|Family,TV Show
322976,Maromba Chef,10764,2026-05-19,pt,14.5995,10.0,1,Reality,TV Show
237748,Brilliant Minds,18,2024-09-23,en,14.5957,7.4,64,Drama,TV Show
325834,Ken,"18, 35",2022-09-23,en,14.5933,0.0,0,Drama|Comedy,TV Show
73549,Odd Squad,"35, 80, 10751, 10765, 9648, 10762",2014-11-26,en,14.592,6.763,38,Comedy|Crime|Family|Sci-Fi & Fantasy|Mystery|Kids,TV Show
16395,MasterChef Australia,10764,2009-04-27,en,14.5918,7.0,82,Reality,TV Show
585,WWF Wrestling Challenge,"18, 10759",1986-09-06,en,14.5888,6.8,4,Drama|Action & Adventure,TV Show
